4242,1,104,18,13,492
11,65,116,109,111,115,112,104,101,114,101,115
6,66,97,115,115,101,115
5,66,101,108,108,115
5,66,114,97,115,115
5,68,114,117,109,115
2,70,88
7,71,117,105,116,97,114,115
4,75,101,121,115
5,76,101,97,100,115
7,77,97,108,108,101,116,115
6,79,114,103,97,110,115
4,80,97,100,115
10,80,101,114,99,117,115,115,105,111,110
6,80,108,117,99,107,115
11,83,111,117,110,100,115,99,97,112,101,115
7,83,116,114,105,110,103,115
6,86,111,105,99,101,115
5,87,105,110,100,115
5,48,46,53,194,176
16,65,108,101,107,115,101,121,32,90,104,101,104,97,110,111,118
11,65,114,116,117,114,32,82,101,109,98,101
15,66,108,97,99,107,32,83,105,100,101,100,32,83,117,110
8,68,101,110,32,82,105,122,101
10,69,118,105,108,68,114,97,103,111,110
13,70,101,100,105,114,32,84,107,97,99,104,111,118
11,74,97,99,107,121,32,76,105,103,111,110
14,74,111,104,110,32,86,97,108,101,110,116,105,110,101
11,79,99,101,97,110,32,83,119,105,102,116
12,80,101,98,98,108,101,115,116,114,101,97,109
11,83,97,105,102,32,83,97,109,101,101,114
14,86,105,110,99,101,110,116,32,90,97,117,104,97,114
0,0,20,65,98,111,97,114,100,32,84,104,101,32,65,114,112,32,84,114,97,105,110,0.276,0.5,0.5,1,0,0.09677419,0.13445655,1,0.27196,0.33333334,0,0,0.5,0.0689397,0.85271883,1,0.48409623,0.6050336,0.563527,1,0.49159646,0.6543228,0,0.059636593,0.63868546,0.4350776,0.9891259,0.0036686063,0.264,1,0.172,1,0.736,0.22,0.17199999,0.05135733,0.083333336,0.083333336,0.36719662,0.21703345,0.532,0.19794594,0.27895278,0.70740265,0.68377334,0.6023063,0.83648485,0.15271199,0.13594699,0.13169873,0.9823021,1,0.23875031,0.704,0.50099576,0.144,0.64700997,0.8751928,0.0081300065,0.07509041,0.5,1,0.5,1,0,1,0.824,0.108,0.936,0.75395495,0.964,0.64,0,0,0.8711631,1,0.5,1,1,0.22736007,0.428,0.49791,0,0.50525,0.22688086,0.612,0.20938998,0.040802516,0.7239779,0.34950998,0.5011415,0,0.0037917271,0.42134997,0.16795002,0.09742583,0.25,0.75,0.25,0.75,0.25,0.75,0.25,0.75
0,12,15,66,111,117,110,99,105,110,103,32,80,104,97,115,101,114,0.16,0.5,0.5,0.48387095,0,0.032258064,0.448,1,0.136,0,0,0,0.5,0,0.316,1,0,0,0,0,0,0.54,0,1,0,0,1,0,0.516,1,0,1,1,0.656,0,0,0.041666668,0.041666668,0,0,0.29999998,0.44399998,0.884,0.288,1,0,1,0,1,1,0.71428573,1,0.672,0.85999995,0,0.5,0.68399996,0,0,0,0.5,1,0,0,0,1,0.628,1,0,0.5,1,0.5,0,0,0,0,0,0,0,0,0,0.048,0,0,0,0,0,0,1,0,0,0,0.368,1,0,0,0.25,0.32142857,0.39285713,0.46428573,0.53571427,0.60714287,0.67857146,0.75
0,0,21,71,97,116,101,100,32,85,110,115,116,97,98,108,101,32,80,108,117,99,107,115,0.2,0.5,0.5,1,0,0.09677419,0.34800002,1,0.652,0,0,0,0.5,0,0.736,1,0,1,0,1,1,0.268,0.0011111111,1,1,0.104,1,0,0.48799998,1,0,1,0.648,1,0,0,0.083333336,0.083333336,0,0,0.032,0.548,0.268,0.52,0.36,0.652,1,0,1,1,0.5714286,1,0.728,0,1,0.5,1,0.71599996,0.46,0,0.5,0,1,1,0,1,0.116,0.71999997,0.24000002,1,0.5,0.652,0,0,0.5,0.5,0.5,0,0,1,0.64,0,1,0.4,0.412,0,0,0,1,0.352,0,0.17199999,0,0.22599998,0.214,0.074,0.25,0.75,0.25,0.75,0.25,0.75,0.25,0.75
0,11,9,83,38,72,32,68,114,111,110,101,0.25,0.244,0.5,0.09677419,0,0.06451613,0.272,1,0.24,1,0,0,0.25,0,0.5,1,1,1,1,0,0.192,0,0,0,0,0,1,0,0.1,0,0.66,1,1,0.824,0,0,0.041666668,0.041666668,0,0,0.3,0.18400002,0.464,0.828,1,0,0,1,1,0,0,0,0.424,0,0,0,0.5,0.5,0,0,0,0,0,0,0,0,0.55200005,0.672,0,0.5,0.5,0,0,0,0,0.5,0,0,0,0,0.692,0.44799998,0.388,0.436,0.648,0.744,0,0.732,0.984,0.56,0,0,0,0,0.11799997,0.326,0,1,0,1,0,1,0,1
0,11,8,86,105,98,114,111,114,101,115,0.1,0.5,0.5,0.48387095,0,0.06451613,0,1,0.382,0,0,0,0.25,0.4,0.5,1,1,0,0,1,0,0,0,0,1,0.844,1,1,0.072,0,1,0.476,1,0.724,0.000000000000000027755576,0,0.041666668,0.041666668,0,0,0.3,0.30400002,0.776,0.5,0.884,0,0,1,0,1,0,0,0.46400002,0.152,0,1,0.5,0.5,0,0,0.5,0,0,0,0,1,0.584,0.56799996,0,0.5,0,0.5,0,0,0,1,0,0,0,0,0.248,0.532,0.152,0.74,0,1,0.264,0,1,0.644,0,0,0,0.126,0.106,0.45,0,1,0,1,0,1,0,1
1,12,12,39,51,50,32,82,101,122,32,66,97,115,115,0.104,0.5,0.5,1,0,1,0.20799999,1,0.5620001,0,0,0,0,0.564,0,1,1,0,1,0,0,0,0,1,0,0,1,0,0,0,1,1,1,0,0.12,0,0.041666668,0.041666668,0,0,0.3,0.296,0.7,0.52,0,0,0,1,0,0,0,0,0.5,0,0,0,0.5,0.5,0,0,0,0,0,0,0,0,0.5,0,0,0,0.5,0.5,0,0,0,0,0,0,0,0,0,0.952,0,0.748,0,0,0,0,1,0.396,0,0,0.926,1,0.91915625,0,0.3,0.70000005,0.312,0.69200003,0.22399998,0.796,0.204,0.8
1,5,20,65,32,77,111,100,101,114,110,32,68,97,121,32,87,97,114,114,105,111,114,0.14999999,0,0.5,0.22580644,0,0.22580644,0.099999994,1,0.51,0,0,0,0.5,0,0.5,1,1,0,1,0,0,0,0,1,0,0,1,0,0,0,1,1,1,0,0,0,0.041666668,0.041666668,0,0,0.29999998,0.23329009,1,0.7,0,0,0,0,0,0,0,0,0.5,0.035159998,0,0,0.5,0.5,0,0,0,0,0,0,0,0,0.5,0,0,0,0.5,0.5,0,0,0,0,0,0,0,0,0.01468,0.80617,0,0.83884,0,0,0,0.82799995,1,0.40644,0,0,0.5,0.75001997,0.5,0.099999994,0,1,0,1,0,1,0,1
1,1,13,65,99,111,117,115,116,105,99,32,66,97,115,115,1,0.26,0.5,0.3548387,0,0.032258064,0,0,0.25,0,0,0,0.25,0,0.60400003,1,0,0,0,0,0,0.356,0.28,0,0,0,0,0,0.74399996,1,0.76,1,1,0.4,0.24,0,0.041666668,0.041666668,0,0,0.3,0.31600004,0.096,0.62399995,0.208,0,0,0,0,0,0.21428572,0,0.5,0,0,0,0.5,0.5,0,0,0,0,0,0,0,0,0.5,0,0,0,0.5,0.5,0,0,0,0,0,0,0,0,0,0.14800002,0,0.676,0,1,0.036,0.74399996,0,0.19600001,0,1,0,0,0,0,0.5,0.5,0.5,0.5,0.5,0.5,0.5,0.5
1,2,18,66,97,99,107,32,84,111,32,84,104,101,32,70,117,116,117,114,101,0.9919921,0.5,0.5,0,0,0.22580644,0.352,0,0,0,0,0,0.5,0.084,0.25,1,1,0,0,1,0,0,0,1,0,0,1,0,0,0,1,1,0.952,0.236,0.216,0,0.041666668,0.041666668,0,0,0.3,0.372,0,0.364,0,0,0,1,0,0,0,0,0.5,0,0,0,0.5,0.5,0,0,0,0,0,0,0,0,0.5,0,0,0,0.5,0.5,0,0,0,0,0,0,0,0,0,0.54,0,0.26,0,0.456,0,0.65599996,0,0.38,0,0.392,0.25,0.25,0.25,0.25,0.5,0.5,0.5,0.5,0.5,0.5,0.5,0.5
1,3,5,66,101,108,111,119,1,0,0.5,0.2285484,1,0.22580644,0,1,0.27,1,0.005,0,0.5,0.028,0.75,1,0,0,0,0,0.268,0.128,0,1,0,0.596,1,0,0.104,0,0.452,1,0.26,1,0.036,0,0.04625,0.04625,0,0,0.3,0.364,0.296,0.052,1,0.292,0,0,1,0,0.005,0,0.832,0.02,0,0,0.5,0.5,0,0,0.5,0,0,0,0,0,0.268,0.08,0,0,0.5,0.752,0,0.5,0,0,0,0,0,0,0.052,0.716,0.516,0,0,0,0.008,0,1,0.072,0,0,0.25,0.25,0.322,0.29,0.5,0.5,0.5,0.5,0.5,0.5,0.5,0.5
1,11,8,66,108,97,115,116,105,110,101,0.66,0.5,0.5,0.16129032,0,0.16129032,0,1,0.594,1,0,0,0.25,0.188,0,1,0,1,0,1,0,0,0.56,0,0,0,1,0,0.952,1,1,1,0.34,0.488,0.1,0,0.041666668,0.041666668,0,0,0.3,0.252,0,0.696,1,0,0,0,1,0,0,0,0.5,0,0,0,0.5,0.5,0,0,0,0,0,0,0,0,0.5,0,0,0,0.5,0.5,0,0,0,0,0,0,0,0,0.012,0.424,0,0.268,0,0.292,0,0.276,0,0.22399999,0,0,0.25,0.25,0.25,0.25,0,1,0.376,0.696,0.488,0.576,0.5,0.5
1,2,16,68,101,102,105,110,105,116,101,108,121,32,66,101,108,111,119,1,0.5,0.5,0.032258064,0,0.032258064,0,1,0.328,0.005,0.005,0,0.25,0,0.5,1,0,1,0,0.005,0,0,0,0.995,0.005,0,0.995,0.005,0,1,1,1,1,0,0,0.005,0.04625,0.04625,0.005,0.005,0.3,0,0,0.392,0,0,0.005,1,0.005,0.005,0.005,0.005,0.5,0,0,0,0.5,0.5,0,0,0,0.005,0.005,0.005,0,0.005,0.5,0,0,0,0.5,0.5,0,0.005,0.005,0,0.005,0,0.005,0,0,0.396,0,0.02,0,0,0,0.54,0,0.064,0,0,0,0,0,0,0.5,0.5,0.5,0.5,0.5,0.5,0.5,0.5
1,9,10,68,105,100,103,101,114,32,83,97,119,0.7,0.5,0.5,0,0,0.22580644,0,0,0.25,1,0,0,0,0,0,1,1,0,0,1,0.9073281,0,0,1,0,0,1,0,0,0,1,1,0,0,0,0,0.041666668,0.041666668,0,0,0.3,0.47673437,0.5675156,0,0,0.1906875,1,1,0,0,0,1,0.67489064,0.7614375,0,0.6072031,0.74917185,1,0.23625,0,0,0.5,0,0,0,1,0.5912344,0.40673438,0,0,0.5,1,0,0,0,0.5,0,0,0,0,0,0,1,0,0,0,0,0,1,0,0,0.5984687,0.25,0.25,0.25,0.25,0.5,0.5,0.5,0.5,0.5,0.5,0.5,0.5
1,11,5,68,105,118,101,114,0.5,0.5,0.852,0.12903225,0,0.12903225,0,1,0.6,0,0,0,0.25,0,0.5,1,0,1,1,0,0,0,0,0,0,0,1,0,0,0,0,0.52,1,0,0.00800001,0,0.041666668,0.041666668,0,0,0.3,0.072,0.468,0.62,1,0,0,0,1,0,0,1,0.228,0,0.004,1,0.5,0.5,0,0,0,0,0,0,0,1,0.5,0,0,0.5,0.5,0.5,0,0,0,0,0,0,0,0,0,0.412,0,0.23600002,0,0.984,0,0.44799998,0.712,0.24399999,0,0.404,0.054,0.132,0,0.46400002,0.032,1,0.236,0.796,0.5,1,0.5,0.5
1,9,11,68,117,98,98,101,114,32,66,97,115,115,0.666,0.5,0.5,0.09677419,0,0.09677419,0,1,0.25,1,0,0,0,0,0,1,1,0,0,1,0,0,0,1,0,0,1,0,0,0,1,0.5994375,0.550125,0,0,0,0.041666668,0.041666668,0,0,0.3,0,0.1384375,0.7183281,0,0,0,0,0,1,0.071428575,1,0.55075,0.89203125,0,0.8518125,0.5,0.76170313,0,0,0,0.5,0,0,0,0,0.5,0,0,0,0.5,0.5,0,0,0,0,0,0,0,0,0,0.52870315,0.27039063,0.01290625,0,0.26889062,0.00553125,0,1,0.010640625,0,0.22010937,0.25,0.25,0.25,0.25,0.5,0.5,0.5,0.5,0.5,0.5,0.5,0.5
1,11,15,69,108,101,99,116,114,105,99,32,66,97,115,115,32,49,1,0.26,0.5,0.16129032,0,0.16129032,0,0,0,0,0,0,0.25,0,0.25,1,0,1,0,1,0.808,0,0.088,0,0,0.132,0,0,0,1,1,1,1,0,0,0,0.041666668,0.041666668,0,0,0.3,0,0,0.64,0.616,0,0,0,1,0,0,0,0.5,0,0,0,0.5,0.5,0,0,0,0,0,0,0,0,0.5,0,0,0,0.5,0.5,0,0,0,0,0,0,0,0,0,0.568,0,0.392,0.476,1,0,0.676,0,0.344,0,0,0.25,0.118,0,0.25,0.5,0.5,0.5,0.5,0.5,0.5,0.5,0.5
1,1,15,69,108,101,99,116,114,105,99,32,66,97,115,115,32,50,0.85,0.26,0.5,0.3548387,0,0.032258064,0,0,0.25,0,0,0,0.25,0,0.452,1,0,0,1,1,0.083999984,0,0,1,0,0,1,0,0.44799995,1,0.53999996,0.8,1,0.98399997,0,0,0.041666668,0.041666668,0,0,0.3,0.32000005,0.012,0.19200002,0.284,0,0,0,1,0,0.21428572,0,0.5,0,0,0,0.5,0.5,0,0,0,0,0,0,0,0,0.5,0,0,0,0.5,0.5,0,0,0,0,0,0,0,0,0,0.508,0,0.676,0,0.684,0,0.74399996,0,0.19600001,0,1,0,0,0,0,0.5,0.5,0.5,0.5,0.5,0.5,0.5,0.5
1,1,21,69,108,101,99,116,114,105,99,32,66,97,115,115,32,51,32,77,117,116,101,100,0.85,0.26,0.5,0.3548387,0,0.032258064,0,0,0.25,0,0,0,0.25,0,0.56799996,1,1,0,1,1,0.17600001,0.228,0,0,0,0.084,1,0,0.37999994,1,0.728,1,0.95600003,1,0,0,0.041666668,0.041666668,0,0,0.3,0.34400004,0,0.24000001,0.284,0,0,0,1,0,0.21428572,0,0.5,0,0,0,0.5,0.5,0,0,0,0,0,0,0,0,0.5,0,0,0,0.5,0.5,0,0,0,0,0,0,0,0,0,0.29200003,0,0.676,0,0.684,0,0.74399996,0,0.19600001,0,1,0,0,0,0,0.5,0.5,0.5,0.5,0.5,0.5,0.5,0.5
1,1,15,69,108,101,99,116,114,105,99,32,66,97,115,115,32,51,0.85,0.26,0.5,0.3548387,0,0.032258064,0,0,0.25,0,0,0,0.25,0,0.548,1,1,0,1,1,0.14400001,0.18,0,0,0,0.06,1,0,0.5199999,1,0.728,0.8,1,1,0,0,0.041666668,0.041666668,0,0,0.3,0.34400004,0,0.22000001,0.284,0,0,0,1,0,0.21428572,0,0.5,0,0,0,0.5,0.5,0,0,0,0,0,0,0,0,0.5,0,0,0,0.5,0.5,0,0,0,0,0,0,0,0,0,0.48000002,0,0.676,0,0.684,0,0.74399996,0,0.19600001,0,1,0,0,0,0,0.5,0.5,0.5,0.5,0.5,0.5,0.5,0.5
1,7,8,69,120,112,97,110,100,101,100,0.5,0.25,0.5,0,0,0.09677419,0.33333,1,0.25,0.005,0.005,0,0.5,0,0.25,1,1,1,0.995,1,0.35086316,0.21052632,0,1,1,0.75,1,1,0.5,1,0.5,1,1,0.63095737,0.25118864,1,0.04625,0.04625,0.005,0.005,0.3,0.18141304,0.25,0.5,0.25,0,0.005,0.005,1,1,1,0.005,0.5,0,0,0,0.5,0.5,0,0.5,0.005,0,0,0,0,1,0.288,0.5,0.168,0,0.5,0.5,0,0,0.5,0.5,1,0.5,0,0.005,0.40738797,0.46393403,0.33333,0.46393403,0.5,0.75,0,0.624,0.75,0.5041868,0.5,0.5,0.25,0.25,0.25,0.25,0.5,0.448,0.552,0.5,0.5,0.424,0.576,0.5
1,9,9,70,97,120,105,32,83,108,97,112,0.75,0.5,0.5,0,0,0.032258064,0.16635938,0,0.5186875,1,0,0,0,0.51435935,0.5,1,1,1,0,1,0.20076562,0,0,0,0,0,1,0,0,0,1,1,0,0,0,0,0.041666668,0.041666668,0,0,0.3,0.14553125,0,0.80790627,0.08184375,0.12773438,0,1,1,0,0,1,0.21907812,0,0.32292187,0,0.5,0.5,0,0,0,0,0,0.5,0,1,0.13207813,0.68582815,0,0,0.5,0.5,0,0,0,0.5,0,0,0,0,0,0.49971876,0,0,0.43476564,0.75742185,0.002765625,0.4743594,0,0,0.61521876,0.62832814,0.25,0.6216094,0.0959375,0,0.5,0.5,0.5,0.5,0.5,0.5,0.5,0.5
1,1,13,70,114,101,116,108,101,115,115,32,66,97,115,115,1,0.26,0.5,0.3548387,0,0.032258064,0,0,0.25,0,0,0,0.25,0,0.676,1,0,0,0,0,0,0,0.104,0,0,0,0,0,0.88799995,1,0.27999997,1,1,0.49199998,0,0,0.041666668,0.041666668,0,0,0.3,0.31600004,0.120000005,0.19199997,0.208,0,0,0,0,0,0.21428572,0,0.5,0,0,0,0.5,0.5,0,0,0,0,0,0,0,0,0.5,0,0,0,0.5,0.5,0,0,0,0,0,0,0,0,0,0.08000002,0,0.676,0,1,0.036,0.74399996,0,0.19600001,0,1,0,0,0,0,0.5,0.5,0.5,0.5,0.5,0.5,0.5,0.5
1,12,6,72,105,116,32,73,116,0.14799999,0.5,0.5,0.22580644,0,0.22580644,0,1,0.628,0,0,0,0,0.624,1,1,1,1,0,1,0.76799995,0,1,1,0,0.564,1,1,1,1,1,0.48000002,1,0,0,0,0.0417,0.0417,0,0,0.29999998,0.676,0.26463002,0.064,0.652,0.108,1,0,0,0,0,0,0,0,0,0,0.5,0.5,0,0,0,0,0,0,0,0,0.5,0,0,0,0.5,0.5,0,0,0,0,0,0,0,0,0,0.33916,0,1,0,0,0,0,1,0.51559,0,0,0,0.59863,1,0.27199998,0.17969,0.85547,0.109375,0.820315,0.214845,0.85547,0.14453,0.85547
1,11,7,73,103,110,105,116,111,114,0.35,0.256,0.5,0.22580644,0,0.22580644,0,1,0.358,0,0,0,0.25,0,0.5,1,0,1,1,0,0,0,0,1,0,0,1,0,0.0000000017285346,0,1,0.612,1,0.088,0,0,0.041666668,0.041666668,0,0,0.3,0,0.004,0.868,1,0,0,0,1,0,0,0,0.5,0,0,0,0.5,0.5,0,0,0,0,0,0,0,0,0.5,0,0,0,0.5,0.5,0,0,0,0,0,0,0,0,0,0.272,0.176,0.44,0.832,1,0,0,1,0.424,0,0,0.25,0,0.076,1,0.188,0.804,0.312,0.708,0,0.392,0.624,1
1,11,10,77,101,108,116,111,109,101,100,105,97,0.25,0.5,0.5,0.22580644,0,0.22580644,0,1,0.27,0,0,0,0.25,0,0.296,1,1,1,1,0,0.17599997,0,0,1,0,0,1,0,1,1,0,0.744,1,1,0.284,0,0.041666668,0.041666668,0,0,0.3,0,0.028,0.83599997,1,0,0,0,1,0,0,0,0.2,0.748,0,1,0.5,0.5,0,0,1,0,0,0,0,0,0.288,0.772,0,1,0.5,0.5,0,0,0.5,0,0,0,0,0,0,0.556,0,0.628,0,1,0,0.336,0.2,0.376,0,0.404,0.25,0,0.206,0.04000001,0,1,0.216,0.776,0.4,0.6020336,0.5,0.5
1,11,7,77,117,102,102,108,101,114,0.684,0.26,0.5,0.16129032,0,0.16129032,0,1,0.438,0,0,0,0.25,0,0.5,1,0,1,1,0,0,0,0.056,0,0,0.132,1,0,0,1,1,1,1,0,0,0,0.041666668,0.041666668,0,0,0.3,0,0,0.724,0,0,0,0,1,0,0,0,0.5,0,0,0,0.5,0.5,0,0,0,0,0,0,0,0,0.5,0,0,0,0.5,0.5,0,0,0,0,0,0,0,0,0,0.568,0,0.392,0,1,0,0.464,0,0.344,0,0,0.25,0.07,0.45,0.25,0.359375,0.67578125,0.32421875,0.67578125,0.39453125,0.60546875,0.5,0.5
1,3,5,78,97,100,105,114,0.5,0.252,0.5,0.2285484,1,0.22580644,0,0,0.27,1,0.005,0,0.5,0.028,0.244,1,1,1,0,1,0.268,0.128,0,1,0,0.596,1,0,0.104,0,0.452,1,1,1,0.036,0,0.04625,0.04625,0,0,0.3,0.588,0.296,1,0.484,0.292,0,0,1,0,0.005,0,0.832,0.02,0,0,0.5,0.5,0,0,0.5,0,0,0,0,0,0.268,0.08,0,0,0.5,0.752,0,0.5,0,0,0,0,0,1,0.488,0.47999996,0,0.688,0,0,0.031999998,0.632,0,0.328,0,0,0.25,0.25,0.322,0.29,0.5,0.5,0.5,0.5,0.5,0.5,0.5,0.5
1,9,12,78,105,110,106,97,32,84,117,114,116,108,101,0.35,0.5,0.5,0.16129032,0,0.06451613,0,1,0.25,0,0,0,0.25,0,0,1,0,1,0,1,0,0.49026564,0,1,0,0,1,0,0.04759375,0,1,0.7336875,0.77134377,0,0,0,0.041666668,0.041666668,0,0,0.3,0.13596874,0,1,0,0,0,0,0,0,0,1,0.21990626,0,0.1658125,1,0.5,0.6944531,0,0,0,0,0.5,0,0,1,0.35871875,0.07529687,0,0.495875,0.5,0.96878123,0,0,0,0.5,0,0,0,0,0,0.69895315,0,0.48046875,0,0,0,0,1,0.47046876,0,0.34209374,0.25,0.25,0.25,0.25,0.375,0.625,0.375,0.625,0.375,0.625,0.375,0.625
1,7,10,78,111,116,99,104,115,101,110,115,101,0.75,0.25,0.5,0,0,0.12903225,0,1,0.25,0.005,0.005,0,0.25,0,0.5,1,1,1,0.995,1,0.352,0,0,1,0,0.75,0.995,0,0.25,1,1,1,1,1,0.39810717,0.5,0.04625,0.04625,0.005,0.005,0.3,0.29344246,0.5,0.33333,0.33333,0,0.005,0.005,1,1,0.9285714,0.005,0.5,0,0,0,0.5,0.5,0,0.5,0,0,0,0,0,1,0.23599999,0,0.168,0,0.5,0.5,0,0,0,0,0.5,1,0,1,0.428,0.46393403,0.5,0.40738797,0.33333,0.5,0,0.624,0.75,0.40643537,0.5,0.5,0.25,0.25,0.25,0.25,0.5,0.448,0.552,0.5,0.5,0.424,0.576,0.5
1,11,10,79,66,88,32,66,97,115,115,32,49,0.5,0.248,0.5,0.22580644,0,0.22580644,0,1,0.538,1,0,0,0.5,0,0.5,1,0,1,0,1,0.116,0,0.036,0,0,0,1,0,0,1,0,0,1,0,0,0,0.041666668,0.041666668,0,0,0.3,0.2,0.024,0.432,0.964,0,0,0,1,0,0,0,0.5,0,0,0,0.5,0.5,0,0,0,0,0,0,0,0,0.5,0,0,0,0.5,0.5,0,0,0,0,0,0,0,0,0,0.372,0.064,0.364,0,0.24,0,0.4,0,0.32,0.332,0,0.25,0.23,0.18200001,0.25,0.359375,0.640625,0.359375,0.7216875,0.359375,0.67578125,0.359375,0.640625
1,11,10,79,66,88,32,66,97,115,115,32,50,0.65,0.248,0.5,0.12903225,0,0.12903225,0,1,0.534,0,0.5,0,0.25,0,0.5,1,0,1,1,0,0,0,0,0,0,0.104,1,0,0,0,0,1,0.744,0,0.04,0,0.041666668,0.041666668,0,0,0.3,0.156,0.11200001,0.428,1,0,0,0,1,0,0,0,0.5,0,0,0,0.5,0.5,0,0,0,0,0,0,0,0,0.5,0,0,0,0.5,0.5,0,0,0,0,0,0,0,0,0,0.448,0,0.364,0,1,0,0.4,0,0.32,0.332,0,0.25,0.76600003,0.48200002,0.142,0,1,0.179375,0.8056875,0.5,0.5,0.5,0.5
1,7,10,79,117,116,101,114,32,66,97,115,115,0.55,0.25,0.5,0,0,0.12903225,0.33333,1,0.25,0.005,0.005,0,0.25,0.01901181,0.5,1,0,1,1,1,0.35086316,0.5263158,0,0.995,1,0.5,0.995,0.005,0.2,1,1,1,1,0.63095737,0.15848932,0.5,0.04625,0.04625,1,0.005,0.2,0.39344248,0.25,0.25,0.5,0.196,0.005,0.005,1,1,1,1,0.308,0.1,0.25,0,0.5,0.5,0,0,0.005,0.5,0,1,0,1,0.168,0.33333,0.25,0,0.5,0.5,0,0.005,0,0.5,0.5,1,1,1,0.40738797,0.616,0.75,0.548,0.25,0.33333,0,0.5044626,0.75,0.4519586,0.5,0.5,0.25,0.25,0.25,0.25,0.5,0.55,0.45,0.5,0.5,0.4,0.6,0.5
1,1,11,80,105,99,107,101,100,32,66,97,115,115,0.75,0.26,0.5,0.3548387,0,0.032258064,0,0,0.25,0,0,0,0.25,0,0.644,1,0,0,1,1,0.5,0,0,0,0,0.06,1,0,0.37199998,1,0.652,0.856,1,0.812,0,0,0.041666668,0.041666668,0,0,0.3,0.42000008,0,0.236,0.284,0,0,0,1,0,0.21428572,0,0.5,0,0,0,0.5,0.5,0,0,0,0,0,0,0,0,0.5,0,0,0,0.5,0.5,0,0,0,0,0,0,0,0,0,0.288,0,0.676,0,0.684,0,0.74399996,0,0.19600001,0,1,0,0,0,0,0.5,0.5,0.5,0.5,0.5,0.5,0.5,0.5
1,7,13,80,111,115,115,105,98,108,101,32,70,117,110,107,0.962,0.25,0.5,0,0,0.12903225,0.5,1,0.33333,0.005,0.005,0,0.5,0.029026117,0.25,1,0.995,0.005,0,1,0,0,0,0.995,0.005,0.1,0.995,0.005,0.58,1,0,1,1,0.312,0,0,0.04625,0.04625,0.005,0.005,0.3,0.3197459,0.1,0.336,0.75,0,0.005,0.005,1,1,1,0.005,0.5,0,0,0,0.5,0.5,0,0,0.005,0,0.005,0,0.005,0.005,0.5,0,0,0,0.5,0.5,0,0.005,0,0,0,0,0,0.005,0.40738797,0.348,0.336,0.364,0.5,0.25,0,0.552,0.5,0.228,1,0.25,0.25,0.25,0.25,0.25,0.5,0.5,0.5,0.5,0.5,0.5,0.5,0.5
1,11,7,82,97,112,105,100,101,114,1,0.5,0.5,0.032258064,0,0.032258064,0,1,0.514,1,0,0,0.25,0,0.5,1,0,1,1,0,0,0,0,1,0,0,1,0,0,0,0,0.452,1,0,0.00800001,0,0.041666668,0.041666668,0,0,0.3,0.26,0,0.608,1,0,0,0,1,1,0,0,0.5,0,0,0.5,0.5,0.5,0,0,0,0,0,0,0,0,0.5,0,0,0.5,0.5,0.5,0,0,0,0,0,0,0,0,0,0.23200001,0.208,0.628,0,1,0,0.408,0,0.06799999,0,0.404,0.194,0.076,0.26,0.04000001,0.032,1,0,1,0,1,0.5,0.5
1,11,10,82,101,116,114,111,119,97,118,101,114,0.5,0.248,0.5,0.16129032,0,0.16129032,0,1,0.31,0,0,0,0.25,0,0.49932185,1,0,1,1,0,0,0,0,1,0,0,1,0,0,0,1,0.756,1,0,0,0,0.041666668,0.041666668,0,0,0.3,0,0.016,0.868,1,0,0,0,1,1,0,0,0.204,0.024,0,1,0.5,0.5,0,1,0.5,0,0,0,0,0,0.5,0,0,0,0.5,0.5,0,0,0,0,0,0,0,0,0,0.556,0,0.732,0,1,0,0.396,0,0.396,0,0.404,0.25,0,0.242,0.432,0.128,0.872,0.15234894,0.852,0.4,0.6020336,0.5,0.5
1,8,12,82,111,108,108,105,110,103,32,66,97,115,115,0.8652344,0.248,0.5,0.09677419,0,0.032258064,0,1,0.089999996,0,0,0,0.5,0,0.75,1,1,0,1,0,0,0,0,0,0,0,1,0,0,0,0.5,1,0.728,0,0.144,0,0.041666668,0.041666668,0,0,0.29999998,0.352,0,0.464,0.364,0,0,1,1,1,0,0,0.132,0.304,0,0,0.5,0.5,0,0,0,0.5,0,0,0,0,0.5,0,0,0,0.5,0.5,0,0,0,0,0,0,0,0,0.0088599995,0.32456,0,0.2857,0.212,0.21599999,0,0.668,0,0.33043998,1,0,0.114,0.22999999,0.45,0.412,0.43199998,0.54399997,0.548,0.588,0.45999998,0.59599996,0.44399998,0.612
1,10,12,82,117,110,110,105,110,103,32,66,97,115,115,0.75,0.5,0.5,0.2285484,0,0.032258064,0,1,0.25,0.005,0.005,0,0.5,0,0.25,1,1,0,0,1,0.1945625,0,0,0.995,0.005,0,0.995,0.005,0.199875,0,0.44553125,1,0.8777813,0.87301564,0.17314063,0,0.020833334,0.04625,0.005,1,0,0.42934376,0.10275,0.25210938,0,0,0,1,0,0,0.64285713,1,0.85310936,0.8073125,1,0.5,1,0.5,0,0,0,0.5,0.005,0.005,1,1,0.20457813,0.15339063,0.32871875,0,0.5,0.5,0,0.5,0,0.005,0,1,0,0.005,0,0.7409844,0,0,0,1,0,0,1,0,0,0,0.25,0.25,0.25,0.25,0.5,0.5,0.5,0.5,0.5,0.5,0.5,0.5
1,12,7,83,97,119,100,117,115,116,0.088,0.5,0.5,0.22580644,0,0.22580644,0,1,0.32999998,1,0,0,0.25,0.412,0.5,1,1,1,1,1,0,0.236,0,1,0,0.856,1,0,0,1,1,1,1,1,1,0,0.0417,0.0417,0,0,0.3,0,0.74,0.7665313,0.816,0.512,0,0,1,0,0,0,0.5,0,0,0,0.5,0.5,0,0,0,0,0,0,0,0,0.5,0,0,0,0.5,0.5,0,0,0,0,0,0,0,0,0,0.816,0,0,0,0,0,0,1,0,0,0,0.42578125,0.446,0.25,0.25,0.25,0.75,0.25,0.75,0.25,0.75,0.25,0.75
1,1,9,83,108,97,112,32,66,97,115,115,0.7,0.26,0.5,0.3548387,0,0.032258064,0,0,0.25,0,0,0,0.25,0,0.644,1,0,0,1,1,0.52,0,0,0,0,0.06,1,0,0.37199998,1,0.652,0.856,1,0.812,0,0,0.041666668,0.041666668,0,0,0.3,0.58800006,0.008,0.16800001,0.284,0,0,0,1,0,0.21428572,0,0.5,0,0,0,0.5,0.5,0,0,0,0,0,0,0,0,0.5,0,0,0,0.5,0.5,0,0,0,0,0,0,0,0,0,0.336,0,0.676,0,1,0,0.61999995,0,0.19600001,0,1,0,0,0,0,0.5,0.5,0.5,0.5,0.5,0.5,0.5,0.5
1,11,8,83,108,105,109,32,74,105,109,0.75,0.5,0.5,0.16129032,0,0.032258064,0,1,0.374,0,0,0,0.25,0,0.5,1,0,1,1,0,0,0,0,1,0,0,1,0,0,0,0,0.456,1,0,0.00800001,0,0.041666668,0.041666668,0,0,0.3,0.256,0.028,0.672,1,0,0,0,1,0,0,0,0.5,0,0.004,0.5,0.5,0.5,0,0,0,0,0,0,0,0,0.5,0,0,0.5,0.5,0.5,0,0,0,0,0,0,0,0,0,0.504,0,0.628,0,1,0,0.44799998,0,0.376,0,0.404,0.25,0.092,0,0.04000001,0.032,1,0,1,0,1,0.5,0.5
1,10,12,83,116,101,97,108,116,104,32,66,97,115,115,0.75,0.5,0.5,0.032258064,0.005,0.032258064,0,1,0.32084376,0.005,0.005,0,0,0.036609374,0.5,1,0,1,0,0,0.6002344,0,0,1,0.005,0,1,0.005,0.85710937,0.005,1,0.64040625,0,0.8419531,0.74490625,0.005,0.04625,0.04625,0.005,0.005,0,0.2591875,0.16645312,0,0,0,0,1,0.005,0.005,0.005,1,0.5,0.8694062,0,0.29464063,0.5,0,0,0,0,0.5,0.005,0.005,0,1,0.5381875,0.86884373,0,0.5,1,0.5,0,0,0.005,0.5,0,0,0.005,0.005,0,0.7198125,0,0,0,0,0,0,0.9444063,0,0,0,0.25,0.25,0.25,0.25,0.65,0.35,0.65,0.35,0.65,0.35,0.65,0.35
1,10,12,84,104,105,99,107,32,85,110,105,115,111,110,0.25,0.5,0.5,0.22580644,0,0.22580644,0.5120781,1,0.31459436,0,0,0,0.5,0.13960938,0.75,1,0,1,1,0,0.22960937,0.18998438,0,1,0,0.12114062,1,0,0.10110938,0,1,1,0.9075,1,0.086765625,0,0.041666668,0.041666668,0,0,0.29999998,0.2265625,0.1496063,0.38895312,0,0,0,1,0,0,0.78571427,1,0.5,0.06634375,0,0,0.5,1,0,0,0,0.5,0,0,0,0,1,0.41453126,0.017828126,0.07121875,0.5,1,0,0,0.5,0,0,0,0,0,0.36485937,0.56626683,0.21317187,0.09903125,0,0.5961375,0.13353124,0,1,0.3218594,0,0.09204687,0.25,0.25,0.25,0.25,0.5,0.5,0.5,0.5,0.5,0.5,0.5,0.5
1,9,8,85,110,105,32,70,114,111,103,0.7,0.5,0.5,0.09677419,0,0.032258064,0.16635938,1,0.5186875,1,0,0,0,0.51435935,0.5,1,1,1,0,1,0.20076562,0,0,0,0,0,1,0,0,0,1,1,0,0,0,0,0.041666668,0.041666668,0,0,0.3,0.082687505,0.13465625,0.80790627,0.08184375,0,0,1,1,0,0,1,0.21907812,0,0.32292187,0,0.5,0.5,0,0,0,0,0,0.5,0,1,0.13207813,0.68582815,0,0,0.5,0.5,0,0,0,0.5,0,0,0,0,0.305625,0.4331875,0,0,0.43476564,0.75742185,0.07857812,0.45307815,0.0064375,0,0.61521876,0.62832814,0.25,0.6216094,0.0959375,0,0.5,0.5,0.5,0.5,0.5,0.5,0.5,0.5
1,11,13,86,101,98,101,114,108,121,32,72,105,108,108,115,0.5,0.25,0.5,0.22580644,0,0.22580644,0,1,0.538,0,0.5,0,0.5,0,0.5,1,0,1,0,1,0.116,0,0.036,0,0,0,1,0,0,1,0,0,1,0,0,0,0.041666668,0.041666668,0,0,0.3,0.2,0.024,0.432,0.964,0,0,0,1,0,0,0,0.5,0,0,0,0.5,0.5,0,0,0,0,0,0,0,0,0.5,0,0,0,0.5,0.5,0,0,0,0,0,0,0,0,0,0.372,0.064,0.364,0,0.24,0,0.4,0,0.32,0.332,0,0.25,0.23,0.18200001,0.25,0.359375,0.640625,0.359375,0.7216875,0.359375,0.67578125,0.359375,0.640625
1,11,5,86,101,108,117,120,0.75,0.5,0.5,0.032258064,1,0.032258064,0,1,0.308,0,0,0,0.25,0,0.5,1,1,1,1,0,0,0,0,0,0,0,0,0,0,1,1,0.236,1,1,0.056,0.5,0.041666668,0.041666668,0,0,0.3,0,0,0.752,1,0,1,1,0,0,0,0,0.5,0,0,0,0.5,0.5,0,0,0,0,0,0,0,0,0,0,0,0,0.5,0.5,0,0,0,0,0,0,0,0,0,0.204,0.45200002,0.284,0,1,0,0,1,0.328,0,0,0,0,0,0,1,0,0.5,0.5,0.5,0.5,0.5,0.5
1,12,13,87,97,116,101,114,121,32,70,105,108,116,101,114,0.063999996,0.5,0.5,0.48387095,0,0.48387095,0,1,0.628,0,0,0,0,1,1,1,1,1,1,1,0,0,0.000000000000000024286129,1,0,1,1,1,1,1,0,1,1,0,0,0,0.0417,0.0417,0,0,0.29999998,0.28399998,0.688,0.81200004,0.816,0.136,1,1,0,1,0.071428575,0,0,0,0,0,0.5,0.5,0,0,0,0,0,0,0,0,0.5,0,0,0,0.5,0.5,0,0,0,0,0,0,0,0,0,0.69916004,0,1,0,0,0,0,1,0.51559,0,0,0,1,1,0,0.17969,0.86347,0.109375,0.852315,0.214845,0.91147,0.14453,0.88747
1,10,9,87,104,111,97,32,66,97,99,101,0.25,0.5,0.5,0.12903225,0,0.12903225,0,1,0.5252031,0,0,0,0.5,0.50584376,0.25,1,1,0,1,1,0.42442188,0.08607812,0,1,0,0.33860937,0,0,0.2275625,0,0.7591406,0,0.546125,1,0.07773437,0,0.041666668,0.041666668,0,0,0.29999998,0.22662503,0.64084375,0.13559376,0,0,0,0,1,1,0.71428573,0,0.3248906,0.6329844,0.60945314,0,0.5,0.5676719,0,0,0,0.5,0.5,0,0,1,0.53725,0.093765624,1,0.49589062,1,0.42075002,0.3375,0,0,0.5,0,0,1,0,0.22925,0.63865626,0.5170938,0,0.25217187,0.32079688,0,0,1,0,0.38428125,0.15220313,0.25,0.2824375,0.2988594,0.21129687,0.5,0.5,0.5,0.5,0.5,0.5,0.5,0.5
1,11,10,88,109,111,100,32,83,116,97,99,107,0.608,0.252,0.5,0.19354838,0,0.19354838,0,1,0.16600002,1,0,0,0.25,0,0.61097944,1,0,1,1,0,0,0,0,1,0,0,1,0,0.332,0,0,0.74,1,0,0.00800001,0,0.041666668,0.041666668,0,0,0.3,0,0.032,0.876,0.896,0,0,0,1,1,0,0,0.2,0,0.328,1,0.5,0.5,0,0,0,0,0.5,0,0,0,0.26,0.032,0,1,0.5,0.5,0,0,0.5,0,0,0,0,0,0,0.51600003,0,0.628,0,1,0,0.42,0,0.376,0,0,0.25,0.092,0,0.04000001,0.032,1,0,1,0,1,0.5,0.5
1,11,6,88,109,111,100,101,99,1,0.24,0.5,0.032258064,0,0.032258064,0,1,0.25800002,1,0,0,0.25,0,0.6141861,1,0,1,1,0,0,0,0,1,0,0,1,0,0.324,0,0,0.456,1,0,0.00800001,0,0.041666668,0.041666668,0,0,0.3,0.256,0.028,0.672,1,0,0,0,1,0,0,0,0.2,0,0.328,1,0.5,0.5,0,0,0,0,0.5,0,0,0,0.31599998,0,0,1,0.5,0.5,0,0,0,0,0,0,0,0,0,0.504,0,0.628,0,1,0,0.44799998,0,0.376,0,0.404,0.25,0.092,0,0.04000001,0.032,1,0,1,0,1,0.5,0.5
2,11,5,66,101,108,108,115,0.35,0.248,0.5,0.22580644,0,0.22580644,0,0,0.25,0,0.5,0,0,0.584,0.56084377,1,0,1,0,1,0,0,0,1,0,0,1,0,0,0,0,1,0.48,0,0,0,0.041666668,0.041666668,0,0,0.3,0.692,0.408,0,1,0,0,0,0,0,0,0,0,1,0,0.5,0,0.5,0,0,0,0,0,0,0,0,0,1,0,0.5,0,0.5,0,0.5,0.5,0,0,0,0,0,0,0,1,0,0,0,0,0.532,0,0.48,0,0.628,0.25,0.102,0.142,0.25,0.344,0.708,0.2890625,0.74609375,0.359375,0.7109375,0.2890625,0.7109375
2,12,16,67,108,105,99,107,121,32,78,111,115,116,97,108,103,105,97,0.3,0.5,0.5,0.48387095,0,0.22580644,0,0,0.184,0,0,0,0.5,0,0.5,1,0,0,0,0,0.21599999,0,0,0,0,0,1,0,0.02,0,1,1,1,0,0,0,0.041666668,0.041666668,0,0,0.28,0.3409746,0.94,0.98399997,1,0.892,1,1,0,0,0,0,0.37199998,0.107999995,0,0,0.5,1,0,0,0,0.5,0,0,0,0,0.5,0,0,0,0.5,0.5,0,0,0,0,0,0,0,0,0,0.003999999,0,0,0.784,0,0,0,1,0.79431,0,0,0,0.007999999,0.88,0,0.5,0.5,0.5,0.5,0.5,0.5,0.5,0.5
2,9,12,73,110,104,97,114,109,32,66,101,108,108,97,0.65,0.5,0.5,1,0,0.032258064,0,1,0.52407813,0,0,0,0.5,0,0.5,1,0,0,0,0,0,0,0.6667247,1,0,0,1,0,1,0,1,1,1,1,0,0.5,0.041666668,0.041666668,0,0,0.3,0.8522969,0.6699687,0,0,0,0,1,0,0,0,1,0.37489063,0.23559375,0,0,0.5,0.90529686,0,0,0,0.5,0,0,0,0,0.5,0,0,0,0.5,0.5,0,0,0,0,0,0,0,0,0,0.058734376,0,0,0,0.13139063,0.006078125,0.37967187,0,0.53414065,0.06551562,0.27545312,0.25,0.25,0.25,0.25,0.375,0.4107143,0.44642857,0.48214287,0.51785713,0.55357146,0.58928573,0.625
2,0,16,83,116,97,98,98,101,100,32,72,97,110,100,32,80,97,110,0.6,0.5,0.5,1,0,0.032258064,0.012396388,1,0.4,1,0,0,0.49687502,0,0.6460417,1,0.23996931,0.6369893,0.2152422,0.98717684,0.020274978,0.32863998,0.004166667,0.26358628,0.12490851,0.8648857,0,0.5656735,0.04313089,0,1,1,0.636,0.304,0,0.5,0.041666668,0.041666668,0,0.3079002,0.34552383,0.7326798,0.081779435,0.07241037,0.272,0.0383011,0.85251546,0.6468013,0.3781653,0.12020534,0.47407317,1,0.7928039,0.332,0.504,0.868,0.4708121,0.73784125,0.05329597,0,0,0.5,0.70552474,1,0.3332876,1,0.66593,0,0.088,0,0.6024586,0.6543196,0.12764665,0.5379944,0.88624674,0.52428323,0,0,0.5,0.4785155,0.48081917,0.28402343,0.83815444,0.14899808,0.10136,0.404,0.0034767613,0.46501997,0.067999996,0.6239007,0.110091984,0.6495515,0.12555484,0.23360658,0.17703304,0.15834382,0.375,0.625,0.375,0.625,0.375,0.625,0.375,0.625
3,11,8,65,99,99,101,110,116,101,100,0.17199999,0.5,0.5,0.3548387,0,0.032258064,0,1,0.176,0,0,0,0.25,0.344,0.252,1,1,0,1,1,0,0,0.316,0,0,0,0,0,0.652,1,1,1,1,0,0.032,0,0.041666668,0.041666668,0,0,0.3,0.032,0.004,0.74399996,1,0,0,0,1,0,0,0,0.44,0.051999997,0,1,0.5,0.5,0,1,0,0,0,0,0,0,0.38000003,0.856,0.796,1,0.5,0.5,0.812,0,0,1,0,0.5,0,0,0.132,0.23199998,0.552,0.416,0,1,0,0.536,0.732,0.264,0.448,0.568,0.126,0,0.454,0.252,0,1,0,1,0,1,0,1
3,0,20,66,114,97,115,115,32,83,101,99,116,105,111,110,32,67,104,111,114,100,115,0.4,0.5,0.5,1,0,0.06451613,0.27274826,1,0.188,0.91792864,0.20937788,0,0.5,0.009692872,0.488,1,0.3819182,0.25871778,0.85082,1,0,0,0,0,0.09353918,0.9336269,0.7622722,0.31756878,0.9047951,0.8335127,0.027347028,1,1,1,0.72,1,0.020833334,0.020833334,0,0,0.3,0.402366,0.2300314,0.02682864,0.57382005,0.90168,1,0.18137741,0.3510642,0.058326423,0.71171623,0,0.23652996,0.204,0.28326994,1,0.5,0.67705995,0,0.16631407,0.9708427,0.6707908,0.5403114,0.6977325,0.5,0,0.5567978,0.068959996,0.14,0.68203497,0.5,0.8615123,0.322748,0.69318813,0.28667897,0.58038706,0.06026852,0.49186772,0,0.7790343,0.14,0.16532841,0.85577875,0.38882664,0.31663,0.7249498,0.14544411,0.29832715,0.128,0.3394,0.19039491,0.5429891,0.09398107,0.13453999,0.16907,0.021109318,0.33835846,0.7304357,0.16340016,0.65249944,0.16197914,0.67677194,0.3462096,0.7415702
3,12,11,66,114,97,115,115,32,83,116,97,98,115,0.396,0.5,0.5,0.48387095,0,0.032258064,0.23137501,1,0.18640625,0,0,0,0.5,0.4894687,0.74925,1,1,0,1,0,0,0,0.07746875,0,0,0,1,0,0.076,0,0,1,1,1,0.16884375,0.5,0.0417,0.0417,0,0,0.3,0.8423125,0,0,0,0,0,0,0,0,0,0,0.332,0.024000036,0,0,0.5,0.5,0,0,0.5,0,0,0,0,0,0.5,0,0,0,0.5,0.5,0,0,0,0,0,0,0,0,0,0.21684374,0,0,0,0,0,0,1,0.42,0,0,0.732,0.704,0.65199995,0.788,0.25,0.75,0.25,0.75,0.25,0.75,0.25,0.75
3,11,17,66,114,105,103,104,116,32,77,111,110,111,32,66,114,97,115,115,0.58,0.24927554,0.5,0.032258064,0,0.032258064,0.224,1,0.068,1,0,0,0.5,0.356,0.928,1,0,1,1,0,0.212,0,0.672,0,1,0.508,1,0,0.036,1,1,0.696,1,0,0,0,0.041666668,0.041666668,0,0,0.3,0.08,0,0.664,1,0,0,0,1,0,0,0,0.488,0.112,0,1,0.5,0.5,0,0.5,0,0,0,0,0,0,0.484,0.496,0.356,1,0.5,0.5,0,0,1,0,1,0,0,0,0.14799999,0.46,0.144,0.4,0,0.676,0,0.564,0.696,0.396,0,0,0.222,0.07399999,0.31,0.25,0,1,0.3303125,0.647375,0.2583125,0.72484374,0.35115626,0.684
3,1,15,66,114,105,103,104,116,32,84,114,111,109,98,111,110,101,1,0.5,0.5,0.22580644,0,0.22580644,0,0,0.25,0,0,0,0.5,0,0.39999998,1,1,0,1,0,0,0.14799999,0.116000004,0,0,0,1,0,0.77199996,1,1,0.032,1,0.86,0,0,0.041666668,0.041666668,0,0,0.3,0.784,0,0.036000002,0.28,0,0,0,1,1,0.071428575,0,0.5,0,0,0,0.5,0.5,0,0,0,0,0,0,0,0,0.5,0,0,0,0.5,0.5,0,0,0,0,0,0,0,0,0.044,0.172,0,0.444,0,1,0.035999995,0.324,0.83199996,0.088,0.4,1,0.25,0.142,0.25,0.25,0.5,0.5,0.5,0.5,0.5,0.5,0.5,0.5
3,1,18,69,117,112,104,111,110,105,117,109,32,69,110,115,101,109,98,108,101,0.55,0.5,0.5,0.22580644,0,0.032258064,0,1,0.42599997,0,0,0,0.5,0,0.448,1,1,0,1,0,0,0.17199999,0.116000004,0,0,0,1,0,0.752,1,1,0.996,0.648,0.42,0,0,0.041666668,0.041666668,0,0,0.23200001,0.6,0.032,0.012000003,0.32,0,0,0,1,1,0,0,0.5,0,0,0,0.5,0.5,0,0,0,0,0,0,0,0,0.5,0,0,0,0.5,0.5,0,0,0,0,0,0,0,0,0.032,0.10800001,0,0.444,0,1,0.12,0.324,0.83199996,0.148,0.352,1,0.25,0.278,0.25,0.25,0.22,0.884,0.276,0.84,0.26,0.836,0.264,0.832
3,1,9,69,117,112,104,111,110,105,117,109,0.9,0.5,0.5,0.22580644,0,0.22580644,0,0,0.25,0,0,0,0.5,0,0.448,1,1,0,1,0,0,0.17199999,0.116000004,0,0,0,1,0,0.752,1,1,0.996,0.648,0.42,0,0,0.041666668,0.041666668,0,0,0.23200001,0.6,0.032,0.012000003,0.268,0,0,0,1,1,0,0,0.5,0,0,0,0.5,0.5,0,0,0,0,0,0,0,0,0.5,0,0,0,0.5,0.5,0,0,0,0,0,0,0,0,0.032,0.10800001,0,0.444,0,1,0.12,0.324,0.83199996,0.088,0.352,1,0.25,0.142,0.25,0.25,0.5,0.5,0.5,0.5,0.5,0.5,0.5,0.5
3,1,20,70,114,101,110,99,104,32,72,111,114,110,32,69,110,115,101,109,98,108,101,0.5,0.5,0.5,1,0,0.16129032,0,1,0.49400005,0,0,0,0.5,0,0.724,1,1,0,0,0,0,0,0.532,0,0,0,0,0,0.58,1,1,0.784,0.63199997,0,0,0,0.041666668,0.041666668,0,0,0.23200001,0.4,0.05999996,0.104,0.5960001,0.016,0,0,1,1,0.14285715,0,0.5,0,0,0,0.5,0.5,0,0,0,0,0,0,0,0,0.5,0,0,0,0.5,0.5,0,0,0,0,0,0,0,0,0.032,0.308,0,0.444,0,1,0.172,0.324,0.84,0.188,0.556,1,0.25,0.19,0.25,0.25,0,0.828,0.136,1,0,0.8,0.184,1
3,1,11,70,114,101,110,99,104,32,72,111,114,110,0.9,0.5,0.5,0.22580644,0,0.22580644,0,0,0.25,0,0,0,0.5,0,0.732,1,1,0,0,0,0,0,0.24399999,0,0,0,0,0,1,1,1,0.976,1,0,0,0,0.041666668,0.041666668,0,0,0.23200001,0.38800004,0.28,0.063999996,0.57600003,0.016,0,0,0,0,0.14285715,0,0.5,0,0,0,0.5,0.5,0,0,0,0,0,0,0,0,0.5,0,0,0,0.5,0.5,0,0,0,0,0,0,0,0,0.032,0.15200001,0,0.444,0,1,0.116,0.324,0.84,0.088,0.444,1,0.25,0.086,0.25,0.25,0.5,0.5,0.5,0.5,0.5,0.5,0.5,0.5
3,11,12,72,111,114,110,32,83,101,99,116,105,111,110,0.44484374,0.5,0.5,0.48387095,0,0.032258064,0,1,0.252,1,0,0,0.25,0.268,0.5,1,1,0,1,1,0.568,0,0.608,0,1,0,1,0,0,1,1,1,0.37199998,0,0,0,0.041666668,0.041666668,0,0,0.3,0.244,0,0.58,1,0,0,0,1,1,0,0,0.5,0,0,1,0.5,0.5,0,0,0,0,0,0,0,0,0.464,0.1,0,0,0.5,0.5,0,0,0.5,0,0,0,0,0,0.13199998,0.272,0.28,0.26799998,0.124,1,0.05200001,0.564,0.468,0.384,0,0,0.25,0.23400001,0.20999998,0.25,0.28125,0.71875,0.28125,0.71875,0.28125,0.68359375,0.28125,0.71875
3,11,10,74,49,48,54,32,66,114,97,115,115,0.5,0.24,0.5,0.48387095,0,0.032258064,0,1,0.398,0,0,0,0.5,0.228,0.5,1,1,0,1,0,0,0,0,1,0,0,1,0,0,0,1,1,0.528,0,0,0,0.041666668,0.041666668,0,0,0.3,0.264,0.048,0.424,0.696,0,0,0,1,0,0,0,0.5,0,0,0,0.5,0.5,0,0,0,0,0,0,0,0,0.5,0,0,0,0.5,0.5,0,0,0,0,0,0,0,0,0.048,0.41599998,0.244,0.428,1,0.172,0.04,0.46,0.372,0.392,0,0,0.09,0.13,0,0.31,0,1,0,1,0,1,0,1
3,11,9,74,54,48,32,66,114,97,115,115,0.456,0.24,0.5,0.7419355,0,0.06451613,0,1,0.474,0,0,0,0.25,0,0.5,1,0,1,1,0,0,0,0,1,0,0,1,0,0,0,1,0.116000004,1,0,0,0,0.041666668,0.041666668,0,0,0.3,0.216,0.027999999,0.528,0.696,0,0,0,1,0,0,0,0.244,0.056,0,0,0.5,0.5,0,1,0.5,0,0,0,0,0,0.5,0,0,0,0.5,0.5,0,0,0,0,0,0,0,0,0.056,0.45999998,0.244,0.428,0.416,0.36,0.02,0.46,0.372,0.392,0,0,0.09,0.13,0,0.31,0,1,0,1,0,1,0,1
3,11,11,74,54,48,32,83,117,98,32,80,87,77,0.336,0.24,0.5,0.7419355,0,0.06451613,0,1,0.474,0,0,0,0.25,0,0.5,1,0,1,0,1,0.176,0,0,1,0,0.644,1,0,0,0,1,0.284,1,0,0,0,0.041666668,0.041666668,0,0,0.3,0.18,0.023999998,0.54399997,0.696,0,0,0,1,0,0,0,0.244,0.056,0,0,0.5,0.5,0,1,0.5,0,0,0,0,0,0.48,0,0,0,0.5,0.5,0,0,0,0,0,0.5,0,0,0.056,0.45999998,0.244,0.428,0.416,0.36,0.02,0.46,0.372,0.392,0,0,0.09,0.13,0,0.31,0,1,0,1,0,1,0,1
3,5,16,77,105,103,104,116,32,65,115,32,87,101,108,108,46,46,46,0.5,0.26,0.5,0.22580644,0,0.22580644,0,0,0.25,0,0,0,0.5,0.59999996,0.5,1,1,0,1,0,0,0,0,0,0,0,1,0,0,0,0.5,1,1,0,0,0,0.041666668,0.041666668,0,0,0.29999998,0.49199998,0,0.59999996,0,0,0,1,0,0,0,0,0.5,0,0,0,0.5,0.5,0,0,0,0,0,0,0,0,0.5,0,0,0,0.5,0.5,0,0,0,0,0,0,0,0,0.03686,0.17255999,0.7,0.2857,0,0,0,0,1,0.40644,0,0,0.25,0.25,0.25,0.25,0.5,0.5,0.5,0.5,0.5,0.5,0.5,0.5
3,11,16,79,98,114,105,103,104,116,32,79,114,105,103,105,110,97,108,0.9296875,0.24927554,0.5,0.22580644,0,0.032258064,0,0,0,1,0,0,0.5,0.32,0.5,1,1,0,1,0,0,0,0,1,0,0,1,0,0,0,1,1,0.716,0,0,0,0.041666668,0.041666668,0,0,0.3,0.072,0.004,0.756,1,0,0,0,1,1,0,0,0.5,0,0,0,0.5,0.5,0,0,0,0,0,0,0,0,0.5,0,0,0,0.5,0.5,0,0,0,0,0,0,0,0,0.07999999,0.608,0.268,0.364,0,0.676,0.05200001,0.564,0.768,0.38,0,0,0.25,0.182,0.11,0.25,0.5,0.5,0.5,0.5,0.5,0.5,0.5,0.5
3,11,14,79,98,114,105,103,104,116,32,83,116,101,114,101,111,0.859375,0.24927554,0.5,0.22580644,0,0.032258064,0,0,0,1,0,0,0.5,0.32,0.5,1,1,0,1,0,0,0,0,1,0,0,1,0,0,0,1,1,0.716,0,0,0,0.041666668,0.041666668,0,0,0.3,0.015999997,0.004,0.756,1,0,0,0,1,1,0,0,0.416,0.068,0,0,0.5,0.5,0,0,0.5,0,0,0,0,0,0.5,0,0,0,0.5,0.5,0,0,0,0,0,0,0,0,0.07199999,0.608,0.268,0.348,0,0.676,0.06400001,0.564,0.768,0.38,0,0,0.25,0.242,0.47378126,0.106,0.359375,0.640625,0.359375,0.67578125,0.359375,0.67578125,0.2890625,0.67578125
3,11,7,80,114,111,112,104,101,116,0.45,0.5,0.5,0.48387095,0,0.032258064,0,1,0.014,0,0,0,0.5,0,0.49854168,1,1,0,1,0,0,0,0,0,1,0,1,0,0,0,1,0.7943282,0.7943282,0,0,0,0.041666668,0.041666668,0,0,0.3,0.048,0.008,0.81200004,0.504,0,0,0,1,0,0,0,0.508,0.016,0,0,0.5,0.5,0,0,0.5,0,0,0,0,0,0.608,0,0,0.5,0.5,0,1,0,0,0.5,0,0,0,0,0.112,0.388,0.324,0.368,0,0.676,0,0.276,0.568,0.444,0.016,0,0.25,0.126,0.62,0,0.168,0.808,0.192,0.816,0.196,0.88,0.204,0.884
3,11,8,80,114,111,112,104,79,66,101,0.78125,0.24927554,0.5,0.22580644,0,0.032258064,0,0,0,1,0,0,0.5,0.32,0.5,1,1,0,1,0,0,0,0,1,0,0,1,0,0,0,1,1,0.716,0,0,0,0.041666668,0.041666668,0,0,0.3,0.08,0,0.664,1,0,0,0,1,1,0,0,0.5,0,0,0,0.5,0.5,0,0,0,0,0,0,0,0,0.5,0,0,0,0.5,0.5,0,0,0,0,0,0,0,0,0.152,0.46,0.144,0.364,0,0.676,0,0.564,0.468,0.38,0,0,0.25,0.182,0.11,0.25,0.2423125,0.72253126,0.3303125,0.647375,0.2583125,0.72484374,0.35115626,0.684
3,11,14,80,117,114,115,117,105,116,32,66,114,105,103,104,116,0.6,0.24927554,0.5,0.22580644,0,0.032258064,0,0,0,1,0,0,0.5,0.32,0.5,1,1,0,1,0,0,0,0,1,0,0,1,0,0,0,1,1,0.716,0,0,0,0.041666668,0.041666668,0,0,0.3,0.06,0.032,0.676,1,0,0,0,0,0,0,0,0.5,0,0,0,0.5,0.5,0,0,0,0,0,0,0,0,0.352,0.08,0,1,0.5,0.5,0,0,0.5,0,0,0,0,0,0.16399999,0.608,0.268,0.332,0,0.676,0.05200001,0.564,0.768,0.38,0,0,0.25,0.182,0.11,0.25,0.5,0.5,0.5,0.5,0.5,0.5,0.5,0.5
3,11,12,80,117,114,115,117,105,116,32,77,111,110,111,0.5,0.5,0.5,0.032258064,0,0.032258064,0.224,1,0.148,1,0,0,0.25,0.32,0.25,1,1,0,1,0,0,0,0,1,0,0,1,0,0,0,1,1,0.716,0,0,0,0.041666668,0.041666668,0,0,0.3,0.08,0,0.664,1,0,0,0,1,0,0,0,0.5,0,0,0,0.5,0.5,0,0,0,0,0,0,0,0,0.5,0,0,0,0.5,0.5,0,0,0,0,0,0,0,0,0.14799999,0.46,0.144,0.4,0,0.676,0,0.564,0.696,0.396,0,0,0.222,0.07399999,0.31,0.25,0,1,0.3303125,0.647375,0.2583125,0.72484374,0.35115626,0.684
3,11,10,82,101,101,100,32,72,111,114,110,115,0.672,0.24927554,0.5,0.22580644,0,0.032258064,0,0,0,1,0,0,0.5,0.268,0.5,1,1,0,0,1,0,0,0,0,1,0,1,0,0,0,1,1,0.628,0,0,0,0.041666668,0.041666668,0,0,0.3,0.08,0,0.664,1,0,0,0,1,1,0,0,0.5,0,0.296,1,0.5,0.5,0,0,0,0,0,0.5,0,0,0.464,0.1,0,0,0.5,0.5,0,0,0.5,0,0,0,0,0,0.07999999,0.48000002,0.144,0.35999998,0.516,0.676,0.05200001,0.564,0.468,0.384,0,0,0.25,0.298,0.39,0.25,0.2423125,0.72253126,0.3303125,0.647375,0.2583125,0.72484374,0.35115626,0.684
3,11,15,83,105,108,107,121,32,80,111,108,121,98,114,97,115,115,0.25,0.5,0.5,0.7419355,0,0.09677419,0.272,1,0.358,1,0,0,0.5,0.092,0.5,1,1,0,1,0,0,0,0,1,0,0,1,0,0.032,0,0,1,1,0,0.008,0,0.25,0.104166664,0,0,0.3,0.3,0.04,0.544,0.34399998,0,0,0,1,0,0,0,0.3379431,0.16,0,0,0.5,0.5,0,0.5,0.5,0,0,0,0,0,0.316,0.28,0.2,0,0.5,0.5,0,0,0,1,0,0,0.5,0,0.144,0.4,0.132,0.572,0,0.628,0.088,0.448,0.408,0.556,0,0.192,0.386,0.25,0.25,0.25,0,1,0,1,0,1,0,1
3,11,9,84,114,105,117,109,112,104,101,114,0.5,0.5,0.5,0.22580644,0,0.22580644,0,0,0.25,0,0,0,0.25,0,0.24047211,1,1,0,1,0,0,0,0.088,0,0,0,1,0,0.292,0,0.652,1,1,0,0,0,0.041666668,0.041666668,0,0,0.3,0.83199996,0,0.16,0.488,0,0,0,1,0,0,0,0.292,0.104,0,0,0.5,0.5,0,0,1,0,0,0,0,0,0.5,0,0,0,0.5,0.5,0,0,0,0,0,0,0,1,0,0.196,0,0,0.232,0.672,0.02,0.336,0.276,0.236,0,0.156,0.25,0.25,0.25,0.25,0.312,0.628,0.34,0.632,0.368,0.656,0.244,0.8
3,1,17,84,114,111,109,98,111,110,101,32,69,110,115,101,109,98,108,101,0.4,0.5,0.5,1,0,0.09677419,0,1,0.574,0,0,0,0.5,0,0.392,1,1,0,1,0,0,0.17199999,0.148,0,0,0,1,0,0.752,1,1,0.26,1,0.79599994,0,0,0.041666668,0.041666668,0,0,0.3,0.736,0,0.08800001,0.164,0,0,0,1,1,0.071428575,0,0.5,0,0,0,0.5,0.5,0,0,0,0,0,0,0,0,0.5,0,0,0,0.5,0.5,0,0,0,0,0,0,0,0,0.072,0.17600001,0,0.444,0,1,0.023999995,0.324,0.852,0.088,0.76,1,0.25,0.266,0.166,0.182,0.1,0.268,0.696,1,0,0.32,0.792,0.892
3,1,8,84,114,111,109,98,111,110,101,1,0.5,0.5,0.22580644,0,0.22580644,0,0,0.25,0,0,0,0.5,0,0.41599998,1,1,0,1,0,0,0.17199999,0.116000004,0,0,0,1,0,0.752,1,1,0.176,1,0.764,0,0,0.041666668,0.041666668,0,0,0.3,0.708,0,0.124000005,0.224,0,0,0,1,1,0.071428575,0,0.5,0,0,0,0.5,0.5,0,0,0,0,0,0,0,0,0.5,0,0,0,0.5,0.5,0,0,0,0,0,0,0,0,0.048,0.19600001,0,0.444,0.048,1,0.035999995,0.324,0.852,0.088,0.76,1,0.25,0.142,0.25,0.25,0.5,0.5,0.5,0.5,0.5,0.5,0.5,0.5
3,11,9,84,114,117,105,109,112,104,101,114,0.5,0.5,0.5,0.22580644,0,0.22580644,0,0,0.25,0,0,0,0.25,0,0.24047211,1,1,0,1,0,0,0,0.088,0,0,0,1,0,0.292,0,0.652,1,1,0,0,0,0.041666668,0.041666668,0,0,0.3,0.83199996,0,0.16,0.488,0,0,0,1,0,0,0,0.292,0.104,0,0,0.5,0.5,0,0,1,0,0,0,0,0,0.5,0,0,0,0.5,0.5,0,0,0,0,0,0,0,1,0,0.196,0,0,0.232,0.672,0.02,0.336,0.276,0.236,0,0.156,0.25,0.25,0.25,0.25,0.312,0.628,0.34,0.632,0.368,0.656,0.244,0.8
3,1,16,84,114,117,109,112,101,116,32,69,110,115,101,109,98,108,101,0.4,0.74,0.5,1,0,0.09677419,0,1,0.37800002,0,0,0,0.5,0,0.44399998,1,1,0,1,0,0,0.17199999,0.16000001,0,0,0,1,0,0.752,1,1,0.76,1,1,0,0,0.041666668,0.041666668,0,0,0.3,0.676,0.04,0.040000003,0.424,0,0,0,1,1,0.071428575,0,0.5,0,0,0,0.5,0.5,0,0,0,0,0,0,0,0,0.5,0,0,0,0.5,0.5,0,0,0,0,0,0,0,0,0.032,0.10800001,0,0.444,0,1,0.09199999,0.324,0.752,0.088,0,1,0.25,0.078,0.326,0.25,0,0.32,0.796,0.908,0.056,0.256,0.556,1
3,1,13,84,114,117,109,112,101,116,32,77,117,116,101,100,0.9,0.74,0.5,0.22580644,0,0.22580644,0,0,0.25,0,0,0,0.5,0,0.576,1,1,0,1,0,0,0.099999994,0.132,0,0,0,1,0,0.70799994,1,1,0.056,1,0.848,0,0,0.041666668,0.041666668,0,0,0.3,0.72,0.3,0.028,0.38799998,0,0,0,1,1,0.071428575,0,0.5,0,0,0,0.5,0.5,0,0,0,0,0,0,0,0,0.5,0,0,0,0.5,0.5,0,0,0,0,0,0,0,0,0.028,0.04400001,0,0.444,0.288,0.74,0.031999998,0.324,0.752,0.088,0,1,0.25,0.104,0.25,0.25,0.5,0.5,0.5,0.5,0.5,0.5,0.5,0.5
3,1,12,84,114,117,109,112,101,116,32,83,111,102,116,0.85,0.74,0.5,0.22580644,0,0.22580644,0,0,0.25,0,0,0,0.5,0,0.44399998,1,1,0,1,0,0,0.17199999,0.116000004,0,0,0,1,0,0.752,1,1,0.76,1,1,0,0,0.041666668,0.041666668,0,0,0.3,0.676,0.024,0.040000003,0.424,0,0,0,1,1,0.071428575,0,0.5,0,0,0,0.5,0.5,0,0,0,0,0,0,0,0,0.5,0,0,0,0.5,0.5,0,0,0,0,0,0,0,0,0.032,0.10800001,0,0.444,0,1,0.043999996,0.324,0.752,0.088,0,1,0.25,0.142,0.25,0.25,0.5,0.5,0.5,0.5,0.5,0.5,0.5,0.5
3,1,7,84,114,117,109,112,101,116,0.9,0.74,0.5,0.22580644,0,0.22580644,0,0,0.25,0,0,0,0.5,0,0.516,1,1,0,1,0,0,0.12799999,0.156,0,0,0,1,0,0.752,1,1,0.14,1,0.868,0,0,0.041666668,0.041666668,0,0,0.3,0.736,0.112,0.064,0.424,0,0,0,0,0,0,0,0.5,0,0,0,0.5,0.5,0,0,0,0,0,0,0,0,0.5,0,0,0,0.5,0.5,0,0,0,0,0,0,0,0,0.032,0.10800001,0,0.444,0,1,0.031999998,0.324,0.752,0.088,0,1,0.25,0.25,0.25,0.25,0.5,0.5,0.5,0.5,0.5,0.5,0.5,0.5
3,1,4,84,117,98,97,0.85,0.244,0.5,0.22580644,0,0.22580644,0,0,0.25,0,0,0,0.5,0,0.39999998,1,1,0,1,0,0,0.14799999,0.18800001,0,0,0,1,0,0.77199996,1,1,0.636,1,0.356,0,0,0.041666668,0.041666668,0,0,0.3,0.548,0,0.244,0.192,0,0,0,1,1,0.14285715,0,0.5,0,0,0,0.5,0.5,0,0,0,0,0,0,0,0,0.5,0,0,0,0.5,0.5,0,0,0,0,0,0,0,0,0.052,0.1,0,0.444,0,1,0.039999995,0.324,0.83199996,0.088,0.748,1,0.25,0.142,0.25,0.25,0.5,0.5,0.5,0.5,0.5,0.5,0.5,0.5
4,2,14,66,114,111,107,101,110,32,83,104,97,107,101,114,115,0.5,0.5,0.5,0.2285484,0.005,0.22580644,0,0.005,0.25,0.005,0.005,0,0.5,0,0.5,1,0.995,0.005,0.995,0.005,0,0,0,0.995,0.005,0,0.995,0.005,0,0.005,1,0,0,0,0.75200003,0,0.04625,0.04625,0.005,0.005,0.3,1,0,0,0,0.128,1,0.005,0,0.005,0.005,0,0.676,0,0.644,0,1,0.5,0.96,0.005,0.005,0.005,0.005,0.005,0.5,0.005,0.5,0,0,0,0.5,0.5,0,0.005,0.005,0.005,0.005,0.005,0.005,0.005,0,0,1,0,0,0,0.156,0.42800003,0,0.316,0,0,0.25,0.25,0.25,0.25,0.5,0.5,0.5,0.5,0.5,0.5,0.5,0.5
4,1,13,66,114,117,115,104,32,83,110,97,114,101,32,49,1,0.484,0.5,0.22580644,1,0.09677419,0,1,0.112,0,0,0,0.3,0,0.38,1,0,1,0,0,0.312,0,0.064,0,0,0,1,0,0.34800002,0,1,0,0.52,0.288,1,0.5,0.041666668,0.041666668,0,0,0.3,0.78000003,0.184,0.36400002,0,0,0,0,0,0,0,0,0.5,0,0,0,0.5,0.5,0,0,0,0,0,0,0,0,0.5,0,0,0,0.5,0.5,0,0,0,0,0,0,0,0,0,0.14,0,0.68,0,1,0.084,0.33200002,0,0.3,0,1,0,0,0.006,0,0.276,0.724,0.272,0.724,0.272,0.724,0.276,0.724
4,1,13,66,114,117,115,104,32,83,110,97,114,101,32,50,1,0.484,0.5,0.22580644,1,0.09677419,0,1,0.112,0,0,0,0.3,0,0.38,1,0,1,0,0,0.312,0,0.064,0,0,0,1,0,0.34800002,0,1,0,0.356,0.34,1,0.5,0.041666668,0.041666668,0,0,0.3,0.744,0.076000005,0.36400002,0,0.296,1,0,0,0,0,0,0.5,0,0,0,0.5,0.5,0,0,0,0,0,0,0,0,0.5,0,0,0,0.5,0.5,0,0,0,0,0,0,0,0,0,0.14,0,0.68,0,1,0.051999994,0.284,0.088,0.3,0,1,0,0,0.006,0,0.276,0.724,0.272,0.724,0.272,0.724,0.276,0.724
4,1,13,66,114,117,115,104,32,83,110,97,114,101,32,51,1,0.484,0.5,0.22580644,1,0.09677419,0,1,0.112,0,0,0,0.3,0,0.38,1,0,1,0,0,0.312,0,0,0,0,0,1,0,0.34800002,0,1,0,0.228,0.336,1,0.5,0.041666668,0.041666668,0,0,0.3,0.708,0.044000003,0.24800003,0,0.384,1,0,0,0,0,0,0.5,0,0,0,0.5,0.5,0,0,0,0,0,0,0,0,0.5,0,0,0,0.5,0.5,0,0,0,0,0,0,0,0,0,0.14,0,0.68,0,1,0.12799999,0.19600001,0.188,0.3,0,1,0,0,0.006,0,0.276,0.724,0.272,0.724,0.272,0.724,0.276,0.724
4,1,12,67,114,97,115,104,32,67,121,109,98,97,108,0.44,0.44000003,0.5,0.22580644,1,0.032258064,0,1,0.178,0,0,0,0.724,0,0.76,1,1,1,0,1,0.048,0.54,0,1,0,0,1,0,0.648,0,1,0.18,0,0.46000004,0.9,0,0.041666668,0.041666668,0,0,0.3,0.65999997,0.056,0.168,0,0.816,1,0,0,0,0,0,0.5,0,0,0,0.5,0.5,0,0,0,0,0,0,0,0,0.5,0,0,0,0.5,0.5,0,0,0,0,0,0,0,1,0,0.120000005,0,0.66,0,0,0,0.652,0,0.6,0,1,0.25,0.25,0.25,0.25,0,1,0,1,0,1,0.02,1
4,11,9,68,101,101,112,32,75,105,99,107,1,0,0.5,0,0,0,0,0,0,1,0,0,0.692,0,0.1,1,1,1,1,1,0.184,0.496,0.904,1,0,0,1,0,0,1,1,1,1,0,0.872,0.5,0.041666668,0.041666668,0,0,0.3,0,0.144,0.44,0.42,0.648,0,0,1,0,0,0,0.5,0,0,0.5,0.5,0.5,0,0,0,0,0,0,0,1,0.22399999,0.94,0,1,0.5,0.5,0,0.5,0,0,0,0,0,0,0,0.30800003,0,0.61600006,0,0.416,0,0.53999996,0,0.14399998,0,1,0,0,0,0,0.5,0.5,0.5,0.5,0.5,0.5,0.5,0.5
4,11,12,69,108,101,99,116,114,105,99,32,84,111,109,1,0,0.5,0,0,0,0,0,0,1,0,0,0.60400003,0,0.496,1,0,0,0,0,0.688,0,0.83599997,1,0,0,1,0,0,0,1,0.14,0.912,0,0.856,0,0.041666668,0.041666668,0,0,0.3,0,0,0.876,0.268,0.256,0,0,1,0,0,0,0.5,0,0,0.5,0.5,0.5,0,0,0,0,0,0,0,1,0.17999999,1,0,1,0.5,0.5,0,0.5,0,0,0,0,0,0,0,0.70799994,0,0.816,0,0.244,0,0.528,0,0.71599996,0,1,0,0,0,0,0.5,0.5,0.5,0.5,0.5,0.5,0.5,0.5
4,1,10,71,114,97,110,32,67,97,115,115,97,0.864,0.44,0.5,0.22580644,0,0.032258064,0,1,0.124,0,0,0,0,0.236,0,1,0,0,0,0,0,0,0.24,1,0,0,1,0,0.076,1,1,1,1,0.24,1,0,0.041666668,0.041666668,0,0,0.3,0.472,0,0.316,0,0,0,0,1,0,0,0,0.5,0,0,0,0.5,0.5,0,0,0,0,0,0,0,0,0.5,0,0,0,0.5,0.5,0,0,0,0,0,0,0,0,0,0.296,0,0.296,0,0.76,0.004,0.548,0,0.416,0.212,1,0,0,0,0,0.244,0.768,0.24,0.76,0.26,0.764,0.24,0.792
4,1,11,72,97,110,100,32,67,121,109,98,97,108,0.724,0.452,0.5,0.22580644,1,0.032258064,0,1,0.178,0,0,0,0.68399996,0,0.352,1,0,1,0,1,0.168,0.22800002,0,1,0,0,1,0,0.70000005,0,0.4,0.012,0,0.66400003,0.56399995,0,0.041666668,0.041666668,0,0,0.3,0.712,0.2,0.067999996,0,0.76399994,1,0,0,0,0,0,0.5,0,0,0,0.5,0.5,0,0,0,0,0,0,0,0,0.5,0,0,0,0.5,0.5,0,0,0,0,0,0,0,1,0,0.172,0,0.66,0,0,0.032,0.54,0,0.57600003,0,1,0.25,0.25,0.25,0.25,0,1,0,1,0,1,0.02,1
4,1,13,72,105,45,72,97,116,32,67,108,111,115,101,100,0.80399996,0.544,0.5,0.22580644,1,0.032258064,0,1,0.25,0,0,0,0.47199997,0,0.788,1,1,0,1,0,0.22399999,0.60400003,0,1,0,0,1,0,0.536,0,1,0.316,0.68799996,0.408,0.41199997,0,0.041666668,0.041666668,0,0,0.3,0.776,0.068,0.208,0,0.752,1,0,0,0,0,0,0.86,0.696,0,0,0.02,0.5,0,0.5,0.5,0,0,0,0,0,0.5,0,0,0,0.5,0.5,0,0,0,0,0,0,0,1,0,0.088,0,0.66,0,0,0,0.26000002,0,0.28800002,0,1,0.25,0.25,0.25,0.25,0,1,0,1,0,1,0.02,1
4,1,11,72,105,45,72,97,116,32,79,112,101,110,0.548,0.544,0.5,0.22580644,1,0.032258064,0,1,0.222,0,0,0,0.47199997,0,0.788,1,1,0,1,0,0.22399999,0.60400003,0,1,0,0,1,0,0.536,0,1,0.048000015,0.44799998,0.136,0.67599994,0,0.041666668,0.041666668,0,0,0.3,0.75200003,0.068,0.208,0,0.752,1,0,0,0,0,0,0.86,0.696,0,0,0.02,0.5,0,0.5,0.5,0,0,0,0,0,0.5,0,0,0,0.5,0.5,0,0,0,0,0,0,0,1,0,0.17199999,0,0.66,0,0,0,0.536,0,0.24400002,0,1,0.25,0.25,0,0.25,0,1,0,1,0,1,0.02,1
4,1,6,75,105,99,107,32,49,0.884,0.5,0.5,0.22580644,1,0.032258064,0,1,0,0,0,0,0,0,0.044,1,0,0,0,0,0,0,0.49199998,1,0,0,1,0,0,1,1,1,1,0,1,0,0.041666668,0.041666668,0,0,0.3,0.472,0,0.396,0,0,0,0,1,0,0,0,0.5,0,0,0,0.5,0.5,0,0,0,0,0,0,0,0,0.5,0,0,0,0.5,0.5,0,0,0,0,0,0,0,0,0,0.24000001,0,0.296,0,0.76,0,0.244,0,0.248,0,1,0,0,0,0,0.244,0.768,0.24,0.76,0.26,0.764,0.24,0.792
4,1,6,75,105,99,107,32,50,1,0.49199998,0.5,0.22580644,1,0.032258064,0,1,0,0,0,0,0,0,0.036,1,0,0,0,0,0,0,0.12799999,1,0,0,1,0,0.264,0,1,1,0.588,0,1,0,0.041666668,0.041666668,0,0,0.3,0.39600003,0,0.32000002,0,0,0,0,0,1,0.14285715,0,0.5,0,0,0,0.5,0.5,0,0,0,0,0,0,0,0,0.5,0,0,0,0.5,0.5,0,0,0,0,0,0,0,0,0,0.30400002,0,0.296,0,0.76,0,0.32,0,0.248,0,1,0,0,0,0,0.244,0.768,0.24,0.76,0.26,0.764,0.24,0.792
4,1,6,75,105,99,107,32,51,1,0.392,0.5,0.22580644,0,0.032258064,0,1,0,0,0,0,0,0,0.12,1,0,0,0,0,0,0,0.32,1,0,0,1,0,0.27999997,0,1,1,0.12,0,0.8,0,0.041666668,0.041666668,0,0,0.3,0.496,0,0.34399998,0,0,0,0,1,1,0.071428575,0,0.5,0,0,0,0.5,0.5,0,0,0,0,0,0,0,0,0.5,0,0,0,0.5,0.5,0,0,0,0,0,0,0,0,0,0.26000005,0,0.296,0,0.76,0,0.376,0,0.332,0,1,0,0,0,0,0.244,0.768,0.24,0.76,0.26,0.764,0.24,0.792
4,1,6,75,105,99,107,32,52,1,0.5,0.5,0.22580644,1,0.032258064,0,1,0,0,0,0,0,0,0.044,1,0,0,0,0,0,0,0.264,1,0,0,1,0,0,1,1,1,1,0,1,0,0.041666668,0.041666668,0,0,0.3,0.476,0,0.304,0,0,0,0,0,0,0,0,0.5,0,0,0,0.5,0.5,0,0,0,0,0,0,0,0,0.5,0,0,0,0.5,0.5,0,0,0,0,0,0,0,0,0,0.24000001,0,0.296,0,0.76,0,0.244,0,0.248,0,1,0,0,0,0,0.244,0.768,0.24,0.76,0.26,0.764,0.24,0.792
4,1,6,75,105,99,107,32,53,1,0.5,0.5,0.22580644,0,0.032258064,0,1,0,0,0,0,0,0,0.096,1,0,0,0,0,0,0,0.212,0,0,0,1,0,0.25199997,0,1,1,0.756,0,0.8,0,0.041666668,0.041666668,0,0,0.3,0.496,0,0.20399998,0,0,0,0,1,1,0.071428575,0,0.5,0,0,0,0.5,0.5,0,0,0,0,0,0,0,0,0.5,0,0,0,0.5,0.5,0,0,0,0,0,0,0,0,0.008,0.33200005,0,0.296,0,0.76,0,0.38,0,0.332,0,1,0,0,0,0,0.244,0.768,0.24,0.76,0.26,0.764,0.24,0.792
4,2,11,75,105,99,107,32,72,97,114,100,101,114,0.25,0.5,0.5,0,0,0.22580644,0,0.005,0.25,0.005,0.005,0,0.5,0,0.5,1,0.995,0.005,0.995,0.005,0,0,0,0.995,0.005,0,0.995,0.005,0,0.005,1,0,0,0,1,0,0.04625,0.04625,0.005,0.005,0.3,0,1,0.796,0,0,0.005,1,0,0.005,0.005,0.005,0.5,0,0,0,0.5,0.5,0,0.005,0.005,0.005,0.005,0.005,0.005,0.005,0.5,0,0,0,0.5,0.5,0,0.005,0.005,0,0.005,0.005,0,0.005,0,0.17999998,0,0.132,0,0,0,0.668,0,0.128,0,0,0,0,0,0,0.5,0.5,0.5,0.5,0.5,0.5,0.5,0.5
4,2,12,75,105,99,107,32,80,105,116,99,104,101,114,1,0.5,0.5,0,0,0.22580644,0,0.005,0.25,0.005,0.005,0,0.5,0,0.5,1,0,0.005,0,0.005,0,0,1,1,0,0,0.995,0.005,0,0.005,0.9,1,0,0,0,0,0.04625,0.04625,0.005,0.005,0.3,1,0,0,0,0,0.005,1,0,0.005,0.005,0.005,0.5,0,0,0.5,0.5,0.5,0,0,0.005,0.005,0.005,0.005,0.005,0.005,0.5,0,0,0,0.5,0.5,0,0.005,0,0,0,0,0.005,1,0.212,1,0,1,0,0,0,0.372,0,0,0,0,0,0,0,0,0.5,0.5,0.5,0.5,0.5,0.5,0.5,0.5
4,2,11,75,105,99,107,32,83,111,102,116,101,114,0.5,0.5,0.5,0,0,0.22580644,0,0.005,0.25,0.005,0.005,0,0.5,0,0.5,1,0.995,0.005,0.995,0.005,0,0,0,0.995,0.005,0,0.995,0.005,0,0.005,1,0,0,0,0,0,0.04625,0.04625,0.005,0.005,0.3,0,1,0.324,0,0,0.005,1,0,0.005,0.005,0.005,0.5,0,0,0,0.5,0.5,0,0.005,0.005,0.005,0.005,0.005,0.005,0.005,0.5,0,0,0,0.5,0.5,0,0.005,0.005,0.005,0.005,0.005,0.005,0.005,0,0.236,0,0.132,0,0,0,0.376,0,0.128,0,0,0,0,0,0,0.5,0.5,0.5,0.5,0.5,0.5,0.5,0.5
4,1,14,77,97,114,99,104,105,110,103,32,83,110,97,114,101,1,0.484,0.5,0.22580644,1,0.09677419,0,1,0.112,0,0,0,0.3,0,0.38,1,0,1,0,0,0,0,0.040000007,0,0,0,1,0,0.328,0,1,0,0.704,0.38799998,1,0.5,0.041666668,0.041666668,0,0,0.3,0.772,0.16,0.29600003,0,0,0,0,0,0,0,0,0.5,0,0,0,0.5,0.5,0,0,0,0,0,0,0,0,0.5,0,0,0,0.5,0.5,0,0,0,0,0,0,0,0,0,0.08799999,0,0.68,0,1,0,0.272,0,0.3,0,1,0,0,0.006,0,0.276,0.724,0.272,0.724,0.272,0.724,0.276,0.724
4,1,16,82,105,100,101,32,67,121,109,98,97,108,32,66,101,108,108,0.376,0.544,0.5,0.22580644,1,0.032258064,0,1,0.178,0,0,0,0.724,0,0.76,1,1,1,0,0,0.048,0.54,0,1,0,0,1,0,0.648,0,1,0.184,0.404,0.764,0.56,0,0.041666668,0.041666668,0,0,0.3,0.692,0,0.168,0,0.88799995,1,0,0,0,0,0,0.5,0,0,0,0.5,0.5,0,0,0,0,0,0,0,0,0.5,0,0,0,0.5,0.5,0,0,0,0,0,0,0,1,0,0.120000005,0,0.66,0,0,0,0.652,0,0.6,0,1,0.25,0.25,0.25,0.25,0,1,0,1,0,1,0.02,1
4,1,11,82,105,100,101,32,67,121,109,98,97,108,0.452,0.544,0.5,0.22580644,1,0.032258064,0,1,0.178,0,0,0,0.724,0,0.76,1,1,1,1,1,0.048,0.54,0.060000006,1,1,0,1,0,0.696,0,1,0.148,0,0.28800002,0.492,0,0.041666668,0.041666668,0,0,0.3,0.812,0.168,0.099999994,0,0.608,1,0,0,0,0,0,0.5,0,0,0,0.5,0.5,0,0,0,0,0,0,0,0,0.5,0,0,0,0.5,0.5,0,0,0,0,0,0,0,1,0,0.09200001,0,0.66,0,0,0,0.592,0,0.6,0,1,0.25,0.25,0.25,0.25,0,1,0,1,0,1,0.02,1
4,11,8,83,105,109,32,75,105,99,107,1,0,0.5,0,0,0,0,0,0,1,0,0,0.692,0,0.1,1,1,1,1,1,0.184,0.496,0.904,1,0,0,1,0,0,1,1,1,1,0,0.872,0.5,0.041666668,0.041666668,0,0,0.3,0,0.144,0.676,0.42,0.648,0,0,1,0,0,0,0.5,0,0,0.5,0.5,0.5,0,0,0,0,0,0,0,1,0.392,0.94,0,1,0.5,0.5,0,0.5,0,0,0,0,0,0,0,0.28000003,0,0.61600006,0,0.416,0,0.40799996,0,0.14399998,0,1,0,0,0,0,0.5,0.5,0.5,0.5,0.5,0.5,0.5,0.5
4,11,9,83,105,109,32,83,110,97,114,101,1,0,0.5,0,0,0,0,0,0,1,0,0,0.716,0,0,1,0,0,0,1,0.688,0,0.524,1,0,0,1,0,0,1,1,0.748,1,0,0.856,0,0.041666668,0.041666668,0,0,0.3,0,0,0.9,0.268,0.256,0,0,1,0,0,0,0.5,0,0,0.5,0.5,0.5,0,0,0,0,0,0,0,0,0.212,1,0,1,0.5,0.5,0,0.5,0,0,0,0,0,0,0,0.5,0,0.256,0,0.244,0,0.412,0,0.288,0,1,0,0,0,0,0.5,0.5,0.5,0.5,0.5,0.5,0.5,0.5
4,11,7,83,105,109,32,84,111,109,1,0,0.5,0,0,0,0,0,0.25,1,0,0,0.84,0,0.68,1,0,0,0,0,0,0,0.524,1,0,0,1,0,0,0,1,0.252,1,0,0.396,0,0.041666668,0.041666668,0,0,0.3,0,0,1,0.868,0.448,0,0,1,0,0,0,0.5,0,0,0.5,0.5,0.5,0,0,0,0,0,0,0,0,0.2,0.884,0,1,0.5,0.5,0,0.5,0,0,0,0,0,0,0,0.66,0,0.78400004,0,0.368,0,0.552,0,0.49199998,0,1,0,0,0,0,0.5,0.5,0.5,0.5,0.5,0.5,0.5,0.5
4,1,7,83,110,97,114,101,32,49,1,0.484,0.5,0.22580644,1,0.09677419,0,1,0.112,0,0,0,0.3,0,0.38,1,0,1,0,0,0.096,0,0.128,0,0,0,1,0,0.328,0,1,0.41599998,0.816,0.25199997,1,0.5,0.041666668,0.041666668,0,0,0.3,0.78000003,0.184,0.36400002,0,0,0,0,0,0,0,0,0.5,0,0,0,0.5,0.5,0,0,0,0,0,0,0,0,0.5,0,0,0,0.5,0.5,0,0,0,0,0,0,0,0,0,0.099999994,0,0.68,0,1,0,0.284,0,0.3,0,1,0,0,0.006,0,0.276,0.724,0.272,0.724,0.272,0.724,0.276,0.724
4,1,7,83,110,97,114,101,32,50,1,0.5,0.5,0.22580644,1,0.09677419,0,1,0.208,0,0,0,0.12,0,0.34399998,1,1,0,0,1,0.107999995,0,0.58800006,1,0,0.14399998,1,0,0.704,0,0.692,0.096,0.536,0,1,0.5,0.041666668,0.041666668,0,0,0.3,0.804,0.3,0.344,0,0,0,0,0,0,0,0,0.5,0,0,0,0.5,0.5,0,0,0,0,0,0,0,0,0.5,0,0,0,0.5,0.5,0,0,0,0,0,0,0,0,0,0.08399999,0,0.68,0,1,0,0.296,0,0.3,0,1,0,0,0,0,0.276,0.724,0.272,0.724,0.272,0.724,0.276,0.724
4,1,7,83,110,97,114,101,32,51,0.784,0.5,0.5,0.48387095,1,0.22580644,0,1,0.23599999,0,0,0,0.168,0,0.19999999,1,0,0,0,0,0,0,0.35200003,1,0,0,1,0,0.29600003,0,1,0,1,0.408,0.796,0.5,0.041666668,0.041666668,0,0,0.3,0.8080001,0.19999999,0.48,0,0,0,0,0,0,0,0,0.852,0.63600004,0,0.5,0,0.5,0,0.5,0,0,0,0,0,0,0.5,0,0,0,0.5,0.5,0,0,0,0,0,0,0,0,0,0.103999995,0,0.68,0,1,0,0.29200003,0,0.3,0,1,0,0,0,0,0.19999999,0.79999995,0.18000002,0.812,0.20800002,0.788,0.212,0.79999995
4,1,7,83,110,97,114,101,32,52,0.848,0.396,0.5,0.48387095,0,0.22580644,0,1,0.28,0,0,0,0,0,0.22399999,1,0,1,0,0,0.164,0,0.24800001,0,0,0,1,0,0.19200002,0,1,0.364,0.98,0.22,0.55999994,0,0.041666668,0.041666668,0,0,0.3,0.74000007,0.14400001,0.18399997,0,0,0,0,0,0,0,0,0.75600004,0.692,0.348,0.5,0,0.5,0,0.5,0,0,0.5,0,0,0,0.5,0,0,0,0.5,0.5,0,0,0,0,0,0,0,0,0,0.07199999,0,0.68,0,1,0,0.33200002,0,0.3,0,1,0,0,0.13,0,0.276,0.724,0.272,0.724,0.272,0.724,0.276,0.724
4,1,7,83,110,97,114,101,32,53,0.88,0.484,0.5,0.22580644,1,0.09677419,0,1,0.112,0,0,0,0.38000003,0,0.5,1,0,1,0,0,0.072000004,0,0.136,0,0,0,1,0,0.428,0,1,0,0.816,0.26799995,0.744,0,0.041666668,0.041666668,0,0,0.3,0.792,0,0.17600003,0,0,0,0,1,0,0,0,0.784,0.296,0,0.5,0.98,0.5,0,0.5,0,0,0,0,0,0,0.5,0,0,0,0.5,0.5,0,0,0,0,0,0,0,0,0,0.12799999,0,0.68,0,1,0,0.336,0,0.3,0,1,0,0,0.006,0,0.276,0.724,0.272,0.724,0.272,0.724,0.276,0.724
4,1,10,83,110,97,114,101,32,82,111,108,108,0.71999997,0.484,0.5,0.22580644,1,0.09677419,0,1,0.112,0,0,0,0.3,0,0.38,1,0,1,0,0,0,0,0.18,0,0,0,1,0,0.328,0,1,0,0.608,0.584,1,0.5,0.041666668,0.041666668,0,0,0.3,0.84000003,0.09199999,0.21200004,0,0.164,0,0,0,0,0,0,0.684,0.308,0.16000001,0.5,1,0.792,0,0,0,1,0,0,0.5,0,0.5,0,0,0,0.5,0.5,0,0,0,0,0,0,0,0,0,0.12399998,0,0.68,0,1,0.044,0.272,0.576,0.3,0,1,0,0,0.006,0,0.276,0.724,0.272,0.724,0.272,0.724,0.276,0.724
4,1,7,84,105,109,112,97,110,105,0.864,0.5,0.5,0.22580644,1,0.032258064,0,1,0.124,0,0,0,0.25,0,0.5,1,0,0,1,0,0.64799994,0.292,0,1,0,0,0,0,0.308,0,1,0.68799996,0.416,0,1,0.5,0.041666668,0.041666668,0,0,0.3,0.50799996,0.012,0.32000002,0,0,0,0,1,0,0.071428575,0,0.808,0.70000005,0,0,0.5,0.5,0,0,1,0,0,0,0,0,0.5,0,0,0,0.5,0.5,0,0,0,0,0,0,0,0,0,0.316,0,0.296,0,1,0.004,0.552,0,0.49600002,0.212,1,0,0,0,0,0.244,0.768,0.24,0.76,0.26,0.764,0.24,0.792
4,1,5,84,111,109,32,49,0.852,0.612,0.5,0.22580644,0,0.032258064,0,1,0,0,0,0,0,0,0.148,1,0,0,0,0,0,0,0.2,1,0,0,1,0,0.28,0,1,1,0,0,0.8,0,0.041666668,0.041666668,0,0,0.3,0.464,0,0.47599998,0,0,0,0,1,1,0.071428575,0,0.5,0,0,0,0.5,0.5,0,0,0,0,0,0,0,0,0.5,0,0,0,0.5,0.5,0,0,0,0,0,0,0,0,0,0.25200006,0,0.296,0,1,0,0.376,0,0.38,0,1,0,0,0,0,0.244,0.768,0.24,0.76,0.26,0.764,0.24,0.792
4,1,5,84,111,109,32,50,0.852,0.716,0.5,0.22580644,0,0.032258064,0,1,0,0,0,0,0,0,0.148,1,0,0,0,0,0,0,0.176,1,0,0,1,0,0.28,0,1,0.8,0.26400003,0,0.8,0,0.041666668,0.041666668,0,0,0.3,0.464,0,0.46399996,0,0,0,0,1,1,0.071428575,0,0.5,0,0,0,0.5,0.5,0,0,0,0,0,0,0,0,0.5,0,0,0,0.5,0.5,0,0,0,0,0,0,0,0,0,0.26800007,0,0.296,0,1,0.016,0.376,0,0.38,0,1,0,0,0,0,0.244,0.768,0.24,0.76,0.26,0.764,0.24,0.792
4,1,5,84,111,109,32,51,0.852,0.612,0.5,0.22580644,0,0.032258064,0,1,0,0,0,0,0,0,0.144,1,0,0,1,0,0.148,0,0.15200001,1,0,0,1,0,0.28,0,1,1,0.108,0,0.504,0,0.041666668,0.041666668,0,0,0.3,0.504,0,0.48799998,0,0,0,0,1,1,0,0,0.5,0,0,0,0.5,0.5,0,0,0,0,0,0,0,0,0.5,0,0,0,0.5,0.5,0,0,0,0,0,0,0,0,0,0.36000007,0,0.296,0,1,0,0.376,0,0.416,0,1,0,0,0,0,0.244,0.768,0.24,0.76,0.26,0.764,0.24,0.792
5,9,13,66,97,116,104,116,117,98,32,68,117,99,107,115,0.6,0.5,0.5,0.48387095,0,0.09677419,0,0,0.24710937,0,0,0,0.5,0,0.25,1,1,0,0,1,0.4161875,0,0,1,0,0,1,0,0,0,0.58725,1,0.27395314,0,0,0,0.041666668,0.041666668,0,0,0.3,0.5114844,0.4577031,0,0,0,0,1,0,0,0,1,0.8039531,0,0.9890781,0,0.5,0.5,0,0,0,0,0,0,0.5,1,0.5153125,0.8901875,0,0.4963906,0.5,1,0,0,0,0.5,0,0,0,0,0,0,1,0,0,0,0.003953125,0,1,0,0,0.46117187,0.25,0.704,0.25,0.25,0.5,0.5,0.5,0.5,0.5,0.5,0.5,0.5
5,0,12,66,111,114,107,101,100,32,82,97,100,105,111,0.5,0.5,0.5,0.22580644,0,0.09677419,0.856,1,0.522,0,0,0,0.25,0,0.5,1,0,1,0,1,0.096,0.092,0.33333334,1,1,0.68799996,1,0,0,0,0,0.724,0.708,0,0.208,0.5,0.041666668,0.041666668,0,0,0.3,0.7,0,0,0,0,0,0,0,0,0,1,0.86432153,0.928,0.616,0.5,0.5,1,0,1,0.5,0,1,0.5,0.5,1,0.244,0.268,0,0,0.5,0.5,0,0,1,1,0,0,0,0,0.184,0,1,0,0,0,0,0,1,0,0,0,0.25,0.25,0.25,0.25,0.375,0.625,0.375,0.625,0.375,0.625,0.375,0.625
5,11,10,66,80,32,83,116,97,99,107,101,114,0.3,0.5,0.5,0.22580644,0,0.12903225,0,1,0.266,0,0,0,0,0,0.636,1,1,0,1,1,0.304,0,0,1,0,0.96,1,0,0.216,1,0.156,0,1,0,0,0,0.041666668,0.041666668,0,0,0.3,0.448,0.372,0.49199998,0.124000005,0.424,1,1,1,1,0.5,0,0.5,0,0.36,0,0.444,0.5,1,0,0.5,0,0,0.5,0,0,0.5,0,0,0,0.5,0.5,0,0,0,0,0,0,0,0,0,0.384,0.008,0.22,0,0.756,0,0.676,0,0.09999998,0,0.496,0,0.426,1,0,0,0.84,0.356,0.692,1,0.184,0.7,0.356
5,0,7,66,117,98,98,108,101,114,0.5,0.5,0.5,0.22580644,0,0.19354838,0,0,0,0,0,0,0.5,0.756,0.5,1,0,0,0,0,0,0,1,1,0,0,0,0,0,0,0,1,0.096,0,0,0,0.25,0.25,0,0,0.19199999,0.3,0,0.284,1,0,0,0,0,0,0,0,0.64,0.66,0,0.5,1,0.384,0,1,1,0,0,0,0,0,0.5,0,0,0,0.5,0.5,0,0,0,0,0,0,0,0,0.612,0,1,0.236,0.75200003,0.596,0,0,1,0.084,0.456,0,0.25,0.25,0.398,0.25,0.5,0.5,0.5,0.5,0.5,0.5,0.5,0.5
5,11,14,68,111,119,110,101,114,32,82,101,103,117,108,97,114,0.25,0.5,0.5,0.22580644,0,0.22580644,0,1,0.018,0,0,0,0.5,0,0.5,1,1,0,1,0,0,0,0,1,0,0,1,0,0,0,1,0,0,0,0.656,0,0.041666668,0.041666668,0,0,0.3,0,0.312,0.944,1,0,0,1,0,0,0,1,0.912,0.32799998,0,0.5,1,0.5,0,0,0,0.5,0,0,0,0,0.5,0,0,0,0.5,0.5,0,0,0,0,0,0,0,0,0,0.86,0,0.668,0,1,0,0,1,0.76,0,0,0.25,0.462,0.794,0.25,0,0.921875,0.25390625,0.74609375,0,1,0.39453125,0.60546875
5,11,15,68,111,119,110,101,114,32,82,101,115,111,110,97,110,116,0.3,0.5,0.5,0.22580644,0,0.22580644,0,1,0.018,0,0,0,0.5,0,0.5,1,1,0,1,0,0,0,0,1,0,0,1,0,0,0,1,0,0,0,0.656,0,0.041666668,0.041666668,0,0,0.3,0,0.732,0.96000004,0.784,0,0,0,1,0,0,1,0.912,0.32799998,0,0.5,1,0.5,0,0,0,0.5,0,0,0,0,0.5,0,0,0,0.5,0.5,0,0,0,0,0,0,0,0,0,0.892,0,0.668,0,1,0,0,1,0.76,0,0,0.25,0.462,0.794,0.25,0,0.921875,0.25390625,0.74609375,0,1,0.39453125,0.60546875
5,11,13,68,111,119,110,101,114,32,83,119,111,111,115,104,0.25,0.5,0.5,0.09677419,0,0.032258064,0,1,0.45,0,0,0,0.5,0,0.5,1,0,0,0,0,0.236,0,0,0,0,0,1,0,0,0,1,0,0,0,1,0,0.041666668,0.041666668,0,0,0.3,0.352,0.512,0.616,0.7,0,0,1,0,0,0,0,0.7,0.41599998,0,1,0.5,0.5,0,0,0,1,0,0,0,0,0.5,0,0,0.5,0.5,0.5,0,0,0,0,0,0,0,0,0,0.744,0,1,0,1,0,0.74799997,0,0.59999996,0,0,0,0.064,0,0.25,0,1,0,1,0.5,0.5,0.5,0.5
5,11,9,69,108,101,99,116,114,111,110,115,0.15,0.5,0.5,0.032258064,0,0.032258064,0.524,1,0.414,0,0,0,0.652,0,0.5,1,0,0,1,0,0,0,0,1,0,0,1,0,0,0,1,0.536,0,0,0,0,0.041666668,0.041666668,0,0,0.3,0.19199999,0.892,0.42,1,0,0,1,0,0,0,0,0.664,1,0,0.5,0.5,0,0,0.5,0,0.5,0,0,0,0,0.316,0,0,0,0.5,0.5,0,0,0,0,0,0,0,0,0,0.372,0.408,0.216,0,0,0.14,0,1,0.636,0,0,0.526,0.53,0.166,0.25,0,1,0.5,0.5,0.5,0.5,0.5,0.5
5,0,12,70,97,115,116,32,70,111,114,119,97,114,100,0.3,0.5,0.5,0.06451613,0,0.06451613,0.525,1,0.21166524,0.6666667,0,0,0.869375,0,0.8577083,1,0.013255894,0.76747775,0.81578666,0.26779503,0.17090788,0.12189664,0.46239635,0.24302995,0.98026836,0.11481525,0.7316818,0.4262678,0.6847775,0.8813394,0.9714494,0.955328,0.97666115,0.9178697,0.30923647,0.12810802,0.041666668,0.041666668,0.4103437,0.9897714,0.5858444,0.5345099,0.5237211,0.17450956,0.81796265,0,0.5609427,0.5248761,0.28727573,0.72747463,0.3445217,0,0.64978504,0.4038155,0.7386661,1,0.71083,0.84005,0.17346242,0.7315439,0.43271273,0.67548645,0.42386866,0.7714536,0.8028431,0,0.12845871,0.7329269,0.68399864,0.5184145,0.4663922,0.5142547,0.23565,0.713888,0.99899256,0.9993796,0.5320122,0.43605232,0.8539903,0.25721622,0.18331951,0,0.26800162,0,0.21184097,0.5971522,0.046564803,0.44680542,0.5671447,0.094473906,0.26476818,0.25212628,0.17659567,0.5433572,0.35194996,0.3282803,0.21099228,0.6772515,0.057228297,0.32573476,0.59818494,0.5165622,0.413971,0.6419803
5,8,17,70,105,108,116,101,114,32,84,111,110,101,32,68,114,111,110,101,0.375,0.5,0.5,0.22580644,0,0.22580644,1,1,1,0,0,0,0.5,0,0.5,1,1,0,1,0,0,0,0,1,0,0,1,0,0,0,1,1,0,0,0,0,0.041666668,0.041666668,0,0,0.3,0.372,1,0.552,0,0,0,0,1,0,0,0,0.192,0.22,0,0,0.5,0.5,0,0,0,0.5,0,0,0,0,0.144,0.524,0,0,0.5,0.5,0,0,0,0.5,0,0,0,0,0,1,0,0,0,0,0.076,0,1,0,0,0,1,1,1,0.25,0,1,0,1,0,1,0,1
5,3,14,70,108,105,103,104,116,32,67,111,110,116,114,111,108,0.232,0,0.5,0.2285484,0,0.22580644,0,0,0.25,0.005,0.005,0,0.252,0,0,1,1,0,1,0,0,0,0,1,0,0,1,0,0.404,1,0,0.74,0.404,1,0.764,0,0.04625,0.04625,0,0,0.3,0.396,1,0.176,1,0.496,1,1,0,0,0.005,0,0.74,0.064,0.46,0,0.5,0.976,0,0,0,0.5,0,0.5,0,0,0.5,0,0,0,0.5,0.5,0,0,0,0,0,0,0,0,0,0.744,0.5,0.588,0,0,0.668,0.656,0.452,0.488,0,0,0.25,0.25,0.25,0.25,0.5,0.5,0.5,0.5,0.5,0.5,0.5,0.5
5,9,11,70,77,101,114,32,82,117,110,110,101,114,1,0.5,0.5,0,0,0.22580644,0,0,0.16135937,0,0,0,0.5,0,0.5,1,1,0,1,0,0,0,0,1,0,0,1,0,1,0,1,0,0.681125,0,0,0,0.041666668,0.041666668,0,0,0.3,0.25832814,0.12965626,0,0,1,0,0,0,0,0,1,0.37615624,0.169125,0,0,0.5,0,0,0.5,0,0,0,0,0,1,0.5207969,0,1,0.49653125,0,0.5,0,0,0,0,0,0,1,0,0,0,1,0,0,0,0,0,1,0,0,0,0.25,1,0,0.25,0.5,0.5,0.5,0.5,0.5,0.5,0.5,0.5
5,4,16,70,114,111,122,101,110,32,82,97,100,105,97,116,105,111,110,0.204,0.5,0.5,0.22580644,0,0.22580644,0,0,0.25,0,0,0,0.5,0,0.5,1,1,0,1,0,0,0,0,1,0,0,1,0,0,0,1,0,0,0,1,1,0.041666668,0.041666668,0,0,0.3,0.5,1,0,1,0.5,1,1,0,0,0.5,0,0.828,0.14,0.704,0.496,0.5,0.164,0,0,0,0.5,0,0,0.5,0,0.5,0,0,0,0.5,0.5,0,0,0,0,0,0,0,0,0,0,1,0,0,0,0,0,0.704,0.784,0,0,0.25,0.27400002,0.25,0.25,0.252,0.71999997,0.42400002,0.632,0.308,0.516,0.688,0.34
5,0,12,71,108,105,116,99,104,32,72,101,97,114,116,0.4,0.5,0.5,1,0,0.09677419,0.03238926,1,0.87007433,1,0.06549424,0,0.76687527,0.08377667,0.7137406,1,0.5204402,0.29859686,0.3498522,0.18688947,0.20317852,0.6597407,0.08578503,0.18245995,0.0600639,0.36221895,0.14921707,0.20013279,0.9027853,0.16298813,0.88119024,0,1,1,0.2522533,0.36321235,0.083333336,0.083333336,0.5458132,0.16550714,0,0.20688802,0.1526432,0.31687653,0.042239714,0.899137,0.8903951,0.29763633,0.7706938,0.5901134,0.884478,0,0.5833615,0.74130523,0.53842777,0.7922133,0.5923605,0.9015032,0.0036419071,0.09840101,0.52594256,0.5794551,0.14375925,0.8909757,0,0,0.28131,1,0.62670165,1,0.7545956,0.7167796,0.11722312,0.89155275,0.895321,1,0.34836322,0.7783757,0,0.21084327,0.20384812,0.70978904,0.16965686,0.32968,0.2676886,0.588,0.36951,0.083300926,1,0.46072996,0.5530436,0,0.4163167,0.04033927,0.14265804,0.12326076,0.25,0.75,0.25,0.75,0.25,0.75,0.25,0.75
5,3,11,71,114,101,121,32,67,111,108,111,110,121,0.5,0.5,0.5,0.2285484,0,0.22580644,0,0,0.25,0.005,0.005,0,0.5,0,0.5,1,0,0,0,1,0.27199998,0.252,0,0,0,0.616,0,0,0.14,0,0.544,0.72,0.396,0.144,0,0,0.04625,0.04625,0,0,0.3,0.336,0.292,0.152,0.112,0.344,0,0,1,0,0.005,1,0.74,0.74,0.048,0.676,0.5,0.556,0,0.5,0,0,0,1,0,0,0.588,0.464,0.108,0.5,1,0.856,0,0,0,0.5,0,0.5,0,0,0,0.596,0.72,0.712,0,0,0.396,0.66,0.916,0.596,0.688,0,0.25,0.502,0.394,0.25,0.5,0.5,0.5,0.5,0.5,0.5,0.5,0.5
5,10,10,73,32,66,114,111,107,101,32,73,116,0.5,0.5,0.5,0.2285484,0.005,0,0,0,0.25,0.005,0.005,0,0.5,0.23670313,0.8129219,1,0,1,0,1,0.78501564,0,0,0.995,0,0,0.995,0.005,0,1,0.57232815,0.2135625,1,0,0.30553126,0,0.04625,0.04625,0.005,0,0,0.5129844,0.6436875,0,0.16503125,0.48021874,1,1,0.005,0.005,0.005,1,0.8698594,0,0.66426563,0.5,0,1,0.859125,0.005,0.005,0,0.005,0.005,1,1,0.5336406,0.65989065,0.39996874,0.5,0.5,0,0,0.005,0.5,0.5,1,0,0,0.005,0,0,1,0,0,0,0,0,1,0,0,0,0.25,0.25,0.25,0.25,0.5,0.5,0.5,0.5,0.5,0.5,0.5,0.5
5,0,9,76,97,98,32,67,108,111,99,107,0.64,0.5,0.5,1,0,0.09677419,0.13454998,1,0.176,0.0036523342,0,0,0.5,0,0.84458333,1,0.9419624,0.084622204,0.72800803,0.7922735,0.657423,0.8048389,0,0.92806,0.8245272,0.6826479,0.7586825,0.061660707,0.8587747,0,1,1,1,1,0.12,0.5,0.25,0.25,1,0,0.34540913,0.24385712,0.25585383,0.39239582,0.91628504,0.055804957,0.6753725,0.86804116,0.44592595,0.72552174,0.37133032,1,0.70589,0.28800002,0.45658162,0.16,0.5,0.9608516,0.18569425,0.5,0,0.71942884,0.5813233,0.81969124,0,1,0.36701825,0.44278997,0.83511,0.65357494,1,0.6068411,0.26323,1,0.08891618,1,0,0.99932945,1,0.57582986,0.24267374,0.7444798,0,0.62469,0.25507662,0.2715017,0.2544428,0.3393046,0.74902654,0.64965993,0.8647639,0.2055229,0,0.34468997,0.32511997,0,0.25,0.75,0.25,0.75,0.25,0.75,0.25,0.75
5,3,9,76,97,115,101,114,32,71,117,110,0.2,0.10400001,0.5,0.2285484,0,0.22580644,0,1,0.25,0.005,0.005,0,0.5,0,0.5,1,0,0,0,1,0,0,0,1,0,0,1,0,0.48,0,1,0.63199997,0.68799996,0.988,1,0,0.04625,0.04625,0,0,0.29999998,0.78000015,1,1,0.65599996,0.78,0,0,1,0,0.005,1,0.5,0.348,0,0,0.5,1,0,0,0,0.5,0,0,0,1,0.68,0.624,0,0,0.5,1,0,0,0.5,0,0,0,0,1,0.39999998,0.68799996,1,0.192,0,0,0.012,0.672,0,0.624,0.536,0,0.25,0.25,0.25,0.25,0,0.564,0.35599998,0.692,0.364,0.728,0.192,0.564
5,11,14,77,97,103,110,101,116,105,99,32,83,116,111,114,109,0.25,0.5,0.5,0.032258064,0,0.032258064,0,1,0.398,0,0,0,0.848,0,0.368,1,0,0,0,1,0,0,0.968,1,0,0,1,0,1,1,1,0.616,0.176,0.696,0.724,0.5,0.041666668,0.041666668,0,0,0.3,0,0.52,0.74,0.768,0,0,1,0,0,0,0,0.724,0.816,0,0.5,0.5,0,0,0.5,1,0,0,0,0,0,0.5,0,0,0,0.5,0.5,0,0,0,0,0,0,0,0,0.592,0.736,0.024,0.944,0,0,0,0,0.932,0.68,0,0,0.11,0.17,0.102,0.25,0,1,0.5,0.5,0.5,0.5,0.5,0.5
5,9,11,77,101,116,97,108,32,67,114,111,115,115,0.3,0.5,0.5,0.22580644,0,0.22580644,0,1,0.25,1,0,0,0.5,0,1,1,1,0,0,1,0.81392187,0,0,1,0,0,1,0,1,0,1,0,1,0,0,0,0.041666668,0.041666668,0,0,0.3,0.25546876,0.22046874,0,0,1,0,0,0,0,0,1,0.9792031,0,0.50082815,0,0.5,0.5,0,0,0,0,0,0.5,0,0,0.5,0,0,0,0.5,0.5,0,0,0,0,0,0,0,0,0,0,1,0,0,0,0.024390625,0.43796876,0,0.5770625,0,0,0.25,0.25,0.25,0.25,0.5,0.33890626,0.7122656,0.5,0.5,0.5,0.13734375,0.7815
5,11,12,77,111,97,110,105,110,103,32,87,105,110,100,0.75,0.5,0.5,0.22580644,0,0.22580644,0,0,0.25,0,0,0,0.5,0,0.5,1,1,0,1,0,0,0,0,1,0,0,1,0,0,0,1,0,0,0,0.82,1,0.041666668,0.041666668,0,0,0.3,0.24399999,1,0,0,0,0,0,1,1,0,0,0.18,0.232,0,0,0.5,0.66,0,0,0,0.5,0,0,0,0,0.028,0.64,0,0,0.5,1,0,0,0,0.5,0,0,0,0,0,0,1,0,0,0,0,0,1,0,0,0,0.25,0.25,0.25,0.25,0.5,0.5,0.5,0.5,0.5,0.5,0.5,0.5
5,10,8,77,111,115,113,117,105,116,111,0.6,1,0.5,0.032258064,0.005,0.032258064,0,1,0.98315626,0.005,0.005,0,0.5,0,0.5,1,0,1,1,0,0.578375,0,0,0.995,0.005,0,0.995,0.005,0,0,1,0,0,1,0.16,0.5,0.04625,0.04625,0.005,0.005,0.3,0.18934375,0,0,0.8961875,1,0.005,1,0,1,0.71428573,0.005,0.6488594,0.7362813,0.32429686,0.56920314,0.5,0,1,0.5,0.005,0.5,1,0.005,0,0.005,0.32070312,0.55445313,0.7878125,0.4353125,0.5,1,0,1,0,0,0,0.005,1,0.005,0,0,1,0,0,0,0,0,1,0,0,0,0.25,0.25,0.25,0.25,0.5,0.5,0.5,0.5,0.5,0.5,0.5,0.5
5,9,13,78,105,110,101,32,84,101,110,32,68,111,110,101,0.6,0.5,0.5,0.48387095,0,0.22580644,0.45942,0,0.25,1,0,0,1,0,0,1,0,1,0,1,0,0,0,1,0,0,1,0,0,0,1,1,1,0,0,0,0.041666668,0.041666668,0,0,0.29999998,1,0,0,0,0,0,0,0,0,0,1,0.59156,0.09275,0,0,0.5,0.5,0,0,0.5,0,0,0,0,1,0.65196997,0.11983,0,0,0.5,0.5,0,0.5,0,0,0,0,0,0,0,0,1,0,0,0,0,0.3102,0,0,0,0,0.25,0.25,0.25,0.25,0.5,0.5,0.5,0.5,0.5,0.5,0.5,0.5
5,11,7,79,66,88,32,74,101,116,0.05,0.5,0.5,0.22580644,0,0.22580644,1,1,0.25,0,0.5,0,1,0,0.063156255,1,0,1,0,1,0.892,0,0,1,0,0,1,0,0,0,0,0.62,0.504,0,1,0,0.041666668,0.041666668,0,0,0.3,0.668,0.956,0.032,1,0,0,0,0,0,0,0,0,1,0,0.5,0,0.5,0,0,0.5,0,0,0,0,0,0.5,0,0,0,0.5,0.5,0,0,0,0,0,0,0,0,0.584,0,0.96,0.528,0,0,0.284,0,1,0.584,0,0,1,0.086,0.25,0.886,0,1,0,1,0,1,0,1
5,9,9,80,115,121,32,80,111,119,32,49,0.5,0.5,0.5,0.032258064,0,0.032258064,0,1,0.25,1,0,0,0,0,0.5,1,1,0,1,0,0,0,1,1,0,0,1,0,0,0,1,1,0,0,0,0,0.041666668,0.041666668,0,0,0.3,0.56460935,0.5569375,0.28228125,0.10846875,0,0,1,0,0,0,0,0.5,0,0,0,0.5,0.5,0,0,0,0,0,0,0,0,0.5,0,0,0,0.5,0.5,0,0,0,0,0,0,0,0,0,0.42579687,0,0,0.8360469,0.67445314,0.058828127,0.37096876,0,0,0.6780781,0,0.25,1,0.25,0.25,0.5,0.5,0.5,0.5,0.5,0.5,0.5,0.5
5,9,9,80,115,121,32,80,111,119,32,50,0.6,0.5,0.5,0,0,0.032258064,0,0,0.25,1,0,0,0,0,0.5,1,1,0,1,0,0,0,1,1,0,0,1,0,0,0,1,1,0,0,0,0,0.041666668,0.041666668,0,0,0.3,0.66318744,0.5569375,0.28228125,0.10846875,0,0,1,0,0,0,0,0.5,0,0,0,0.5,0.5,0,0,0,0,0,0,0,0,0.5,0,0,0,0.5,0.5,0,0,0,0,0,0,0,0,0.67525,0.4546875,0,0,0.8360469,0.67445314,0.5146406,0.4514219,0,0,0.6780781,0,0.25,1,0.25,0.25,0.5,0.5,0.5,0.5,0.5,0.5,0.5,0.5
5,10,13,80,117,108,115,105,110,103,32,65,108,97,114,109,0.65,0.5,0.5,0.2285484,0.005,0.032258064,0,0,0.25,0.005,0.005,0,0.5,0,0.97284377,1,0,1,1,1,0.44976562,0.23175,0,0.995,0.005,0,1,0.005,0.5788594,0.005,1,0.81301564,0,1,0.5707344,0,0.04625,0.04625,0.005,0.005,0,0.375,0.46064064,0,1,0.2866406,1,1,0.005,0.005,0.005,1,0.8135156,0,1,1,0.5924375,0.5,0.59246874,0,0.005,0,0,0.005,0.5,0.005,0.33859375,0,0.47845313,0,0.5,0.5,0,0,0,0.005,0.5,0.005,1,0.005,0,0,0,0,0,0,0,0,1,0.4974844,0,0,0.25,0.25,0.25,0.25,0.5,0.5,0.5,0.5,0.5,0.5,0.5,0.5
5,0,14,82,97,99,101,32,67,111,110,100,105,116,105,111,110,1,0.5,0.5,0.48387095,0,0.032258064,0.056832835,1,0.017957961,0.2531935,0,0,0.53845096,0,0.16367121,1,0.97630966,0.13143861,0.55414784,0,0,0.10434829,0.059865355,0.5830329,0.1870066,0.31669012,0.23034191,0.47362489,0,0.24613434,0.8060041,0.89146745,0.77516115,0.012200072,0.28411114,0.16635293,0.041666668,0.041666668,0.32627743,0.14356428,0.18478501,0.44282246,0.034387156,0.11794022,0.11275644,0.37020198,0.9595383,0.57371044,0.26155072,0.031046093,0.48405522,0,0.096309766,0.71252084,0.017438881,1,0.5,0.52189344,0.0906113,0.6205679,0.9225858,0.27647078,0.265742,0.6188604,0.7229764,0,0.99707496,0.4891099,0.042389132,0.08576279,0.847446,1,0.0055246833,0.715104,1,0.49054492,0.6812689,0.12197322,0.9836618,0.12549198,0,0.3142757,0.56804717,0.37145695,0.032901037,0.09539037,0.32674533,0,1,0.64662,0.062153902,0.19690737,0.25,0.96649987,0.25,0.23479345,0.37827945,0.55997837,0.41199917,0.625,0.33572346,0.64865696,0.3863784,0.6203117
5,9,10,82,111,98,111,32,87,104,105,115,112,0.55,0.5,0.5,0.22580644,0,0.032258064,0,0,0.25,0,0,0,0.05853125,0.9279375,0.0988125,1,1,1,1,0,0,0,0,1,0,0,1,0,0.090625,0,1,0,0,1,1,0.5,0.041666668,0.041666668,0,0,0,0.47289062,1,0,1,1,0,0,1,1,0.35714287,1,0.1195625,0.6904687,0,0,0.5,0.5,0,0,0,0.5,0,0,0,0,0.5,0,0,0,0.5,0.5,0,0,0,0,0,0,0,0,0,0,0,0,1,0,0.13746876,0.27614063,0,0,0.5359531,0,0.25,0.90259373,0.25,0.25,0.5,0.5,0.5,0.5,0.5,0.5,0.5,0.5
5,11,11,83,104,97,114,112,32,66,108,97,115,116,0.316,0.5,0.5,0.09677419,0,0.032258064,0,1,0.45,0,0,0,0.63273084,0,0.912,1,0,1,0,0,0.236,0,0,0,0,0,1,0,0,0,1,0.076,0.024,0,1,0,0.041666668,0.041666668,0,0,0.3,0.496,0.736,0.048,0.776,0,0,1,0,0,0,0,0.524,0.7059732,0,0.5,0,0.5,0,1,0,0,0,0,0,0,0.764,0.636,0,0.5,1,0.5,0,0,0,0,0,0,0,0,0,0.296,0,0,0,0,0,0.636,0,0.728,0,0,0,0.064,0,0.25,0,1,0,1,0.5,0.5,0.5,0.5
5,2,20,83,116,114,111,110,103,32,71,117,115,116,115,32,79,102,32,87,105,110,100,0.5,0.5,0.5,0.22580644,0,0.22580644,0.6506665,1,0,0.005,0.005,0,0,0,0,1,1,0.005,1,0.005,0,0,0,0,0.005,0,0,0.005,0,0,0.35466674,0,0,0,1,0.5,0.04625,0.04625,0.005,0.005,0.3,0.25104967,0.61866665,0.08533341,0,0.4773333,1,1,0,1,0.005,0,0.5,0.61866665,0.36533338,0.5,0.5,0.5,0,0.005,0.005,0,0.005,0.005,0,0,0.3053335,0.8053336,0.42133325,0.5,0.5,1,0,0.005,0.005,0.5,0.005,0.005,1,0.005,0.37066668,1,1,0.73066676,0,0,0.41333345,1,1,0.7946666,0,0,0.322,0.13066675,0.25,0,0.1933335,0.796,0.4573332,0.5346665,0.33199975,0.6573335,0.9373335,0.13733351
5,0,19,84,104,117,110,100,101,114,32,77,97,108,102,117,110,99,116,105,111,110,0.54599607,0.5,0.5,1,0,0.09677419,0.104,1,0.70899993,0.2441535,0,0,0.71253663,0,0.66932046,1,0.72951365,0.76552916,0,1,0.20269,0.68,0.08420965,0.8351634,0,0.09421148,0.37500143,0.7689276,1,0,0.7924582,0,1,1,0,0.57119757,0.083333336,0.083333336,0.50334615,0.7401066,0.49428225,0.33377174,0.15702999,0.19933718,0.017313523,0.7641104,0.79638815,0.9445567,0.5190708,0.3143264,0.3499149,0,0.74107,0.6085014,0.69356424,0.7929907,0.30285493,0.879025,0.23493999,0.8921585,0.021404207,0.49780744,0.14375925,1,0,0,0.096429996,0.9789526,0.9068429,1,0.5,0.603261,0,0.5,1,1,0.5,0.13108468,0,0,0.07336179,0.6243345,0,0.10262603,0.21939638,0.4826306,0.39445576,0,1,0.58973,0.6738554,0.74,0.23059797,0.26985854,0.31416744,0.12724,0.25,0.75,0.25,0.75,0.25,0.75,0.25,0.75
5,11,14,85,112,108,105,102,116,32,82,101,103,117,108,97,114,0.35,0.5,0.5,0.22580644,0,0.22580644,0,1,0.018,0,0,0,0.5,0,0.5,1,1,0,1,0,0,0,0,1,0,0,1,0,0,0,1,0,0,0,0.656,0,0.041666668,0.041666668,0,0,0.3,0.78,0.312,0.836,1,0,0,1,0,0,0,1,0.912,0.32799998,0,0.5,1,0.5,0,0,0,0.5,0,0,0,0,0.5,0,0,0,0.5,0.5,0,0,0,0,0,0,0,1,0,0.86,0,0.668,0,1,0,0,1,0.76,0,0,0.25,0.462,0.794,0.25,0,0.921875,0.25390625,0.74609375,0,1,0.39453125,0.60546875
5,11,15,85,112,108,105,102,116,32,82,101,115,111,110,97,110,116,0.35,0.5,0.5,0.22580644,0,0.22580644,0,1,0.018,0,0,0,0.5,0,0.5,1,1,0,1,0,0,0,0,1,0,0,1,0,0,0,1,0,0,0,0.656,0,0.041666668,0.041666668,0,0,0.3,0.804,0.76,0.476,0.784,0,0,0,1,0,0,1,0.912,0.32799998,0,0.5,1,0.5,0,0,0,0.5,0,0,0,0,0.5,0,0,0,0.5,0.5,0,0,0,0,0,0,0,1,0.068,0.892,0,0.668,0,1,0,0,1,0.76,0,0,0.25,0.462,0.794,0.25,0,0.921875,0.25390625,0.74609375,0,1,0.39453125,0.60546875
5,11,13,85,112,108,105,102,116,32,83,119,111,111,115,104,0.39200002,0.5,0.5,0.09677419,0,0.032258064,0,1,0.45,0,0,0,0.5,0,0.5,1,0,0,0,0,0.236,0,0,0,0,0,1,0,0,0,1,0,0,0,1,0,0.041666668,0.041666668,0,0,0.3,0.68,0.68,0.708,1,0,0,1,0,0,0,0,0.7,0.27199998,0,1,0.5,0.5,0,0,0,1,0,0,0,0,0.5,0,0,0.5,0.5,0.5,0,0,0,0,0,0,0,1,0,0.66,0,1,0,1,0,0.74799997,0,0.59999996,0,0,0,0.22,0.16,0.25,0,1,0,1,0.5,0.5,0.5,0.5
5,3,9,85,115,101,32,68,101,108,97,121,0.6,0.5,0.5,0.2285484,1,0.22580644,0,0,0.25,0.005,0.005,0,0.6458333,0.312,0.5,1,1,0,1,0,0,0,0,1,0,0,1,0,0.248,0,0,0.396,0.472,0.868,0.308,1,0.04625,0.04625,0,0,0.3,0.432,0.532,1,0.608,0.356,0,0,1,1,0.21428572,0,0.752,0.468,1,0.424,0.532,1,0,0,0,1,0.5,0,1,0,0.812,0.048,0,1,0.5,0,0.372,0.5,1,0.5,0,0,0,0,0.712,0.824,0.46,0.832,1,0,0.64,0.884,0.784,0.728,0,0,0.25,0.25,0.25,0.25,0.5,0.5,0.5,0.5,0.5,0.5,0.5,0.5
5,3,13,86,111,105,100,32,66,108,105,122,122,97,114,100,0.6,0.5,0.5,0.2285484,0,0.22580644,0,0,0.25,0.005,0.005,0,1,0,0.648,1,0,0,0,1,0,0,0,1,0,0.076,1,0,0.88,1,1,0.384,0.22,1,0.332,0,0.04625,0.04625,0,0,0.29999998,0.23200001,0.98399997,0.24399999,0.332,0,0,0,1,1,1,0,0.024,0.44,0,0,0.5,0.76,0,0,0.5,0.5,0,0,0,1,0.111999996,0.396,0,0,0.5,0.5,1,0,0,1,0,0,0,0,0.752,0.83199996,0.21599999,0.77599996,0,0,0.57199997,0,1,0.856,0,0,0.25,0.38599998,0.074,0.25,0.376,0.648,0.42,0.636,0.392,0.636,0.26,0.724
5,9,10,87,105,100,101,32,87,105,110,100,115,0.4,0.5,0.5,0.22580644,0,0.22580644,0,1,0.25,1,0,0,0,0,1,1,1,0,1,0,0,0,0,1,0,0,1,0,1,0,1,0,0,0,1,0,0.041666668,0.041666668,0,0,0.3,0.34854686,0.62315625,0,0.104015626,0.48803124,1,1,0,0,0,0,0.17570312,0.41151562,0,0,0.5,1,0,0,0,0.5,0,0,0,1,0,0.7846137,0,0,0.5,0.9051875,0,0,0,0.5,0,0,0,0,0,0,1,0,0,0,0.017140625,0,1,0.10173438,0,0,0.25,0.25,0.25,0.25,0,0.14285715,0.2857143,0.42857146,0.5714286,0.71428573,0.8571429,1
6,1,5,66,97,110,106,111,0.636,0.5,0.5,0.3548387,0,0,0,1,0.146,0,0,0,0.5,0,0.996,1,1,0,1,1,0.099999994,0.14000002,0,1,0,0,1,0,0.584,1,0,0.516,0.76400006,0.672,0,0,0.041666668,0.041666668,0,0,0.3,0.44,0.136,0.36799997,0.776,0,0,0,0,0,0.21428572,0,0.5,0,0,0,0.5,0.5,0,0,0,0,0,0,0,0,0.5,0,0,0,0.5,0.5,0,0,0,0,0,0,0,0,0,0.428,0,0.676,0,1,0,0.48399997,0,0.284,0,1,0.25,0.25,0.25,0.25,0.5,0.5,0.5,0.5,0.5,0.5,0.5,0.5
6,1,19,67,108,101,97,110,32,71,117,105,116,97,114,32,67,104,111,114,117,115,0.24000002,0.5,0.5,1,0,0.09677419,0,1,0.44199997,0,0,0,0.5,0,0.5,1,1,0,1,1,0.37600002,0.172,0,1,0,0,1,0,0.63600004,1,0.452,0.60400003,0.836,0.728,0,0,0.041666668,0.041666668,0,0,0.3,0.33600003,0.1,0.35599995,0.684,0.02,0,0,0,0,0.21428572,0,0.5,0,0,0,0.5,0.5,0,0,0,0,0,0,0,0,0.5,0,0,0,0.5,0.5,0,0,0,0,0,0,0,0,0,0.64400005,0,0.676,0,1,0,0.652,0,0.228,0,1,0.25,0.25,0.25,0.25,0,1,0,1,0,1,0,1
6,1,18,67,108,101,97,110,32,71,117,105,116,97,114,32,77,117,116,101,100,0.588,0.5,0.5,0.3548387,0,0.22580644,0,0,0.25,0,0,0,0.5,0,0.5,1,1,0,1,1,0.468,0.236,0,1,0,0,1,0,0.54,1,0.452,0.564,0.84800005,0.852,0,0,0.041666668,0.041666668,0,0,0.3,0.40800005,0.168,0.35199997,0.376,0.02,0,0,0,0,0.21428572,0,0.5,0,0,0,0.5,0.5,0,0,0,0,0,0,0,0,0.5,0,0,0,0.5,0.5,0,0,0,0,0,0,0,0,0,0.20400001,0,0.676,0,1,0,0.36400002,0,0.228,0,1,0.25,0.25,0.25,0.25,0.5,0.5,0.5,0.5,0.5,0.5,0.5,0.5
6,1,12,67,108,101,97,110,32,71,117,105,116,97,114,0.572,0.5,0.5,0.3548387,0,0.22580644,0,0,0.25,0,0,0,0.5,0,0.5,1,1,0,1,1,0.468,0.192,0,1,0,0,1,0,0.54,1,0.452,0.488,0.84800005,0.852,0,0,0.041666668,0.041666668,0,0,0.3,0.41600004,0.068,0.33199996,0.584,0.02,0,0,0,0,0.21428572,0,0.5,0,0,0,0.5,0.5,0,0,0,0,0,0,0,0,0.5,0,0,0,0.5,0.5,0,0,0,0,0,0,0,0,0,0.476,0,0.676,0,1,0,0.652,0,0.228,0,1,0.25,0.25,0.25,0.25,0.5,0.5,0.5,0.5,0.5,0.5,0.5,0.5
6,1,18,68,105,115,116,111,114,116,101,100,32,71,117,105,116,97,114,32,49,0.45,0.5,0.5,0.3548387,0,0.22580644,0,0,0.25,0,0,0,0.5,0,0.668,1,1,0,1,1,0.216,0.124,0.120000005,0,0,0.216,0,0,0.39200005,1,0.756,0.84,0.88,0.74399996,0,0,0.041666668,0.041666668,0,0,0.3,0.60800004,0.14000002,0.10400001,0.20000002,0,0,0,0,0,0.21428572,0,0.5,0,0,0,0.5,0.5,0,0,0,0,0,0,0,0,0.5,0,0,0,0.5,0.5,0,0,0,0,0,0,0,0,0.060000002,0.44400007,0,0.676,0,0.892,0,0.916,0,0.24,0,1,0.25,0.25,0.25,0.25,0.5,0.5,0.5,0.5,0.5,0.5,0.5,0.5
6,1,18,68,105,115,116,111,114,116,101,100,32,71,117,105,116,97,114,32,50,0.4,0.5,0.5,0.3548387,0,0.22580644,0,0,0.25,0,0,0,0.5,0,0.772,1,1,0,1,1,0.216,0.124,0.120000005,0,0,0.216,0,0,0.85600007,1,0.21999998,0.84,0.88,0.74399996,0,0,0.041666668,0.041666668,0,0,0.3,0.60800004,0.14000002,0.10400001,0.20000002,0,0,0,0,0,0.21428572,0,0.5,0,0,0,0.5,0.5,0,0,0,0,0,0,0,0,0.5,0,0,0,0.5,0.5,0,0,0,0,0,0,0,0,0.060000002,0.44400007,0,0.676,0,0.892,0,0.916,0,0.24,0,1,0.25,0.25,0.25,0.25,0.5,0.5,0.5,0.5,0.5,0.5,0.5,0.5
6,1,22,68,105,115,116,111,114,116,101,100,32,71,117,105,116,97,114,32,77,117,116,101,100,0.5,0.5,0.5,0.3548387,0,0.22580644,0,0,0.25,0,0,0,0.5,0,0.612,1,1,0,1,1,0.32000002,0.196,0.24400002,0,0,0.36400002,0,0,0.36800003,1,0.83599997,1,0.924,0.91999996,0.056,0,0.041666668,0.041666668,0,0,0.3,0.576,0.19200002,0.11600004,0.05600002,0,0,0,0,0,0.21428572,0,0.5,0,0,0,0.5,0.5,0,0,0,0,0,0,0,0,0.5,0,0,0,0.5,0.5,0,0,0,0,0,0,0,0,0.024000004,0.26800007,0,0.676,1,0.744,0,0.448,0,0.24,0,1,0.25,0.25,0.25,0.25,0.5,0.5,0.5,0.5,0.5,0.5,0.5,0.5
6,1,9,70,108,97,103,101,111,108,101,116,0.808,0.5,0.5,0.3548387,0,0.22580644,0,0,0.25,0,0,0,0.75,0,0.716,1,0,0,1,1,0.284,0.18399999,0,1,0,0,1,0,0.56799996,1,0.80399996,0,0.828,0.312,0,0,0.041666668,0.041666668,0,0,0.3,0.40800005,0,0.268,0.76,0.036,0,0,0,0,0.21428572,0,0.5,0,0,0,0.5,0.5,0,0,0,0,0,0,0,0,0.5,0,0,0,0.5,0.5,0,0,0,0,0,0,0,0,0,0.17600001,0,0.676,0,0.684,0,0.68,0,0.556,0,1,0.25,0.25,0.25,0.25,0.5,0.5,0.5,0.5,0.5,0.5,0.5,0.5
6,1,10,70,114,101,116,32,78,111,105,115,101,0.876,0.74,0.5,0.22580644,0,0.22580644,0,0,0.25,0,0,0,0.5,0,0.5,1,1,0,0,1,0.004,0,0.492,1,0,0.152,1,0,0.748,0,1,0,1,0,0.276,0,0.041666668,0.041666668,0,0,0.3,0.23599999,0.172,0.448,0.372,0.492,0,1,1,1,0.78571427,0,0.5,0,0,0,0.5,0.5,0,0,0,0,0,0,0,0,0.5,0,0,0,0.5,0.5,0,0,0,0,0,0,0,0,0.104,0.268,0,0.60400003,0.656,0.244,0.04,0.252,0,0.108,0,1,0.25,0.25,0.25,0.25,0.5,0.5,0.5,0.5,0.5,0.5,0.5,0.5
6,1,11,70,117,110,107,32,71,117,105,116,97,114,0.45,0.5,0.5,0.3548387,0,0.22580644,0,0,0.25,0,0,0,0.5,0,0.5,1,1,0,1,1,0.488,0.08799999,0,1,0,0,1,0,0.63600004,1,0.26399997,0.488,0.84000003,0.83199996,0,0,0.041666668,0.041666668,0,0,0.3,0.23600003,0.004000002,0.68799996,0.648,0.02,0,0,0,0,0.21428572,0,0.5,0,0,0,0.5,0.5,0,0,0,0,0,0,0,0,0.5,0,0,0,0.5,0.5,0,0,0,0,0,0,0,0,0,0.45600003,0,0.676,0,1,0,0.624,0,0.228,0,1,0.25,0.25,0.25,0.25,0.5,0.5,0.5,0.5,0.5,0.5,0.5,0.5
6,1,11,74,97,122,122,32,71,117,105,116,97,114,0.5,0.5,0.5,0.3548387,0,0.22580644,0,0,0.25,0,0,0,0.5,0,0.5,1,1,0,1,1,0.19200002,0.24,0,1,0,0,1,0,0.744,1,0.452,0.29600003,0.96000004,0.8,0,0,0.041666668,0.041666668,0,0,0.3,0.272,0,0.42399994,0.684,0.02,0,0,1,0,0.21428572,0,0.5,0,0,0,0.5,0.5,0,0,0,0,0,0,0,0,0.5,0,0,0,0.5,0.5,0,0,0,0,0,0,0,0,0,0.64000005,0,0.676,0,1,0,0.69600004,0,0.26,0,1,0.25,0.25,0.25,0.25,0.5,0.5,0.5,0.5,0.5,0.5,0.5,0.5
6,1,19,78,121,108,111,110,32,83,116,114,105,110,103,32,71,117,105,116,97,114,0.5,0.5,0.5,0.3548387,0,0.22580644,0,0,0.25,0,0,0,0.5,0,0.54,1,0,0,1,1,0,0.304,0,1,0,0,1,0,0.30799997,1,0.56799996,0,0.792,0.204,0,0,0.041666668,0.041666668,0,0,0.3,0.47600004,0,0.304,1,0.036,0,0,1,0,0.21428572,0,0.5,0,0,0,0.5,0.5,0,0,0,0,0,0,0,0,0.5,0,0,0,0.5,0.5,0,0,0,0,0,0,0,0,0,0.42000002,0,0.676,0,0.684,0,0.668,0,0.252,0,1,0.25,0.25,0.25,0.25,0.5,0.5,0.5,0.5,0.5,0.5,0.5,0.5
6,1,16,79,118,101,114,100,114,105,118,101,32,71,117,105,116,97,114,0.4,0.5,0.5,0.3548387,0,0.22580644,0,0,0.25,0,0,0,0.5,0,0.668,1,1,0,1,1,0.224,0.111999996,0.136,0,0,0.28,1,1,0.37200004,1,0.756,0.64,0.88,0.728,0,0,0.041666668,0.041666668,0,0,0.3,0.54800004,0.24000002,0.136,0.20000002,0,0,0,0,0,0.21428572,0,0.5,0,0,0,0.5,0.5,0,0,0,0,0,0,0,0,0.5,0,0,0,0.5,0.5,0,0,0,0,0,0,0,0,0.076,0.33600006,0,0.676,0,0.892,0,0.916,0,0.24,0,1,0.25,0.25,0.25,0.25,0.5,0.5,0.5,0.5,0.5,0.5,0.5,0.5
6,1,11,80,111,119,101,114,32,67,104,111,114,100,0.5,0.656,0.5,0.032258064,0,0.032258064,0,1,0.282,0,0,0,0.25,0,0.6458333,1,1,0,1,0,0.728,0,0.124,1,0,0,1,0,0.58,0,0.708,1,0.952,0.792,0.17199999,0,0.041666668,0.041666668,0,0,0.3,0.64399993,0,0.072,0,0,0,0,0,0,0,0,0.5,0,0,0,0.5,0.5,0,0,0,0,0,0,0,0,0.5,0,0,0,0.5,0.5,0,0,0,0,0,0,0,0,0.04,0.063999996,0,0.508,0.152,0,0,0,1,0.064,0,0.604,0.25,0.25,0.25,0.25,0,1,0,1,0,1,0,1
6,1,13,80,111,119,101,114,32,67,104,111,114,100,32,50,0.64,0.39999998,0.5,0.032258064,0,0.032258064,0,1,0.041999996,1,0,0,0.25,0,0.6458333,1,1,0,1,0,0.648,0,0.392,1,0,0,1,0,0.58,0,0.928,1,1,0.68,0.248,0,0.041666668,0.041666668,0,0,0.29999998,0.67599994,0.152,0.072,0,0,0,0,0,0,0,0,0.5,0,0,0,0.5,0.5,0,0,0,0,0,0,0,0,0.5,0,0,0,0.5,0.5,0,0,0,0,0,0,0,0,0.04,0.063999996,0,0.508,0.152,0.14,0,0,1,0.063999996,1,0.604,0.25,0.25,0.25,0.25,0,1,0,1,0,1,0,1
6,1,17,80,111,119,101,114,32,67,104,111,114,100,32,77,117,116,101,100,0.5,0.636,0.5,0.032258064,0,0.032258064,0,1,0.202,0,0,0,0.25,0,0.6458333,1,1,0,1,1,0.724,0,0,1,0,0.156,1,0,0.58,0,0.708,1,1,0.72,0.16800001,0,0.041666668,0.041666668,0,0,0.3,0.28399995,0.06,0.34,0,0,0,0,0,0,0,0,0.5,0,0,0,0.5,0.5,0,0,0,0,0,0,0,0,0.5,0,0,0,0.5,0.5,0,0,0,0,0,0,0,0,0.027999999,0.28000003,0,0.508,0,0,0,0.488,0.063999996,0.064,0,0.604,0.25,0.25,0.25,0.25,0,1,0,1,0,1,0,1
6,1,19,80,111,119,101,114,32,67,104,111,114,100,32,77,117,116,101,100,32,50,0.68,0.396,0.5,0.032258064,0,0.032258064,0,1,0.14999999,1,0,0,0.25,0,0.6458333,1,1,0,1,1,0.74399996,0,0.0039999997,1,0,0.788,1,0,0.58,0,1,0.82,0.82,1,1,0,0.041666668,0.041666668,0,0,0.29999998,0.368,0.048,0.42,0,0,0,0,0,0,0,0,0.5,0,0,0,0.5,0.5,0,0,0,0,0,0,0,0,0.5,0,0,0,0.5,0.5,0,0,0,0,0,0,0,0,0.027999999,0.25599998,0,0.508,0,0.576,0,0.44399998,0.063999996,0.063999996,1,0.604,0.25,0.25,0.25,0.25,0,1,0,1,0,1,0,1
6,1,19,83,116,101,101,108,32,83,116,114,105,110,103,32,71,117,105,116,97,114,0.6,0.5,0.5,0.3548387,0,0.22580644,0,0,0.25,0,0,0,0.5,0,0.464,1,0,0,1,1,0.144,0.108,0,1,0,0,1,0,0.376,1,0.644,0,0.804,0.336,0,0,0.041666668,0.041666668,0,0,0.3,0.45200002,0,0.43999997,1,0.02,0,0,0,0,0.21428572,0,0.5,0,0,0,0.5,0.5,0,0,0,0,0,0,0,0,0.5,0,0,0,0.5,0.5,0,0,0,0,0,0,0,0,0,0.412,0,0.676,0,1,0,0.676,0,0.252,0,1,0.25,0.25,0.25,0.25,0.5,0.5,0.5,0.5,0.5,0.5,0.5,0.5
6,1,21,83,116,101,101,108,32,83,116,114,105,110,103,32,71,117,105,116,97,114,32,50,0.58,0.5,0.5,0.3548387,0,0.032258064,0,0,0,0,0,1,0.5,0,0.78999996,1,1,0,0,1,0.144,0.13599999,0,0,0,0,0,0,0.668,1,0.168,1,0.88799995,0,0,0,0.041666668,0.041666668,0,0,0.29999998,0.308,0,0.63199997,0.38,0,0,0,1,0,0,0,0.5,0,0,0,0.5,0.5,0,0,0,0,0,0,0,0,0.5,0,0,0,0.5,0.5,0,0,0,0,0,0,0,0,0,0.676,0,0.65599996,0.104,0.64,0.008565096,0.77599996,0,0.212,0.6359999,1,0.25,0.25,0.25,0.25,0.5,0.5,0.5,0.5,0.5,0.5,0.5,0.5
6,1,22,83,116,101,101,108,32,83,116,114,105,110,103,32,71,117,105,116,97,114,32,68,84,0.3,0.5,0.5,0.48387095,0,0.032258064,0,1,0.11800001,0,0,0,0.5,0,0.5,1,0,0,1,1,0.18,0,0,1,0,0,1,0,0.35599998,1,0.73199993,0.031999998,0.804,0.644,0,0,0.041666668,0.041666668,0,0,0.3,0.508,0,0.37199998,1,0.02,0,0,0,0,0.21428572,0,0.5,0,0,0,0.5,0.5,0,0,0,0,0,0,0,0,0.5,0,0,0,0.5,0.5,0,0,0,0,0,0,0,0,0,0.38,0,0.676,0,1,0,0.728,0,0.252,0,1,0.25,0.166,0.25,0.15,0,1,0,1,0,1,0,1
7,8,11,65,99,99,111,114,100,105,111,110,32,49,0.3,0.5,0.5,0.22580644,0,0.032258064,0,1,0.258,1,0,0,0.5,0.248,0.75,1,0,1,0,1,0.228,0,0,1,0,0,0,0,0,0,1,1,0.716,0.656,0,0,0.041666668,0.041666668,0,0,0.3,0.412,0.036,0.444,1,0,0,1,1,1,0,0,0.504,0,0.116,0,0.5,0.5,0,0,0,0,0,0,0.5,0,0.5,0,0,0,0.5,0.5,0,0,0,0,0,0,0,0,0.084,0,1,0.576,0,0,0.076,0,1,0.264,0,0,0.25,0.392,0.298,0.25,0.372,0.628,0.44,0.568,0.548,0.456,0.54,0.448
7,1,11,65,99,99,111,114,100,105,111,110,32,49,0.39200002,0.76,0.5,1,0,0.032258064,0,1,0.564,1,0,0,0.25,0,0.604,1,0,1,0,1,0.14399996,0.19999996,0,0,0,0,1,0,0.09599999,1,0.508,0,1,0.17200002,0,0,0.041666668,0.041666668,0,0,0.3,0.61599994,0.060000002,0.084,0.436,0,0,0,0,1,0.071428575,0,0.508,0,0.044,0,0.5,0.5,0,0,0,0,0,1,0,0,0.456,0,0.016,0,0.5,0.5,0,0,0,0,0,0,0,0,0,0,0.004,0.8,0,1,0.056,0.73200005,0.924,0.18800002,0.62,0.684,0.25,0.284,0,0.09,0.5,0.5,0.5,0.5,0.5,0.5,0.5,0.5
7,1,11,65,99,99,111,114,100,105,111,110,32,50,0.28000003,0.752,0.5,1,0,0.032258064,0,1,0.564,1,0,0,0.5,0,0.604,1,0,1,0,1,0.14399996,0.19999996,0,0,0,0,1,0,0.06800001,1,0.508,0.284,1,0.748,0,0,0.041666668,0.041666668,0,0,0.3,0.64399993,0.096,0.084,0.436,0,0,0,0,1,0.071428575,0,0.476,0.148,0.108,0,0.5,0.5,0,0,1,0,0,0.5,0,0,0.456,0,0.016,0,0.5,0.5,0,0,0,0,0,0,0,0,0,0,0.004,0.8,0,1,0.056,0.73200005,0.924,0.16400002,0.62,0.684,0.25,0.284,0,0.09,0.5,0.5,0.5,0.5,0.5,0.5,0.5,0.5
7,1,11,65,99,99,111,114,100,105,111,110,32,51,0.28000003,0.752,0.5,1,0,0.032258064,0,0,0,1,0,0,0.5,0,0.604,1,0,1,0,1,0.14399996,0.19999996,0,0,0,0,1,0,0,1,0.508,0.284,1,0.82000005,0,0,0.041666668,0.041666668,0,0,0.3,0.6599999,0.1,0.084,0.436,0,0,0,0,1,0.071428575,0,0.476,0,0,0,0.5,0.5,0,0,0,0,0,0,0,0,0.456,0,0.016,0,0.5,0.5,0,0,0,0,0,0,0,0,0,0,0.004,0.8,0,1,0.056,0.73200005,0.924,0.17200002,0.62,0.684,0.25,0.284,0,0.09,0.5,0.5,0.5,0.5,0.5,0.5,0.5,0.5
7,1,11,65,99,99,111,114,100,105,111,110,32,52,0.28000003,0.752,0.5,1,0,0.032258064,0,0,0.25,1,0,0,0.25,0.216,0.5,1,1,1,1,1,0.10399996,0.19999996,0,0,0,0,1,0,0,0,0.508,0.388,1,0.136,0,0,0.041666668,0.041666668,0,0,0.3,0.6799999,0.076000005,0.136,0.436,0,0,0,0,1,0.071428575,0,0.272,0,0,0,0.5,0.5,0,0,0,0,0,0.5,0,0,0.204,0.02,0.016,0,0.5,0.5,0,0.5,0,0,0,0,0,0,0,0.096,0.004,0.8,0,1,0.040000003,0.73200005,0.924,0.17600001,0.62,0.75600004,0.25,0.284,0,0.09,0.5,0.5,0.5,0.5,0.5,0.5,0.5,0.5
7,1,11,65,99,99,111,114,100,105,111,110,32,53,0.2,0.752,0.5,1,0,0.032258064,0,1,0.386,1,0,0,0.25,0,0.5,1,1,1,1,1,0.10399996,0.19999996,0,0,0,0,1,0,0,0,0.508,0.388,1,0.136,0,0,0.041666668,0.041666668,0,0,0.3,0.6799999,0.076000005,0.136,0.436,0,0,0,0,1,0.071428575,0,0.272,0,0.056,0,0.5,0.5,0,0,0,0,0,0.5,0,0,0.204,0.02,0.016,0,0.5,0.5,0,0.5,0,0,0,0,0,0,0,0.096,0.004,0.8,0,1,0.040000003,0.73200005,0.924,0.17200002,0.62,0.75600004,0.25,0.284,0,0.09,0.5,0.5,0.5,0.5,0.5,0.5,0.5,0.5
7,1,16,65,99,111,117,115,116,105,99,32,80,105,97,110,111,32,49,0.35,0.75,0.5,1,0,0.032258064,0,1,0,1,0,0,0.25,0,0.664,1,0,1,1,1,0.252,0.56,0.14800002,0,0,0.17599998,1,0,0.37199998,1,1,1,1,0.6,0.084,0,0.041666668,0.041666668,0,0,0.3,0.272,0,0.444,0.52,0,0,0,1,0,0,0,0.5,0,0,0,0.5,0.5,0,0,0,0,0,0,0,0,0.5,0,0,0,0.5,0.5,0,0,0,0,0,0,0,0,0,0.62,0.004,0.8,0,0.952,0,0.79200006,0,0.36400002,0,1,0,0,0,0,0.288,0.712,0.276,0.72400004,0.264,0.744,0.26,0.752
7,1,16,65,99,111,117,115,116,105,99,32,80,105,97,110,111,32,50,0.3,0.75,0.5,1,1,0.032258064,0,1,0,1,0,0,0.25,0,0.71199995,1,1,1,1,1,0.24399999,0.39599994,0.14000003,0,0,0.32,1,0,0.336,1,1,1,1,0,0,0,0.041666668,0.041666668,0,0,0.3,0.36799997,0.024,0.292,0.35999998,0,0,0,1,1,0.071428575,0,0.5,0,0,0,0.5,0.5,0,0,0,0,0,0,0,0,0.5,0,0,0,0.5,0.5,0,0,0,0,0,0,0,0,0.000000000000000003469447,0.54,0.004,0.8,0,1,0,0.70400006,0,0.344,0,1,0,0,0,0,0.28,0.72,0.28,0.72,0.28,0.71999997,0.27600002,0.72
7,1,16,65,99,111,117,115,116,105,99,32,80,105,97,110,111,32,51,0.334,0.75,0.5,1,1,0.032258064,0,1,0,1,0,1,0.25,0.20799999,0.64816684,1,1,1,1,1,0.14,0.524,0,0,0,0.17199999,1,0,0.148,1,0.19999999,1,1,0,0.17199999,0,0.041666668,0.041666668,0,0,0.28,0.25200006,0,0.468,0.288,0,0,0,1,0,0,0,0.5,0,0,0,0.5,0.5,0,0,0,0,0,0,0,0,0.5,0,0,0,0.5,0.5,0,0,0,0,0,0,0,0,0,0.74399996,0.0039999997,0.79999995,0,0.652,0,0.71199995,0,0.364,0.704,1,0,0,0,0,0.288,0.71199995,0.276,0.724,0.264,0.74399996,0.26,0.752
7,11,7,65,108,109,111,110,100,111,0.4,0.5,0.5,0.22580644,0,0.22580644,0,0,0.25,1,0,0,0.5,0.564,0.5,1,1,0,1,1,0,0.77199996,0,1,0,0,1,0,0,0,1,1,1,0,0,0,0.041666668,0.041666668,0,0,0.19600001,0.084,0.556,0.92,1,0,0,0,1,0,0,0,0.184,0.016,0,0,0.5,0.5,0,0.5,1,0,0,0,0,0,0.436,0.184,0.284,1,0.5,0.5,0,0,0,1,0,0.5,0,0,0.032,0.744,0.284,0.992,0,1,0,0.756,0,0.612,0,0,0.162,0.41799998,0.336,0.266,0.16275,0.8284062,0.0410625,1,0.32421875,0.67578125,0.18359375,0.74609375
7,9,13,65,110,32,79,99,101,97,110,32,83,111,110,103,0.4,0.5,0.5,1,0,0.032258064,0,1,0.25,1,0,0,0.5,0,0.7083333,1,1,0,0,1,0.3117656,0,0.002875,1,0,0,1,0,0.083171874,1,1,0.54942185,0.445,0,0,0,0.041666668,0.041666668,0,0,0.59773433,0.36909375,0.41640624,0.19220312,0.15504688,0,0,0,1,1,1,0,0.5,0.35742188,0,0,0.5,0.5,0,0,0,0.5,0,0,0,0,0.5,0,0,0,0.5,0.5,0,0,0,0,0,0,0,0,0.542125,0.36603126,0.37853125,0.7482031,0.0525625,0.4588125,0.0669375,0.46970314,0.19992188,0.6609687,0,0.38121876,0.25,0.25,0.035859376,0.069578126,0.5875035,0.5497354,0.474776,0.5627949,0.47591406,0.22468945,0.5147681,0.35971397
7,9,14,65,110,32,79,99,101,97,110,32,83,119,105,102,116,0.35,0.5,0.5,1,0,0.032258064,0,1,0.25,1,0,0,0.5,0,0.7083333,1,1,0,0,1,0.3117656,0,0.002875,1,0,0,1,0,0.083171874,1,1,0.54942185,0.445,0,0,0,0.041666668,0.041666668,0,0,0.59773433,1,0,0,0,0,0,0,0,0,0,0,0.5,0,0,0,0.5,0.5,0,0,0,0,0,0,0,0,0.5,0,0,0,0.5,0.5,0,0,0,0,0,0,0,0,0,0.36603126,1,0.7482031,0,0,0.0669375,0.46970314,0.19992188,0.6609687,0,0.38121876,0.25,0.25,0.035859376,0.069578126,0.5875035,0.5497354,0.474776,0.5627949,0.47591406,0.22468945,0.5147681,0.35971397
7,9,9,65,110,97,115,116,97,115,105,97,0.25,0.5,0.5,1,0,0.09677419,0,1,0.25,1,0,0,0.75,0,0.5,1,0,0,0,1,0.30776563,0,0,1,0,0,1,0,0,0,1,1,0.83451563,0.48920313,0,0,0.041666668,0.041666668,0,0,0.3,0.89996874,0.21764062,0.70790625,0,0,0,0,0,0,0,0,0.5,0,0,0,0.5,0.5,0,0,0,0,0,0,0,0,0.5,0,0.06015625,0,0.5,0.5,0,0,0,0,0,0.5,0,0,0,0,1,0,0,0.7283437,0.00184375,0.435875,0.16065624,0.7030625,0.13653125,0.32475,0.25,0.25,0.25,0.25,0.5,0.36834374,0.5,0.6258594,0.5,0.5886875,0.39057812,0.5
7,7,10,65,114,112,115,105,99,104,111,114,100,0.35,0.5,0.5,0.2285484,0,0.22580644,0,0,0.25,1,0.005,0,0.5,0,0.75,1,1,1,0.995,1,0.352,0.448,0,0.995,0.005,0.75,0.995,0.005,0,1,1,0.44668362,0.39810717,0.39810717,0,0,0.04625,0.04625,0.005,0.005,0.3,0.228,0.125,0.322,0,0,0.005,0.005,1,1,0.71428573,0.005,0.5,0,0,0,0.5,0.5,0,0.5,0.005,0,0,0,0,1,0.376,0,0.168,0,0.5,0.5,0,0,0,0,0.5,1,0.005,0.005,0.428,0.46393403,0.5,0.40738797,0,0.5,0,0.624,0.05,0.5041868,0.5,0.5,0.25,0.25,0.25,0.25,0.5,0.448,0.552,0.5,0.5,0.424,0.576,0.5
7,3,12,66,108,111,119,110,32,66,111,116,116,108,101,0.66,0.5,0.5,0.2285484,1,0.22580644,0,0,0.27,1,0.005,0,0.5,0.2,0.5,1,0,0,0,0,0.268,0.128,0,1,0,0.596,1,0,0,0,0.452,1,0.908,0.556,0.296,0,0.04625,0.04625,0,0,0.3,0.532,0.33200002,1,0.384,0.292,0,0,1,0,0.005,0,0.832,0.036,0,0,0.5,0.876,0,0,0.5,0,0,0,0,0,0.268,0.08,0,0,0.5,0.752,0,0.5,0,0,0,0,0,1,0.52,0.62,0,0.688,0,0,0.063999996,0.632,0,0.29999998,0,0,0.25,0.25,0.322,0.29,0.5,0.5,0.5,0.5,0.5,0.5,0.5,0.5
7,11,9,66,114,111,107,101,110,101,111,110,0.25,0.5,0.5,0.22580644,0,0.032258064,0,0,0.28199995,1,0,0,0.5,0.48,0.5,1,1,0,1,0,0,0,0,1,0,0,1,0,0.015234375,0,1,1,1,0,0,0,0.041666668,0.041666668,0,0,0.32399997,0.06,0.796,0.48799995,1,0,0,1,0,1,0,0,0.428,0.144,0,0,0.5,0.5,0,0.5,0.5,0,0,0,0,1,0.588,0.224,0,0.5,0,0.5,0,0,0,0.5,0,0,0,0,0.027999999,0.656,0.31599998,0.884,0,1,0,0.83599997,0,0.652,0,0,0,0.448,0.628,0,0.43537375,0.548625,0.42969,0.570315,0.46484375,0.57031375,0.42968625,0.570315
7,1,7,67,101,108,101,115,116,97,0.225,0.5833333,0.5,1,0,0.032258064,0,1,0.128,1,0,0,0.6666667,0,1,1,0,0,0,1,0.027999995,0.164,0.032,0,0,0,1,0,0,1,0.236,0.548,0.768,0.024,0,0,0.041666668,0.041666668,0,0,0.3,0.52800006,0.04399999,0.444,0.176,0,0,0,0,0,0,0,0.592,0,0,0,0.5,0.5,0,0,0,0,0,0,0,1,0.508,0,0,0,0.5,0.5,0,0,0,0,0,0,0,0,0,0.416,0,0.34800002,0,0.296,0.008,0.68,0,0.624,0,1,0.25,0.25,0.25,0.25,0,1,0,1,0,1,0.032,1
7,1,8,67,108,97,118,105,110,101,116,0.25,0.752,0.5,1,0,0.032258064,0,0,0,1,0,0,0.25,0,0.524,1,1,1,0,1,0.22799997,0.14399995,0.076,0,0,0,1,0,0.27600002,1,0.508,1,0.72400004,1,0,0,0.041666668,0.041666668,0,0,0.3,0.30399984,0.112,0.48,0,0,0,0,0,1,0.071428575,0,0.272,0,0,0,0.5,0.5,0,0,0,0,0,0,0,0,0.204,0.02,0.016,0,0.5,0.5,0,0,0,0,0,0,0,0,0,0.556,0.004,0.044,0,0.412,0,0.68,0,0.21200001,0.308,0.75600004,0,0,0,0,0.5,0.5,0.5,0.5,0.5,0.5,0.5,0.5
7,1,10,67,80,32,83,101,118,101,110,116,121,0.35,0.5,0.5,1,1,0.22580644,0,0,0,1,0,0,0.5,0,0.5,1,1,1,1,0,0.088,0,0.276,0,0,0.368,1,0,0.204,1,1,0.888,1,0,0,0,0.041666668,0.041666668,0,0,0.3,0.29199997,0,0.508,0.54399997,0,0,0,1,0,0,0,0.5,0,0,0,0.5,0.5,0,0,0,0,0,0,0,0,0.5,0,0,0,0.5,0.5,0,0,0,0,0,0,0,0,0,0.648,0,0.656,0,0.856,0,0.816,0,0.256,0,1,0,0.18,0,0,0.5,0.5,0.5,0.5,0.5,0.5,0.5,0.5
7,8,10,69,46,32,80,105,97,110,111,32,49,0.5,0.5,0.5,0.5483871,0,0.032258064,0,1,0.121999994,1,0,0,0.5,0,0.74940187,1,1,0,0,1,0,0,0.31199998,0,0,0.668,0,1,0.304,1,1,0.792,1,1,0.336,0,0.041666668,0.041666668,0,0,0.35999998,0.32000008,0,0.304,1,0,0,1,1,1,0,0,0.092,0,0,0,0.5,0.5,0.044,0,0,0,0,0,0,0,0.5,0,0,0,0.5,0.5,0,0,0,0,0,0,0,0,0,0.248,0.336,0.78,1,0.676,0,0.24,0.83199996,0.26,1,0.496,0.35799998,0.326,0.25,0.258,0.376,0.608,0.468,0.34,0.624,0.51199996,0.368,0.608
7,8,10,69,46,32,80,105,97,110,111,32,50,0.7,0.74,0.5,0.22580644,0,0.22580644,0,0,0.25,1,0,0,0.25,0,1,1,1,0,0,1,0,0,0,0,0,0,0,0,0,0,0,1,1,0,0,0,0.041666668,0.041666668,0,0,0.29999998,0.21599999,1,0,1,0.712,0,0,1,0,0,0,0.5,0,0,0,0.5,0.5,0,0,0,0,0,0,0,0,0.5,0,0,0,0.5,0.5,0,0,0,0,0,0,0,0,0.0021884097,0.0021884097,0,0,1,0.38,0,0.504,0,0.096,1,0.324,0.25,0.25,0.25,0.25,0.5,0.5,0.5,0.5,0.5,0.5,0.5,0.5
7,1,10,69,46,32,80,105,97,110,111,32,51,0.45,0.5,0.5,1,0,0.032258064,0,1,0,1,0,0,0.5,0,0.272,1,0,1,0,0,0.648,0,0,0,0,0,1,0,0.472,1,1,0.272,1,0.288,0,0,0.041666668,0.041666668,0,0,0.3,0.288,0.011999997,0.388,0.416,0,0,0,1,0,0,0,0.5,0,0,0,0.5,0.5,0,0,0,0,0,0,0,0,0.5,0,0,0,0.5,0.5,0,0,0,0,0,0,0,0,0,0.53599995,0.052,0.668,0,1,0,0.74,0,0.14,0,1,0.25,0.25,0,0.25,0,1,0,1,0,1,0,1
7,1,17,69,46,32,80,105,97,110,111,32,52,32,67,104,111,114,117,115,0.3,0.5,0.5,1,0,0.09677419,0,1,0.56,1,0,0,0.5,0,0.428,1,0,1,0,0,0.372,0,0,0,0,0,1,0,0.608,1,1,0.148,1,0.92,0,0,0.041666668,0.041666668,0,0,0.3,0.37600002,0.024,0.29200003,0.56,0,0,0,1,1,0,0,0.5,0,0,0,0.5,0.5,0,0,0,0,0,0,0,0,0.5,0,0,0,0.5,0.5,0,0,0,0,0,0,0,0,0,0.53599995,0.052,0.668,0,1,0,0.74,0,0.14,0,1,0.25,0.146,0,0.25,0,1,0,1,0,1,0,1
7,1,18,69,46,32,80,105,97,110,111,32,52,32,84,114,101,109,111,108,111,0.5,0.5,0.5,1,0,0.032258064,0,1,0,1,0,0,0.5,0,0.428,1,0,1,0,0,0.372,0,0,0,0,0,1,0,0.608,1,1,0.148,1,0.92,0,0,0.041666668,0.041666668,0,0,0.3,0.34800002,0.048,0.29200003,0.56,0,0,0,1,1,0,0,0.508,0,0.62,0,0.5,0.5,0,0,0,0,0,0,0.5,0,0.5,0,0,0,0.5,0.5,0,0,0,0,0,0,0,0,0,0.53599995,0.052,0.668,0,1,0,0.74,0,0.14,0,1,0.25,0.146,0,0.25,0,1,0,1,0,1,0,1
7,1,10,69,46,32,80,105,97,110,111,32,52,0.4,0.5,0.5,1,0,0.032258064,0,1,0,1,0,0,0.5,0,0.428,1,0,1,0,0,0.372,0,0,0,0,0,1,0,0.608,1,1,0.148,1,0.92,0,0,0.041666668,0.041666668,0,0,0.3,0.36800003,0.024,0.29200003,0.56,0,0,0,1,1,0,0,0.5,0,0,0,0.5,0.5,0,0,0,0,0,0,0,0,0.5,0,0,0,0.5,0.5,0,0,0,0,0,0,0,0,0,0.53599995,0.052,0.668,0,1,0,0.74,0,0.14,0,1,0.25,0.146,0,0.25,0,1,0,1,0,1,0,1
7,1,16,69,108,101,99,116,114,105,99,32,80,105,97,110,111,32,51,0.2,0.5,0.5,1,1,0.032258064,0,1,0.034,1,0,0,0.5,0,0.308,1,1,1,0,1,0.256,0.06,0,0,0,0,1,0,0.50799996,1,1,0.492,1,1,0,0,0.041666668,0.041666668,0,0,0.3,0.22400002,0,0.492,0.584,0,0,0,1,1,0,0,0.5,0,0,0,0.5,0.5,0,0,0,0,0,0,0,0,0.5,0,0,0,0.5,0.5,0,0,0,0,0,0,0,0,0,0.824,0,0.648,0,0.796,0,0.688,0,0.296,0,1,0.25,0,0.038,0.122,0,1,0,1,0,1,0,1
7,6,11,69,97,114,108,121,32,80,105,97,110,111,0.5,0.48330075,0.5,1,0,0.22580644,0,1,0.08733,1,0.005,0,0.52598435,0,0.5,1,0,1,0,0,0.58167,0,0,1,0,0,1,0,1,1,1,0,1,1,0,0.5,0.04625,0.04625,0,0,0.29999998,0.42103127,0,0.71948,0,0,0,0,1,0,0.005,0,0.5,0,0,0,0.5,0.5,0,0,0,0,0,0,0,0,0.5,0,0,0,0.5,0.5,0,0,0,0,0,0,0,0,0,0.20935999,0,0,0,0.59297,0,0.35959,0,0,0,0,0.25,0.25,0.25,0.25,0.5,0.5,0.5,0.5,0.5,0.5,0.5,0.5
7,11,8,69,108,97,114,105,115,105,110,0.5,0.5,0.5,0.48387095,0,0.032258064,0,1,0.386,1,0,0,0.5,0,0.75,1,1,0,0,1,0,0.728,0.356,0,1,0,1,0,0.288,1,0.524,0.8042571,0.30156326,0.856,0,0,0.041666668,0.041666668,0,0,0.3,0.104,0.344,0.576,1,0,0,0,0,0,0,0,0.5,0.096,0.4,0,0.5,0.5,0,0.5,0,0,0,1,0,1,0.512,0.372,0.816,1,0.5,0.5,1,0,0,0.5,0,0,0.5,0,0,0.768,0,0.62,0,0.404,0,0.79999995,0,0.464,0,0,0.25,0,0.002,0.25,0.39453125,0.60546875,0.39453125,0.60546875,0.39453125,0.60546875,0.39453125,0.60546875
7,11,10,69,108,101,103,97,110,116,32,69,80,0.15,0.744,0.5,1,0,0.06451613,0,1,0.446,1,0,0,0.25,0,0.812,1,0,1,0,1,0.26,0,0.232,0,1,0,1,0,0.28,1,1,1,0.704,0,0,0,0.041666668,0.041666668,0,0,0.3,0.252,0.41599998,0.296,0.928,0,0,0,1,0,0,0,0.31199998,0.092,0.68,0,0.5,0.5,0,0.5,0,0,0,1,0,0,0,0.696,0,0.5,0,0.5,0,0,0.5,0,0,0,0,0,0,0.768,0,0.428,0,1,0,0.79200006,0,0.272,0,0.456,0,0.114,0.0059999987,0.25,0,1,0,1,0,1,0,1
7,12,10,69,118,101,114,121,116,104,105,110,103,0.276,0.5,0.5,0.29032257,0,0.032258064,0,1,0.14453125,1,0,0,0.5,0,0.5,1,1,0,1,0,0,0,0,1,0,0,1,0,0.608,1,1,1,1,0,0,0,0.041666668,0.041666668,0,0,0.3,0.404,0.048,0.208,0.588,0.304,0,0,1,0,0,0,0.092,0.092,0,0.728,0.5,0.5,0,0.5,0,0,0,0,0,0,0.000000000000000027755576,0,0,0,0.5,0.5,0,0,0,0,0,0,0,0,0,0.076,0,0,0,0,0,0.876,0,0.49284372,0,0,0,0.5632343,0.636,0.7,0,1,0,1,0,1,0.5,0.5
7,10,13,69,118,111,108,117,116,105,111,110,32,65,114,112,0.5154375,0.5,0.5,0.2285484,0,0.09677419,0,1,0.25,1,0.005,0,0.5,0,1,1,1,0,0,1,0.6694844,0,0,0.995,0.005,0,0.995,0.005,0.09984375,0,0.28328124,1,0.6491563,0,0.21621875,0,0.04625,0.04625,0.005,0.005,0.3,0.26026565,0.12840626,0.30320314,0.27867186,0,0,1,0.005,0.005,0.005,0.005,0.2358125,0,0,0,0.5,0.5,0,0.005,0.005,0,0.005,0.005,0.005,0,0.8133906,0,0,0,0.5,0.5,0,0.005,0.005,0,0.005,0.005,0,0.005,0.091875,0.32667187,0,0.22996876,0,0.33407813,0.064953126,0.28321874,0,0.18895313,0.51335937,0.25460938,0.25,0.25,0.25,0.25,0.62215626,0.4233125,0.56434375,0.42701563,0.557125,0.44040626,0.56642187,0.4125625
7,7,13,70,111,114,109,97,110,116,32,82,101,101,100,115,0.5,0.5,0.5,0.2285484,0,0.22580644,0,0,0.25,1,0.005,0,0.5,0,0.25,1,1,1,0.995,1,0.35086316,0.448,0,1,1,0.75,1,1,0.5,1,0.5,1,1,0.44668362,0,0,0.04625,0.04625,0.005,0.005,0.3,0.18,0.33333,0.5,0.25,0,0.005,0.005,1,1,0.85714287,0.005,0.5,0,0,0,0.5,0.5,0,0.5,0.005,0,0,0,0,1,0.288,0.5,0.168,0,0.5,0.5,0,0,0.5,0.5,0.5,0.5,0,0.005,0.428,0.46393403,0.33333,0.46393403,0.5,0.75,0,0.624,0.1,0.5041868,0.5,0.5,0.25,0.25,0.25,0.25,0.5,0.448,0.552,0.5,0.5,0.424,0.576,0.5
7,11,10,71,97,108,97,99,116,105,107,101,121,0.3,0.748,0.5,0.48387095,0,0.032258064,0.056,1,0.524,1,0,0,1,0,0.25,1,0,1,1,0,0,0,0,1,0,0,1,0,0,0,1,0.352,1,0,0,0,0.041666668,0.041666668,0,0,0.3,0,0.424,0.444,1,0,0,1,0,0,0,0,0.58,0.81523675,0,0.5,0,0.5,0,0.5,0,0,0,0,0,0,0.744,0,0.392,0,0.5,0.5,0,0,0,0,0.5,0,0,0,0.024,0.576,0.448,0.972,0,0.964,0,0.688,0,0.652,0,0,0,0,0,0.25,0,1,0,1,0,1,0,1
7,6,11,71,111,111,100,32,69,110,100,105,110,103,0.5,0.5,0.5,1,0,0.09677419,0,1,0.20391,1,0.005,0,0.5,0,1,1,1,0,1,0,0,0,0,1,0,0,1,0,0.26477,1,1,1,1,1,0.22354999,0,0.04625,0.04625,0,0,0.29999998,0.26601568,0,0.40704998,0,0,0,0,0,0,0.005,0,0.16145,0,0,0,0.5,0.5,0,0,0.5,0.5,0,0,0,0,0.5,0,0,0,0.5,0.5,0,0,0,0,0,0,0,0,0,0.29852,0,0,0,0,0,0,1,0,0,0,0.25,0,0,0.0315,0.5,0.5,0.5,0.5,0.5,0.5,0.5,0.5
7,0,6,71,114,105,116,116,121,0.6,0.5,0.5,1,0,0.032258064,0,1,0.07200001,1,0,0,0.5,0,0.7916667,1,1,0,0,0,0.02933768,0,0,0.94080466,0,0,1,0.73503995,0.304,0,1,1,0.044,0.856,0,0.11620784,0.041666668,0.041666668,0.45210946,0.25472867,0.2933604,0.184,0.04,0.992,0.48625,0.108,0.8285628,0,0.17159897,0,0,0,0.53736,0,0.268,1,0.5,0.62626,0,0,0,0,0,0,0,0,0.15508,0.78653,0.852,1,0.5,0.62145,0,0,1,0.5,0.04891032,0.5,0,0,0,0.66328,0,0.368,0.079154074,1,0,0.72872,0,0.408,0,0.43403,0,0.30638,0.30795,0.104,0.25,0.75,0.25,0.75,0.25,0.75,0.25,0.75
7,6,7,71,117,105,116,97,114,121,0.5,0.5,0.5,1,0,0,0,1,0,1,0.005,0,0.5,0,1,1,0,1,0,0,0.29840624,0.29587498,0,0,0,0,0,0,0.5882344,1,1,1,1,1,0.09335937,0,0.04625,0.04625,0,0,0.3,0.46168014,0,0.24419948,0,0,0,1,0,0,0.005,0,0.1120625,0,0.673375,0,0.5,0.5,0,0,0,0,0.5,0,0,0,0.5,0,0,0,0.5,0.5,0,0,0,0,0,0,0,0,0,0.36679688,0,0.7022656,0,1,0,0.72125,1,0.6773125,0,1,0,0,0,0,0,1,0,1,0,1,0,1
7,1,9,72,97,114,109,111,110,105,99,97,0.25,0.752,0.5,1,0,0.032258064,0,0,0,1,0,0,0.5,0,0.51199996,1,0,1,0,1,0.32799998,0.19999996,0,0,0,0,1,0,0.264,1,0.508,0.71599996,1,0.708,0,0,0.041666668,0.041666668,0,0,0.3,0.5039999,0.304,0.164,0.436,0,0,0,0,1,0.071428575,0,0.548,0,0.108,0,0.5,0.5,0,0,0,0,0,0,0.5,0,0.456,0,0.016,0,0.5,0.5,0,0,0,0,0,0,0,0,0.196,0.392,0.648,0.8,0,0.532,0.124,0.73200005,0.924,0.17200002,0.62,0.684,0.25,0.284,0,0.09,0.5,0.5,0.5,0.5,0.5,0.5,0.5,0.5
7,11,8,72,97,114,112,107,105,101,115,0.25,0.5,0.5,0.7419355,0,0.06451613,0.108,1,0.068,1,0,0,0.5,0,0.61682427,1,0,1,0,0,0,0.00030195224,0,1,0,0,1,0,0.66717637,0,1,1,1,0,0,0,0.041666668,0.041666668,0,0,0.3,0,0,0.94400007,1,0,0,0,1,0,0,0,0.5,0,0,0.5,0.5,0.5,0.224,0,0,0,0,0,0,0,0.5,0,0,0.5,0.5,0.5,0,0,0,0,0,0,0,0,0,0.8,0,0.66,0.132,1,0,0.58000004,0,0.60400003,0.668,0,0,0.104,0.638,0,0.316,0.764,0.248,0.8,0.188,0.808,0.168,0.852
7,8,6,72,97,114,112,115,105,0.5,0.5,0.5,0.48387095,0,0.032258064,0,1,0.238,1,0,0,0.5,0.088,0.75,1,0,1,0,1,0.94,0,0,1,0,0,1,0,0,0,1,1,0.944,0,0,0,0.041666668,0.041666668,0,0,0.3,0.52,0,0.524,0,0,0,0,1,0,0,0,0.336,0.016,0,0,0.5,0.5,0,0,0.5,0,0,0,0,0,0.5,0,0,0,0.5,0.5,0,0,0,0,0,0,0,0,0,0.376,0.34,0.308,1,0.26,0,0.552,0,0.156,1,0.704,0.25,0.25,0.25,0.25,0.5,0.5,0.5,0.5,0.5,0.5,0.5,0.5
7,0,11,72,97,114,112,115,105,99,104,111,114,100,0.69599605,0.5,0.5,0.48387095,0,0.09677419,0,0,0.026,1,0,0,0.75,0.576,0.93775,1,1,0,0,1,0,0.65999997,0,1,0,0.504,1,0,0.424,1,1,1,0.776,0,0,0,0.041666668,0.041666668,0,0,0.3,1,0,0,0,0,0,0,0,0,0,0,0.5,0,0,0,0.5,0.5,0,0,0,0,0,0,0,0,0.5,0,0,0,0.5,0.5,0,0,0,0,0,0,0,1,0.412,0,1,0,0,0,0,0.568,0,0.288,0,0.796,0.25,0.25,0.25,0.25,0.5,0.5,0.5,0.5,0.5,0.5,0.5,0.5
7,1,10,72,111,110,107,121,32,84,111,110,107,0.25,0.75,0.5,1,0,0.06451613,0,1,0.6,1,0,0,0.25,0,0.664,1,0,1,1,1,0.252,0.56,0.14800002,0,0,0.17599998,1,0,0.37199998,1,1,1,1,0.6,0.084,0,0.041666668,0.041666668,0,0,0.3,0.272,0,0.444,0.52,0,0,0,1,0,0,0,0.5,0,0,0,0.5,0.5,0,0,0,0,0,0,0,0,0.5,0,0,0,0.5,0.5,0,0,0,0,0,0,0,0,0,0.62,0.004,0.8,0,0.952,0,0.79200006,0,0.32400003,0,1,0,0,0,0,0.288,0.712,0.276,0.72400004,0.264,0.744,0.26,0.752
7,10,11,73,99,121,32,75,97,108,105,109,98,97,0.7000469,0.5,0.5,0.2285484,0.005,0,0,0,0.25,1,0.005,0,0.5,0,0.8163594,1,0,1,0,0,0.33071876,0,0.21684375,0.995,0,0,1,0,1,0,1,0.14654687,0,0.7407344,0.36798438,0.5,0.041666668,0.04625,0.005,0.005,0,0.345125,1,0,1,0.44723436,1,0.005,0,0.005,0.005,0.005,0.141,0,0,0,0.5,0.5,0,0.005,0.005,0.005,0,0.005,0.005,0.005,0.5,0,0,0,0.5,0.5,0,0.005,0.005,0.005,0.005,0.005,0.005,0.005,0,0,0,0,0,0,0,0.60664064,0,0.59246874,0,0.7487969,0.25,0,0.25,0.25,0.5,0.5,0.5,0.5,0.5,0.5,0.5,0.5
7,3,17,73,110,116,101,114,115,116,101,108,108,97,114,32,68,97,114,107,0.45,0.5,0.5,0.2285484,0,0.22580644,0,0,0.25,1,0.005,0,0.5,0,0.5,1,0,0,0,0,0,0,0,1,0,0,1,0,0,0,1,0.972,0.86,0,0,0,0.04625,0.04625,0,0,0.3,0.528,0.392,0,0,0.204,1,1,0,0,0.005,0,0.872,0.108,0,0,0.5,1,0,0,1,0.5,0,0,0,0,0.24,0.084,0,0,0.5,0.58,0,0.5,0,0,0,0,0,0,0.188,0,1,0,0,0,0.028,0,1,0.656,0,0,0.25,0.25,0.25,0.25,0.416,0.584,0.34,0.656,0.432,0.58,0.34,0.676
7,11,13,73,116,39,115,32,97,110,32,79,66,45,88,33,0.25,0.5,0.5,0.22580644,0,0.22580644,0,0,0.25,1,0,0,0.5,0.648,0.5,1,1,0,1,0,0,0,0,1,0,0,1,0,0,0,1,1,1,0,0,0,0.041666668,0.041666668,0,0,0.3,0.272,0.212,0.612,1,0,0,0,0,0,0,0,0.496,0.088,0,0,0.5,0.5,0,0.5,0.5,0,0,0,0,0,0.5,0,0,0,0.5,0.5,0,0,0,0,0,0,0,0,0,0.756,0,0.72,0,1,0.036,0.22,1,0.664,0,0,0.138,0.23,0.174,0.25,0.5,0.5,0.5,0.5,0.5,0.5,0.5,0.5
7,11,13,74,54,48,32,78,101,111,110,32,77,97,105,110,0.45,0.5,0.5,0.48387095,0,0.032258064,0,1,0.554,1,0,0,0.25,0.188,0.5,1,1,1,1,0,0,0,0,1,0,0,1,0,0,0,1,0.216,1,0,0,0,0.041666668,0.041666668,0,0,0.3,0.044,0.272,0.568,1,0,0,0,1,0,0,0,0.428,0.112,0,0,0.5,0.5,0,1,1,0,0,0,0,0,0.5,0,0,0,0.5,0.5,0,0,0,0,0,0,0,0,0.008000001,0.564,0.316,1,0,1,0,0.836,0,0.652,0,0,0,0,0,0,0.32990626,0.68925,0.2890625,0.7109375,0.359375,0.60546875,0.25390625,0.7109375
7,11,13,74,54,48,32,78,101,111,110,32,80,87,32,49,0.45,0.5,0.5,0.48387095,0,0.032258064,0,1,0.554,1,0,0,0.25,0.188,0.5,1,0,1,0,1,0.504,0,0,1,0,0.13199997,0,0,0,0,1,0.216,1,0,0,0,0.041666668,0.041666668,0,0,0.3,0.044,0.272,0.568,1,0,0,0,1,0,0,0,0.428,0.112,0,0,0.5,0.5,0,1,1,0,0,0,0,0,0.5,0,0,0,0.5,0.5,0,0,0,0,0,0,0,0,0.008000001,0.564,0.316,1,0,1,0,0.836,0,0.652,0,0,0,0,0,0,0.32990626,0.68925,0.2890625,0.7109375,0.359375,0.60546875,0.25390625,0.7109375
7,11,13,74,54,48,32,78,101,111,110,32,80,87,32,50,0.45,0.5,0.5,0.48387095,0,0.032258064,0,1,0.554,1,0,0,0.25,0.188,0.5,1,0,1,0,1,0,0,0,1,0,0.716,0,0,0,0,1,0.216,1,0,0,0,0.041666668,0.041666668,0,0,0.3,0.044,0.272,0.568,1,0,0,0,1,0,0,0,0.428,0.112,0,0,0.5,0.5,0,1,1,0,0,0,0,0,0.48,0,0.608,1,0.5,0.5,0,0,0,0,0,0.5,0,0,0.008000001,0.564,0.316,1,0,1,0,0.836,0,0.652,0,0,0,0,0,0,0.32990626,0.68925,0.2890625,0.7109375,0.359375,0.60546875,0.25390625,0.7109375
7,11,13,74,88,32,69,46,32,80,105,97,110,111,32,49,0.6,0.5,0.5,0.7419355,0,0.032258064,0,1,0.294,1,0,0,0.25,0.076,0.5,1,0,1,1,0,0.00000000000000005551115,0,0,1,0,0,1,0,0,0,1,0.372,1,0,0.043999996,0,0.041666668,0.041666668,0,0,0.3,0.236,0.16,0.248,0.836,0,0,0,1,0,0,0,0.288,0.059999995,0,0,0.5,0.5,0,0,1,0,0,0,0,0,0,0.9937183,0,0.5,0,0.5,0,0.5,0,0,0,0,0,0,0.008,0.648,0,0.224,0.264,0.516,0,0.616,0,0.28,0,0.32,0.25,0.11,0.098,0.25,0.304,0.708,0.22,0.676,0.312,0.664,0.324,0.712
7,11,13,74,88,32,69,46,32,80,105,97,110,111,32,50,0.5,0.75,0.5,1,0,0.032258064,0,1,0.294,1,0,0,0.9514558,0.076,0.24999979,1,0,1,1,0,0.00000000000000005551115,0,0,1,0,0,1,0,0,0,1,0.29999998,1,0,0.043999996,0,0.041666668,0.041666668,0,0,0.3,0.236,0.16,0.248,0.836,0,0,0,1,0,0,0,0,1,0,0,0,0.5,0,1,0,0,0,0,0,0,0.372,0.032,0,0,0.5,0.5,0,0,0.5,0,0,0,0,0,0.008,0.648,0,0.224,0.264,0.516,0,0.616,0,0.28,0,0.32,0.25,0.11,0.098,0.25,0.304,0.708,0.22,0.676,0.312,0.664,0.324,0.712
7,11,13,74,88,32,69,46,32,80,105,97,110,111,32,51,0.4,0.752,0.5,0.7419355,0,0.032258064,0,1,0.474,1,0,0,0,0.076,0.24999979,1,0,1,1,0,0.208,0,0,1,0,0,1,0,0.12399999,0,1,0.628,1,0,0.043999996,0,0.041666668,0.041666668,0,0,0.3,0.252,0.52,0.24,1,0,0,0,1,0,0,0,0.524,0.128,0.356,1,0.5,0.5,0,0,0,1,0,0,0.5,0,0,0.99251974,0,0.5,0,0.5,0,0.5,0,0,0,0,0,0,0.008,0.824,0,0.428,0,0.516,0,0.748,0,0.272,0,0.32,0.25,0.11,0.098,0.25,0.304,0.708,0.22,0.676,0.312,0.664,0.324,0.712
7,11,6,75,97,119,97,114,105,0.35,0.756,0.5,0.7419355,0,0.032258064,0,1,0.394,1,0.005,0,0.25,0.15200001,0.74098307,1,0,0,0,1,0,0.696,0,0,0,0,0,0,0.272,0,1,1,0.76,1,0,0,0.04625,0.04625,0,0,0.328,0.33600003,0.252,0.888,0.912,0,0,0,1,0,0.21428572,0,0.46,0.10000002,0,0,0.5,0.5,0,0,1,0,0,0,0,0,0.5,0,0,0.5,0.5,0.5,0,0,0,0,0,0,0,0,0,0.65996003,0,0.575,0,1,0,0.708,0,0.676,0,0,0,0.074,0.134,0.25,0.268,0.652,0.26000002,0.788,0.268,0.652,0.27199998,0.712
7,11,7,76,101,97,107,101,121,115,0.2,0.5,0.5,0.22580644,0,0.22580644,0,0,0.25,1,0,0,0.5,0,0.5,1,1,0,1,0,0,0,0,1,0,0,1,0,0,1,0,0.7943282,0.7943282,0,0.192,0.5,0.041666668,0.041666668,0,0,0.3,0.2,0.496,0.368,0.748,0.448,1,1,1,1,0.71428573,0,0.45200002,0,0.396,0,0.5,0.5,0,0,0,0,0,0.5,0,0,0.508,0.41199997,0,1,0.5,0.5,0,0,0.5,0,0,0,0,0,0.016,0.52800006,0,0.924,0,1,0,0.62,0,0.348,0,0.352,0,0.07,0,0.426,0.128,0.82,0.224,0.784,0.136,0.8,0.172,0.828
7,6,12,76,105,103,104,116,104,101,97,114,116,101,100,0.5,0.5,0.5,1,0,0.22580644,0,1,0.043046877,1,0.005,0,0.5,0,0.80532813,1,0,1,0,0,0,0.7570937,0,1,0,0,1,0,0.73104686,1,0,0.7023769,0,1,0.12623438,0.5,0.04625,0.04625,0,0,0.3,0.47884375,0,0.47290626,0,0.7132656,0,0,1,0,0.005,0,0.5,0,0,0,0.5,0.5,0,0,0,0,0,0,0,0,0.23614062,0.7808125,0,0,0.5,0.5,0,0,0.5,0,0,0,0,0,0,0.117390625,0,0.21646875,0,0,0,0.34840626,0,0.13996875,0,0,0.25,0,0,0.031496063,0.5,0.5,0.5,0.5,0.5,0.5,0.5,0.5
7,0,11,76,111,45,70,105,32,80,105,97,110,111,0.65,0.5,0.5,1,0,0.032258064,0,1,0.196,1,0,0,0.5,0.3189206,0.59865546,1,0.45904118,0.5559434,0.6478291,0.6712908,0.22719541,0.20700516,0,0.6377524,0.4876626,0.9797562,0,0.72432846,0.824,0.95598495,1,1,0.36678034,0.481919,0.6,1,0.041666668,0.041666668,0.93567926,0,0.028,0.3518347,0.116,0.054520976,0.42032373,0.24607,0.4978432,0.6589004,0.814505,0.12020534,0.38824248,1,0.60212,0.304,0.4647134,0.67617655,1,0.72894824,0.45426,0,0,1,0.40393865,0.51333153,0.5,1,0.38816997,0.34091794,0.636,0.3674519,0.68197495,0.723405,0.16616376,0,1,0.5,0.2801208,0.4153899,0.41667062,0.009204805,0.09738717,0.40564835,0.6599939,0.33242813,0.32462695,0.64648116,0.058329172,0.32374316,0.11799001,0.512863,0.058018833,0.65154,0.15734065,0.14400993,0.07478068,0.09869522,0.54189295,0.416963,0.4639484,0.4491252,0.5195379,0.5581171,0.41223815,0.5205462
7,11,8,77,101,108,108,111,87,111,119,0.3,0.5,0.5,0.22580644,0,0.22580644,0,0,0.25,1,0.5,0,0.5,0,0.5,1,0,1,0,1,0.652,0,0,1,0,0,1,0,0,0,0,1,1,0,0,0,0.041666668,0.041666668,0,0,0.3,0,0.47199997,0.57600003,0,0,0,0,0,0,0,0,0.5,0,0,0,0.5,0.5,0,0,0,0,0,0,0,0,0.5,0,0,0,0.5,0.5,0,0,0,0,0,0,0,0,0.1,0.348,0.636,0,0,0,0,0.764,0,0.048,0,0,0.25,0.156,0.092,0.25,0.39453125,0.640625,0.359375,0.640625,0.359375,0.640625,0.359375,0.60546875
7,3,12,77,111,111,110,32,80,105,97,110,111,32,49,0.3997097,0.5,0.5,0.48387095,0,0.22580644,0,0,0.25,1,0.005,0,0.5,0.116,0.5,1,1,0,1,1,0.128,0.036,0,1,0,0.72,1,0,0.044,0,0.768,0.664,0.904,0.504,0.248,0,0.04625,0.04625,0,0,0.3,0.476,0.212,0.488,0.348,0.172,0,0,1,1,0.071428575,0,0.16,0.044,0.592,0.3,0.5,1,0.684,0,0.5,0,0,0.5,0,0,0.02,0.056,0.048,0,0.5,0.156,0.476,1,0,0.5,0,0.5,0,1,0.676,0.704,0.084,0.128,0.592,0.472,0,0.712,0,0.568,0,0.328,0.25,0.39,0.49,0.414,0.204,0.768,0.38,0.616,0.06,0.92,0.22,0.776
7,3,12,77,111,111,110,32,80,105,97,110,111,32,50,0.4,0.5,0.5,0.48387095,0,0.22580644,0,0,0.25,1,0.005,0,0.5,0.116,0.5,1,0,0,1,1,0.376,0.036,0,0,1,0.72,1,0,0.132,1,0.768,0.792,0.904,0.504,0.248,0,0.04625,0.04625,0,0,0.3,0.5080001,0.236,0.556,0.348,0.172,0,0,1,1,0.071428575,0,0.16,0.044,0.592,0.3,0.5,1,0.684,0,0.5,0,0,0.5,0,0,0.02,0.056,0.048,0,0.5,0.156,0.476,1,0,0.5,0,0.5,0,1,0.676,0.704,0.084,0.128,0.744,0.472,0,0.712,0,0.568,0.764,0.328,0.25,0.39,0.49,0.414,1,0,0.38,0.616,0.06,0.92,0.22,0.776
7,3,12,77,111,111,110,32,80,105,97,110,111,32,51,0.4,0.5,0.5,0.48387095,0,0.22580644,0,0,0.25,1,0.005,0,0.75,0.188,0.5,1,0,1,1,0,0.512,0.228,0,1,1,0.72,1,0,0.04,0,0.768,0.872,1,0.892,0.248,0,0.04625,0.04625,0,0,0.3,0.59200007,0.236,0.848,0.348,0.172,0,0,1,1,0.071428575,0,0.16,0.092,0.592,0.3,0.5,1,0.684,0,0.5,0,1,0.5,0,0,0.132,0.056,0.048,0.504,0.5,1,0.476,1,1,0.5,0,0.5,0,1,0.676,0.704,0.084,0.128,0.744,0.472,0,0.712,0,0.568,0.764,0.328,0.25,0.39,0.49,0.414,1,0,0.38,0.616,0.06,0.92,0.22,0.776
7,9,10,77,111,117,116,104,32,75,101,121,115,1,0.5,0.5,0.48387095,0,0.22580644,0,0,0.25,1,0,0,0.24996759,0,0.7500186,1,0,1,0,0,0.23775,0,0,1,0,0,1,0,0.08190625,0,1,0.42720312,0.47635937,0.35270312,0,0,0.041666668,0.041666668,0,0,0.3,0.21129687,0.4726875,0.42909375,0.119875,0,0,0,1,1,1,1,0.53354686,1,0.1034375,0,0.5,0.5,0,0,0,0,0.5,0,0,0,0.5,0,0,0,0.5,0.5,0,0,0,0,0,0,0,0,0,0,1,0.61345315,0,0.5580625,0,0.615,0,0.41304687,0.11126562,0.3886875,0.25,0.7032812,0.1040625,0.25,0.5,0.5,0.5,0.5,0.5,0.5,0.5,0.5
7,2,7,78,111,32,70,97,116,101,0.3,0.5,0.5,1,0,0.032258064,0,1,0.06,1,0,0,0.5,0,0.5,1,0,1,0,1,0,0,0,1,0,0,1,0,0.012,0,0.604,0.608,0.624,1,0,0,0.041666668,0.041666668,0,0,0.29999998,0.28,0.04,0.44,0,1,0,0,1,0,1,0,0.5,0,0,0.5,0.5,0.5,0,0,0,0,0,0,0,0,0.092000015,0,0.028,0.5,0.5,1,0,0,0,0,0.5,1,0,0,0,0.37199995,0.224,0.8120001,0,0,0,1,1,0.65599996,0,0,0.25,0.25,0.25,0.25,0.436,0.544,0.456,0.572,0.428,0.568,0.428,0.568
7,2,38,78,111,32,76,111,110,103,101,114,32,68,111,32,73,32,84,114,101,97,100,32,84,104,101,32,83,97,110,100,32,66,97,114,101,102,111,111,116,0.35,0.5,0.5,0.22580644,0,0.22580644,0,0,0.01,1,0,0,0.5,0.092,0.74898285,1,1,0,1,1,0.592,0,0.008,1,0,0.632,1,0,0,1,1,1,0.97199994,0,0.252,0,0.041666668,0.041666668,0,0,0.29999998,0.144,0.144,0.556,0,0,0,1,0,1,0.21428572,0,0.092,0,0,0,0.5,0.5,0,0,0,0,0,0,0,0,0,0,0,0,0.5,0.5,0,0,0,0,0,0,0,0,0,0.50799996,0.224,0.8880001,0,0,0,1,1,0.844,0,0,0.25,0.25,0.25,0.25,0.5,0.5,0.5,0.5,0.5,0.5,0.5,0.5
7,11,7,78,111,105,114,101,111,110,0.4,0.5,0.5,1,0,0.06451613,0,1,0.45000002,1,0,0,0.25,0,0.5,1,0,1,1,0,0,0,0,1,0,0,1,0,0,0,1,0.16800001,1,0,0.084,0,0.041666668,0.041666668,0,0,0.092000015,0,0.388,0.69200003,1,0.012,0,0,0,1,0,0,0.428,0.168,0,1,0.5,0.5,0,1,1,0,0,0,0,0,0.5,0,0,0,0.5,0.5,0,0,0,0,0,0,0,0,0.032,0.616,0.316,0.896,0,1,0,0.836,0,0.732,0,0,0,0,0,0,0.32990626,0.68925,0.2890625,0.7109375,0.359375,0.60546875,0.25390625,0.7109375
7,11,8,79,66,32,80,105,97,110,111,0.25,1,0.5,0.7419355,0,0.06451613,0.108,1,0,1,0,0,0.25,0,0.56856483,1,0,1,0,1,0,0.00030195224,0,1,0,0,1,0,0.66265714,0,1,1,1,0,0,0,0.041666668,0.041666668,0,0,0.3,0,0,0.94400007,1,0,0,0,1,0,0,0,0.5,0,0,0.5,0.5,0.5,0.224,0,0,0,0,0,0,0,0.5,0,0,0.5,0.5,0.5,0,0,0,0,0,0,0,0,0,0.8,0,0.748,0.132,1,0,0.54,0,0.448,0.668,0,0,0.104,0.638,0,0.316,0.764,0.248,0.8,0.188,0.808,0.168,0.852
7,11,8,79,98,105,101,107,105,101,115,0.5,0.5,0.5,0.48387095,0,0.032258064,0.108,1,0.238,1,0,0,0.5,0.38,0.49324578,1,1,0,1,0,0,0,0,1,0,0,1,0,0.22,0,0.252,1,1,1,0.064,0.5,0.041666668,0.041666668,0,0,0.3,0.06,0.072000004,0.76400006,1,0.684,0,0,1,1,0,0,0.120000005,0.06,0,1,0.5,0.5,0,0,1,0.5,0,0,0,0,0.12,0.112,0,1,0.5,0.5,0,0.5,0,0,0,0,0,0,0.012,0.912,0,0.736,0.132,0.488,0,0.644,0,0.588,0.668,0.4,0.146,1,0.274,0,0.212,0.74,0.26,0.716,0.22,0.752,0.236,0.72
7,11,12,79,66,88,32,67,108,97,118,105,110,101,116,0.5,0.5,0.5,0.22580644,0,0.22580644,0,0,0.25,1,0,0,0.5,0.224,0.5,1,0,1,0,1,0.8,0,0,1,0,0,1,0,0,0,0,1,1,0,0,0,0.041666668,0.041666668,0,0,0.56715626,0.356,0,0.428,1,0,0,0,1,0,0,0,0.5,0,0,0,0.5,0.5,0,0,0,0,0,0,0,0,0.5,0,0,0,0.5,0.5,0,0,0,0,0,0,0,0,0,0.304,0.364,0.236,0.932,0.1,0,0.5808438,0,0,0,0,0.25,0.184,0.086,0.25,0.392,0.652,0.328,0.768,0.288,0.684,0.34,0.612
7,3,15,79,108,100,32,84,105,109,101,114,32,80,105,97,110,111,0.5,0.256,0.5,0.2285484,0,0.22580644,0,0,0.25,1,0.005,0,1,0,0.74,1,0,0,0,0,0,0,0,1,0,0,1,0,0.256,0,1,0.784,1,0.712,0.104,0.5,0.04625,0.04625,0,0,0.3,0.664,0.504,0.48,0.62799996,0,0,0,0,0,0.005,0,0.5,0,0,0,0.5,0.5,0,0,0,0,0,0,0,1,0.5,0.168,0,0,0.5,0,0,0.5,0,0,0,0,0,0,0,0.548,0.532,0.736,0,0,0,0.56,0,0.732,0,0,0.25,0.25,0.25,0.25,0.5,0.5,0.5,0.5,0.5,0.5,0.5,0.5
7,7,10,80,108,101,97,115,97,110,84,114,105,0.4,0.5,0.5,0.48387095,0,0.09677419,0.33333,1,0.25,1,0.005,0,0.25,0,0.75,1,0,0,1,1,0.35086316,0.5263158,0,0.995,0.005,0.5,0.995,0.005,0.2,1,1,0.89125097,0.63095737,0.576,0.15848932,0.5,0.04625,0.04625,1,0.005,0.2,0.69200003,0.1,0.25,0.75,0.196,0.005,0.005,1,1,0,1,0.308,0.1,0.25,0,0.5,0.5,0,0,0.005,0.5,0,1,0,0.005,0.5,0,0,0,0.5,0.5,0,0.005,0,0,0,0,0.005,1,0.548,0.616,0.75,0.548,0.25,0.33333,0,0.46365917,0.25,0.4519586,0.5,0.5,0.25,0.25,0.25,0.25,0.5,0.55,0.45,0.5,0.5,0.4,0.6,0.5
7,3,12,80,111,108,101,101,32,81,117,97,105,114,101,0.4,0.5,0.5,0.2285484,0,0.22580644,0,0,0.25,1,0.005,0,0.5,0.512,0.5,1,1,0,1,0,0,0,0,1,0,0,1,0,0.188,0,0.372,1,0.912,0.572,0,0,0.04625,0.04625,1,1,0,0,0,0.884,0.4,0,0,1,0,0,0.005,0,0.5,0.252,0,0,0.5,0.5,0,0,0,0.5,0,0,0,1,0.632,0.236,0,0.5,0,0,0,0,0.5,0,0,0,0,0,0,0.664,0.248,0.696,0,0,0.02,0.704,0,0.748,0,0,0.25,0.25,0.25,0.25,0.5,0.5,0.5,0.5,0.5,0.5,0.5,0.5
7,7,10,80,111,114,116,97,45,75,101,121,115,0.5,0.5,0.5,0.2285484,0,0.22580644,0.33333,0,0.25,1,0.005,0,0.5,0,0.25,1,1,1,0,1,0.35086316,0.31578946,0,0.995,0.005,0.396,0.995,1,0.66666,1,0.25,1,0.63095737,0.27825308,0,0,0.25,0.25,1,0.005,0.2,0.496,0.15,0.66666,0.25,0.25,0,1,0,1,0.005,1,0.13999999,0.5,0.25,0,0.5,0.5,0,0,0,0.5,0.5,0.5,1,1,0.284,0.33333,0.15,1,0.5,0.5,0,0,0,0.5,0.5,0.5,0,0.005,0.6629981,0.56269985,0.256,0.46393403,0.66666,0.75,0,0.6,0.33333,0.46329182,0.456,0.33333,0.25,0.15,0,0.25,0.474,0.524,0.448,0.552,0.476,0.524,0.448,0.552
7,11,10,80,117,108,108,101,100,32,80,87,77,0.2,0.5,0.5,0.48387095,0,0.032258064,0.336,1,0.562,1,0,0,0.5,0.040000003,0.5,1,0,1,0,1,0,0.228,0,0,0,0.464,1,1,0,0,1,1,1,0,0.044,0,0.041666668,0.041666668,0,0,0.3,0.088,0,0.632,1,0,0,0,1,0,0,0,0.5,0,0.368,0,0.5,0.5,0,0,0,0,0.5,0,0,0,0.5,0,0,0,0.5,0.5,0,0,0,0,0,0,0,0,0.024,0.604,0,0.708,0,0,0,0.73999995,0,0.62,0,0,0.214,0.046,0,0.25,0,1,0,1,0,1,0,1
7,7,10,82,101,101,100,32,79,114,103,97,110,0.5,0.5,0.5,0,0,0.12903225,0.25,1,0.25,1,0,0,0.25,0,0.75,1,1,1,1,1,0.42800003,0,0,1,0,0.376,0,1,0.45999998,1,0.764,1,1,0.7079458,0,0.5,0.25,0.041666668,1,0,0.25,0.22399999,0.15,0.256,0.284,0,0,0,1,1,1,0,0.184,0.6,0,0,0.5,0.5,0,0,0,0.5,0,0,0,1,0.228,0,0.15,0,0.5,0.5,0,0,0,0.5,1,1,1,0,0.692,0.40738797,1,0.544,0,0.25,0,0.624,0.1,0.5041868,0.5,0.5,0.25,0.25,0.25,0.25,0.5,0.448,0.552,0.5,0.5,0.424,0.576,0.5
7,11,15,82,101,116,117,114,110,32,89,111,117,110,103,109,97,110,0.3,0.5,0.5,0.7419355,0,0.09677419,0.3,1,0.55,1,0,0,0.5,0.192,0.5,1,1,1,1,0,0.588,0,0.112,0,1,1,1,1,0,0,1,0.792,0.948,0,0,0,0.041666668,0.041666668,0,0,0.07600001,0.4047224,0.116,0.01599998,1,0,0,0,1,0,0,0,0.332,0.096,0,0,0.5,0.5,0,0.5,0,0,0,0,0,0,0.36400002,0,0.344,0,0.5,0.5,0,0,0,0,1,0,0,0,0.028,0.312,0,0,0,1,0.004,0.792,0,0.764,0,0.936,0.25,0.25,0.25,0.25,0.3010625,0.7549375,0.2730625,0.74609375,0.32421875,0.7109375,0.2890625,0.67578125
7,6,5,82,111,110,100,111,0.5,0.5,0.5,1,0,0.09677419,0,1,0,1,0.005,0,0.5,0,0.24942188,1,1,0,0,0,0,0,0,1,0,0,1,0,0,0,1,0.24972999,1,0.69128,0,0,0.04625,0.04625,0,0,0.29999998,0,0,0.47746998,0,1,0,1,1,0,0.005,0,0.5,0,0,0,0.5,0.5,0,0,0,0,0,0,0,0,0.80941,0.59466,0,0.5,0.5,1,0,0,0,0.5,0,0,0,0,0,0.39569998,0,0.41498,0,0,0,0.6082,0,0.59494996,0,0,0.25,0.25,0.25,0.25,0.5,0.5,0.5,0.5,0.5,0.5,0.5,0.5
7,6,12,83,97,110,116,111,114,105,32,84,105,109,101,0.3,0.5,0.5,1,0,0.032258064,0,1,0.15565626,1,0.005,0,0.5,0,0.5,1,0,0,0,0,0,0,0,1,0,0,1,0,0.9035938,1,1,1,1,1,0.15496875,0,0.04625,0.04625,0,0,0.3,0.38125,0,0.24695311,0.5174062,0,0,1,0,0,0.005,0,0.13759375,0,0,0,0.5,0.5,0,0,0,0.5,0,0,0,0,0.15518749,0.68535936,0,0,0.5,0.5,0,0,1,0,0,0,0,0,0,0.023328125,0,0,0,0,0,0,1,0.6156719,0,0,0.25,0.7952656,0,0.25,0,1,0,1,0,1,0,1
7,11,9,83,69,77,32,80,105,97,110,111,0.4,0.744,0.5,0.7419355,0,0.032258064,0,1,0.186,1,0,0,0.25,0,0.988,1,1,1,0,1,0.052,0.156,0.544,0,1,0.772,1,0,0,1,0.936,0.89125097,0.89125097,0,0,0,0.041666668,0.041666668,0,0,0.3,0.17199999,0,0.372,0.952,0,0,0,1,0,0,0,0.36,0,0.332,0,0.5,0.5,0,0,0,0,0.5,0,0,0,0.508,0.20399998,0.072,1,0.5,0.5,0,0,0.5,0,0,0,1,0,0,0.69200003,0.148,0.924,0,1,0,0.636,0,0.348,0,0.352,0,0.07,0,0.426,0.128,0.82,0.224,0.784,0.136,0.8,0.172,0.828
7,11,16,83,101,112,97,114,97,116,101,32,74,111,117,114,110,101,121,0.3,0.5,0.5,0.7419355,0,0.09677419,0,1,0.306,1,0,0,0.5,0.40399998,0.5,1,1,0,1,0,0,0,0,1,0,0,1,0,0.036,0,1,0.7943282,0.7943282,0,0,0,0.041666668,0.041666668,0,0,0.29999998,0.144,0.0039999997,0.648,1,0,0,0,1,0,0,0,0.184,0.02,0,0,0.5,0.5,0,0.5,0,0,0,0,0,0,0.17199999,0.02,0,0,0.5,0.5,0,0,1,0,0,0,0,0,0.0144,0.556,0.19999999,0.88799995,0,0.53999996,0,0.74399996,0,0.54399997,0,0,0.162,0.04,0.258,0.266,0,1,0,1,0,1,0,1
7,2,5,83,105,110,101,114,0.3,0.5,0.5,0.48387095,0,0,0.308,0,0.25,1,0.005,0,0.5,0,0.248,1,0,0.005,0,0.005,0,0,0,0.995,0.005,0,0.995,0.005,0,0.005,1,0,0,0,0,0.005,0.04625,0.04625,0.005,0.005,0.748,0.34197497,1,0.664,1,0,0,1,0,0.005,0.005,0.005,0.5,0,0,0,0.5,0.5,0,0.005,0.005,0.005,0.005,0.005,0.005,0.005,0.5,0,0,0,0.5,0.5,0,0.005,0.005,0,0.005,0.005,0.005,0.005,0,0,0,0,0,1,0.056,0.3,0.156,0.792,0,0.636,0.192,0,0,0.526,0.5,0.5,0.5,0.5,0.5,0.5,0.5,0.5
7,11,9,83,109,111,111,116,104,102,117,108,0.5,0.5,0.5,0.22580644,0,0.22580644,0,0,0.25,1,0,0,0.5,0.564,0.5,1,1,0,1,0,0,0,0,1,0,0,1,0,0,0,1,1,1,0,0,0,0.041666668,0.041666668,0,0,0.3,0.051999986,0.032,0.568,1,0,0,0,1,0,0,0,0.184,0.016,0,0,0.5,0.5,0,0.5,1,0,0,0,0,0,0.5,0,0,0,0.5,0.5,0,0,0,0,0,0,0,0,0.032,0.588,0.284,0.992,0,1,0,0.5,1,0.612,0,0,0.162,0.042,0.118,0.266,0.29475,0.72440624,0.2890625,0.78125,0.32421875,0.67578125,0.18359375,0.74609375
7,11,11,83,112,97,99,101,32,66,101,108,108,115,0.15,0.24,0.5,0.7419355,0,0.09677419,0.06,1,0.46199998,1,0,0,0.75,0.30279818,0.74803275,1,1,0,1,0,0,0,0.04,0,1,0,1,0,0.16078232,0,0.892,1,0.9,0,0,0,0.041666668,0.041666668,0,0,0.3,0.56,0.644,0.62,0.352,0,0,0,0,1,0,0,0.496,0.16,0,0,0.5,0.5,0,0,0.5,0,0,0,0,0,0.5,0,0,0,0.5,0.5,0,0,0,0,0,0,0,0,0.012,0.448,0,0.352,0,1,0,0.772,0,0.624,0,1,1,0,0.138,0.31,0,1,0,1,0,1,0,1
7,11,9,83,112,97,99,101,107,105,101,115,0.55,0.5,0.5,0.48387095,0,0.032258064,0,1,0.518,1,0,0,0.5,0.000024671981,1,1,1,0,0,0,0,0,0,0,1,0,1,0,0,0,0.288,0.996,0.388,0.252,0,0,0.041666668,0.041666668,0,0,0.3,0.38799998,0.2,0.256,0.572,0,0,0,1,0,0,0,0.5,0,0,0,0.5,0.5,0,0,0,0,0,0,0,0,0.596,0.8131677,0,0.5,0,0.5,0,0,0.5,0,0,0,0,0,0,0.688,0,0.7,0,0.52,0,0.66400003,0,0.432,0,0.212,0.178,0.202,0.178,0.03,0.28125,0.71875,0.31640625,0.68359375,0.31640625,0.71875,0.28125,0.71875
7,11,6,83,117,98,116,108,101,0.5,0.5,0.5,0.22580644,0,0.22580644,0,0,0.25,1,0,0,0.5,0.52,0.5,1,1,1,1,0,0.956,0,0,1,0,0,1,0,0,0,1,0.48,1,0,0,0,0.041666668,0.041666668,0,0,0.3,0.031999987,0.116000004,0.632,1,0,0,0,1,0,0,0,0.184,0.016,0,0,0.5,0.5,0,0.5,1,0,0,0,0,0,0.5,0,0,0,0.5,0.5,0,0,0,0,0,0,0,0,0.02,0.488,0.45200002,1,0,1,0,0.836,0,0.652,0,0,0.162,0,0,0.266,0.32990626,0.68925,0.2890625,0.7109375,0.359375,0.60546875,0.25390625,0.7109375
7,11,7,83,117,98,116,108,101,114,0.25,0.5,0.5,0.22580644,0,0.22580644,0,0,0.25,1,0,0,0.5,0.532,0.5,1,1,1,1,1,0.68,0,0,1,0,0.404,1,1,0,0,1,1,1,0,0,0,0.041666668,0.041666668,0,0,0.3,0.051999986,0.196,0.632,1,0,0,0,1,0,0,0,0.184,0.016,0,0,0.5,0.5,0,0.5,1,0,0,0,0,0,0.31599998,0,0.768,1,0.5,0.5,0,0,0,0,0,0.5,0,0,0.032,0.548,0.284,1,0,1,0,0.808,0,0.652,0,0,0.162,0,0,0.266,0.32990626,0.68925,0.2890625,0.7109375,0.359375,0.60546875,0.25390625,0.7109375
7,12,10,83,119,101,101,116,32,83,112,111,116,0.56,0.5,0.5,0.2258,0,0.22580644,0,0,0.42746875,1,0,0,0.25,0.56778127,0.498,1,1,0,1,0,0,0,0,1,0,0,1,0,0.044,0,1,1,1,0,0,0,0.0417,0.0417,0,0,0.29999998,0,0.140625,0.54631245,0.32525,0.088,1,0,0,0,0,0,0.5,0,0,0,0.5,0.5,0,0,0,0,0,0,0,0,0.5,0,0,0,0.5,0.5,0,0,0,0,0,0,0,0,0,0.86315626,0,1,0,0,0,0.872,0,0.5155937,0,0,0,0.594625,0.622625,0.272,0.1796875,0.85546875,0.109375,0.8203125,0.21484375,0.85546875,0.14453125,0.85546875
7,2,16,84,104,101,32,67,111,108,100,32,83,101,118,101,110,116,104,0.4,0.5,0.5,0.22580644,0,0.22580644,0,0,0.25,1,0,0,0.75,0.092,0.39583334,1,1,0,0,1,0.392,0,0,1,0,0,1,0,0,0,1,1,0.78,0,0,0,0.041666668,0.041666668,0,0,0.29999998,0.072,0.1,0.552,0,0.252,0,0,1,1,0.21428572,0,0.092,0,0.66,0,0.5,0.5,0,0,0,0,0,0.5,0,0,0.324,0,0,0,0.5,0.5,0,0,0,0,0,1,0,0,0,0.43199998,0.224,0.964,0,0,0,0,1,0.82,0,0,0.25,0.25,0.25,0.25,0.5,0.5,0.5,0.5,0.5,0.5,0.5,0.5
7,3,11,84,104,105,110,32,80,108,105,110,107,121,0.5,0.5,0.5,0.22580644,1,0.22580644,0,0,0.25,1,0.005,0,0.5,0.208,1,1,0,0,0,0,0,0,0,1,0,0,0,0,0.168,0,1,1,0.76,0.552,0.059999976,0,0.04625,0.04625,0,0,0.3,0.596,0.18,0.324,0.552,0.3,0,0,1,1,0.21428572,0,0.332,0.023999993,0,0.5,0.5,1,0,0,0.5,0.5,0,0,0,0,0.5,0,0,0,0.5,0.5,0,0,0,0,0,0,0,0,0.588,0.23596,0.644,0.787,0.224,0.42,0.052,0.648,0,0.676,0,0,0.25,0.25,0.25,0.25,0.152,0.824,0.316,0.736,0.204,0.788,0.176,0.792
7,11,9,84,119,105,110,100,108,105,110,39,0.35,0.26,0.5,0.48387095,0,0.22580644,0,0,0.25,1,0,0,0.75,0,0.4814967,1,1,0,1,1,0,0,0.22,0,0,0,1,0,0.42,1,0.592,0.7943282,0.7943282,0,0,0,0.041666668,0.041666668,0,0,0.316,0.052,0,0.868,0.912,0,0,0,1,0,0,0,0.5,0,0.204,0,0.5,0.5,0,0,0,0,0,1,0,0,0.5,0,0,0,0.5,0.5,0,0,0,0,0,0,0,0,0,0.732,0,0.24,0.368,0.728,0,0.524,0,0.344,1,0.684,0.25,0.25,0.25,0.25,0.36,0.644,0.308,0.62,0.5,0.288,0.648,0.372
7,6,10,90,101,110,32,71,97,114,100,101,110,0.34971,0.5,0.5,1,0,0.09677419,0,1,0.13821875,1,0.005,0,0.5,0.36684376,0.7501562,1,0,0,0,0,0,0,0,1,0,0,1,0,0,0,0,1,1,1,0.044828124,0.5,0.04625,0.04625,0,0,0.3,0.3170625,0,0.5209531,0,1,0,0,1,0,0.005,0,0.5,0,0,0,0.5,0.5,0,0,0,0,0,0,0,0,0.5,0.70646876,0,0,0.5,0.5,0,0,0,0.5,0,0,0,0,0,0.38895312,0,0.472,0,0,0,0.752,0.504,0.63729686,0,0,0.25,0,0,0.25,0.91412145,0.51476645,0.50258195,0.48480794,0.47336075,0.20757148,0.9655602,0.19887742
8,3,9,50,48,55,55,32,76,101,97,100,0.3,0.25,0.5,0.2285484,1,0.22580644,0.67199993,1,0.262,0.005,0.005,0,0.448,0.048,0.5,1,0,1,1,0,0.444,0,0,1,0,0,1,0,0.17999999,0,1,0.776,1,0.236,0,0,0.04625,0.04625,0,0,0.3,0.564,0.236,0.076,0.66,0.484,0,0,1,1,0.14285715,0,0.036,0.14,0.74,0,0.5,0.5,0,0,0.5,0,1,0,0,1,1,1,0,1,1,0.5,0,0.5,0,0,0,0,0,0,0.384,0.78,0,0.66,0.36,0.464,0.092,0.72,0.688,0.716,0.3,0.448,0.25,0.25,0.25,0.25,0.412,0.592,0.396,0.604,0.608,0.38,0.728,0.224
8,5,8,56,86,77,32,76,101,97,100,0.5,0.5,0.5,0.032258064,0,0.032258064,0.5,1,0.1,0,0,0,0.5,0.099123456,0.75,1,1,0,1,1,0.34947366,0,0,0,0,0,1,0,0,0,0.15,1,0.7943282,0.63095737,0,0,0.041666668,0.041666668,0,0,0.29999998,0.78413147,0.1,0.1,0,0,0,1,1,0,0,0,0.5,0,0,0.03515625,0.5,0.5,0,0,0,0,0,0,0,0,0.5,0,0,0,0.5,0.5,0,0,0,0,0,0,0,0,0.018613143,0,1,0.22855788,0,0.015234375,0,0,1,0.28349102,0,0,0.25,0.25,0.25,0.25,0.5,0.5,0.5,0.5,0.5,0.5,0.5,0.5
8,3,10,65,98,121,115,115,32,76,101,97,100,0.5,0.5,0.5,0.2285484,1,0.22580644,0.78,1,0.25,0.005,0.005,0,0.5,0.156,0.6458333,1,0,0,0,0,0,0.128,0,1,0,0,1,0,0.14,0,1,1,0.424,0.712,0.152,0,0.04625,0.04625,0,0,0.3,0.34800002,0.316,0.35599998,0.616,0.096,0,0,1,0,0,0,0.5,0,0,0,0.5,0.5,0,0,0,0,0,0,0,1,0.904,0.424,0,0.5,0,0,0.376,0,1,0.5,0,0,0,0,0.712,0.38,0.452,0,0,0,0.36,0.088,0.644,0,0,0,0.25,0.25,0.25,0.25,0.5,0.5,0.5,0.5,0.5,0.5,0.5,0.5
8,11,9,68,105,109,109,101,114,116,111,110,0.35,0.5,0.5,0.48387095,0,0.032258064,0.336,1,0.562,1,0,0,0.5,0.040000003,0.5,1,1,0,1,0,0,0,0,0,0,0,1,0,0,0,1,1,1,0,0,0,0.041666668,0.041666668,0,0,0.3,0.088,0.744,0.236,1,0,0,0,1,0,0,0,0.5,0,0,0,0.5,0.5,0,0,0,0,0,0,0,0,0.5,0,0,0,0.5,0.5,0,0,0,0,0,0,0,0,0.024,0.324,0.712,0.41599998,0,0,0,0.448,0.164,0.48000002,0,0,0.214,0.046,0,0.25,0,1,0,1,0,1,0,1
8,0,12,68,114,117,110,107,32,71,108,105,100,101,114,0.6,0.5,0.5,0.12903225,0,0.12903225,0.65836495,1,0.44,0,0.0072557926,0,0.5,0,0.8304167,1,0.24088466,0.42282492,0,0,0,0,0,0.3133846,0.16751921,0,0.40126896,0,0,0,0,1,0.084,0,0.027205816,0.5,0.041666668,0.041666668,0.29541063,0,0.25059,0.69119394,0,0.34,0.08,0,0,0,0.26566637,0.4548399,0.6456834,0,0.52023,0.752,0,1,0.5,0.5,0,0,0,1,0,0,0.052198887,0,0.18363997,0.096,0,0,0.5,0.5,0,0.5,1,0,0,0,0,0,0.26661,0,0.40291998,0.13243102,0.12977451,0,0.02,0,1,0.144,0,0,0.15658754,0.31011418,0.21031208,0.2150276,0.375,0.4107143,0.5,0.59014285,0.6258571,0.5,0.5,0.5
8,9,11,70,105,114,101,32,68,114,97,103,111,110,0.2,0,0.5,0.22580644,0,0.22580644,0.779875,1,0.25,0,0,0,0.4975533,0,0.50247574,1,1,1,1,1,0.49546874,0,0,1,0,0,1,0,0,0,1,0.5011872,0.5011872,0,0,0,0.041666668,0.041666668,0,0,0.3,0.18065625,0.57509375,0,0.7068125,0.35445312,0,0,1,1,0.64285713,0,0.5,0,0.509,0,0.5,0.5,0,0,0,0,0.5,0.5,0,1,0.22434375,0,0.1555,1,0.5023594,0.5,0.14545313,0,0,0,0.5,0.5,0,0,0,0.23882812,1,0,0,0,0,0,1,0,0,0.37946874,0.25,0.25,0.25,0.25,0,0.14285715,0.2857143,0.42857146,0.5714286,0.71428573,0.8571429,1
8,3,11,70,105,118,101,32,68,111,117,98,108,101,0.5,0.5,0.5,0.2285484,1,0.22580644,0,1,0.25,1,0.005,0,0.5,0.084,0.64625,1,1,0,1,0,0,0.068,0,1,1,0.468,1,0,0.164,0,1,1,0.772,0.824,0,0,0.04625,0.04625,0,0,0.3,0.596,0.028,0.832,0,0.308,0,0,1,1,0.78571427,0,0.784,0.06,0,0,0.5,0.832,0,0,0,0.5,0,0,0,0,0.5,0,0,0,0.5,0.5,0,0,0,0,0,0,0,1,0.712,0.432,0,0.236,1,0.808,0.236,0.568,0.552,0.72,0,0,0.25,0.25,0.25,0.25,0.18,0.732,0.252,0.708,0.224,0.728,0.328,0.684
8,3,14,70,105,118,101,32,69,105,103,104,116,32,84,111,121,0.25,0.75,0.5,0.2285484,1,0.22580644,0,1,0.25,0.005,0.005,0,0.5677083,0.316,0.5,1,0,1,0,0,0,0,0,1,0,0,1,0,0.144,0,1,0.852,0.684,0.616,0.076,1,0.04625,0.04625,0,0,0.3,0.776,0.452,0,0.492,0.168,1,1,0,0,0.005,0,0.644,0.622,0,0.5,0,0.516,0,1,0,0.5,0,0,0,0,0.73058504,0.28,0,0.5,0,0.5,0,0,0.5,0.5,0,0,0,0,0,0,1,0,0,0,0,0,1,0.492,0,0,0.25,0.25,0.25,0.25,0.5,0.5,0.5,0.5,0.5,0.5,0.5,0.5
8,7,12,70,111,114,109,97,110,116,32,76,101,97,100,0.5,0.5,0.5,0,0,0.12903225,0.25,1,0.25,0,0,0,0.25,0,0.75,1,1,1,1,1,0.42800003,0,0,1,0,0.376,0,1,0.45999998,1,0.764,1,1,0.7079458,0,0.5,0.25,0.041666668,1,0,0.25,0.22399999,0.15,0.256,0.284,0,0,0,1,1,1,0,0.184,0.6,0,0,0.5,0.5,0,0,0,0.5,0,0,0,1,0.228,0,0.15,0,0.5,0.5,0,0,0,0.5,1,1,1,0,0.692,0.40738797,1,0.544,0,0.25,0,0.31352088,0.75,0.5041868,0,0.33333,0.25,0.25,0.25,0.25,0.5,0.5,0.5,0.5,0.5,0.5,0.5,0.5
8,11,9,70,114,101,97,107,32,77,111,100,0.25,0.752,0.5,0.032258064,0,0.032258064,0.36400002,1,0.176,0,0,0,0,0,1,1,1,0,0,0,0,0,0,0,0,0,0,0,1,1,0,1,0.812,0,0.032,0,0.041666668,0.041666668,0,0,0.3,0.204,0.768,0.816,1,0,0,0,1,1,0.71428573,0,0.44,0.051999997,0,1,0.5,0.5,0,1,0,0,0,0,0,0,0.308,0.68,0,1,0.5,0.5,0,0,0.5,0,0,0,0,0,0,0.04,0,0.416,0,0,0,0.536,1,0,0.448,1,0.718,0.16,0.454,0,0,1,0,1,0,1,0,1
8,7,9,70,117,110,107,32,76,101,97,100,0.5,0.26,0.5,0,1,0.09677419,0.33333,1,0.45,0,0,0,0.25,0,0.5,1,0,0,1,1,0.42800003,0,0,1,0,0.376,0,1,0.45999998,1,0.764,1,1,0.7079458,0,0.5,0.25,0.041666668,1,0,0.3,0.2197459,0.25,0.33333,0.33333,0,0,0,1,1,1,0,0.184,0.6,0,0,0.5,0.5,0,0,0,0.5,0,0,0,1,0.268,0.25,0.33333302,1,0.5,0.5,0,0,0,0.5,1,1,0,0,0.40738797,0.46393403,0.66666,0.544,0,0,0,0.5044626,0.75,0.5041868,0,0.33333,0.25,0.25,0.25,0.25,0.5,0.5,0.5,0.5,0.5,0.5,0.5,0.5
8,7,6,70,117,110,75,101,121,0.962,0.5,0.5,0,0,0.12903225,0.5,1,0.33333302,0.005,0.005,0,0.5,0.029026117,0.25,1,0.995,1,0,1,0.5,0,0,0.995,1,0.33333,0.995,1,0.05,1,0,1,1,0.312,0,0,0.04625,0.04625,0.005,0.005,0.3,0.3197459,0.1,0.336,0.75,0,0.005,0.005,1,1,1,0.005,0.5,0,0,0,0.5,0.5,0,0,0.005,0,0.005,0,0.005,1,0.192,0.5,0.49730003,0,0.5,0.5,0,0.005,0,0.5,1,1,0.005,0,0.40738797,0.50466913,0.336,0.40738797,0.5,0.25,0.2271601,0.552,0.75,0.22527525,1,0.25,0.25,0.25,0.25,0.25,0.5,0.5,0.5,0.5,0.5,0.5,0.5,0.5
8,0,9,70,117,110,107,121,32,67,97,116,0.5,0.5,0.5,0,0,0.22580644,0.852,0,0.25,1,0,0,0.5000208,0.0009858065,0.5,1,1,0,1,0,0,0,0.005388889,1,0,0,1,0,0.04,0,1,1,0.196,0,0,0.5,0.041666668,0.041666668,0,0,0.588,0.2718833,0.54,0.35200003,0.24,0,0,0,1,1,0.14285715,0,0.5,0,0,0,0.5,0.5,0,0,0,0,0,0,0,0,0.188,0.052,0,0.5,0.5,1,0,0.5,0.5,0.5,0,0,0,0,0.088,0.348,0.236,0.164,0,0.088,0,0.512,0.252,0.124,0.268,0.308,0.056,0.022,0.034,0.09,0.5,0.5,0.5,0.5,0.5,0.5,0.5,0.5
8,10,11,70,117,110,107,121,32,77,117,110,107,121,0.5,0.5,0.5,0.09677419,0.005,0.09677419,0.72128123,1,0.5747656,0.005,0.005,0,0.5,0.24235937,0.74389064,1,0,1,1,0,0.23075,0,0.48698437,0.995,0.005,0,0.995,0.005,0.61775,1,0.77589065,0,1,0.4092031,0.087265626,0.005,0.04625,0.04625,0.005,0,0.4991875,0.9233281,0.49476564,0,0,0.18117188,1,1,0.005,0.005,0.005,0.005,0.21598437,0.8281406,0,1,0.5,0.5,0,0,0.5,0,0,0.005,0,0.005,0.37665626,0,0.77678126,0,0.5,0.5,0,0.005,0.005,0,0.5,0.005,0,1,0,0.08339062,0.006953125,0,0,0,0,0,1,0,0,0,0.25,0.25,0.25,0.25,0.29235938,0.7412969,0.28153124,0.70057815,0.28985938,0.713375,0.2611875,0.7152344
8,3,9,71,97,115,112,32,76,101,97,100,0.35,0.5,0.5,0.2285484,0,0.22580644,0,1,0.25,0.005,0.005,0,0.5,0,0.396,1,0,1,0,0,0,0.324,0,1,0,0,1,0,0.1,0,0.3,1,0.368,0.868,0.096,0,0.04625,0.04625,0,0,0.3,0,0.292,1,0,0.4,0,0,1,0,0.005,0,0.908,0.22,0,0,0.5,0.868,0,0.5,0,0,0,0,0,0,0.5,0,0,0,0.5,0.5,0,0,0,0,0,0,0,0,0.216,0.704,0.58,0.544,0.856,0,0.112,0.712,0.468,0.632,0.908,0,0.25,0.25,0.25,0.25,0.5,0.5,0.5,0.5,0.5,0.5,0.5,0.5
8,11,9,72,97,108,111,103,101,110,105,99,0.556,0.5,0.5,0.12903225,0,0.12903225,0,1,0.832,0,0,0,0.25,0,0.758,1,0,0,0,1,0.712,0.04,0.216,0,0,0,1,0,0.712,1,0.004,1,1,0,0,0,0.041666668,0.041666668,0,0,0.3,0.264,0.284,0.472,1,0,0,0,1,0,0,0,0.5,0,0,0,0.5,0.5,0,0,0,0,0,0,0,0,0.5,0,0,0,0.5,0.5,0,0,0,0,0,0,0,0,0,0.78000003,0,0.204,0.476,1,0,0.744,0.252,0.284,0,0,0.25,0.094000004,1,0.25,0,1,0.176,0.832,0.5,0.5,0.5,0.5
8,11,13,72,101,118,101,114,108,121,32,66,105,108,108,115,0.4,0.5,0.5,0.16129032,0,0.16129032,0,1,0.47800002,1,0,0,0.5,0.368,0.5,1,1,0,0,1,0.24,0,0,1,0,0,1,0,0,0,1,1,0.604,0,0,0,0.041666668,0.041666668,0,0,0.3,0.104,0,0.704,0,0,0,0,0,0,0,0,0.5,0,0,0,0.5,0.5,0,0,0,0,0,0,0,0,0.5,0,0,0,0.5,0.5,0,0,0,0,0,0,0,0,0,0.908,0.428,0.468,0,0.048,0.024,0.308,0.284,0.256,1,0,0.25,0.43,0.532,0.25,0.208,0.768,0.256,0.704,0,1,0.5,0.5
8,3,9,77,101,97,110,32,76,101,97,100,0.25,0.5,0.5,0.2285484,1,0.22580644,0,1,0.25,1,0.005,0,0.25,0.176,0.50104165,1,1,0,1,0,0.192,0.2,0,1,0,0,1,0,0,0,0.74,1,0.97999996,0,0,0,0.04625,0.04625,0,0,0.29999998,0.244,0.612,0.77599996,0.548,0.456,0,0,1,0,0.005,0,0.728,0.107999995,0.408,0,0.5,0.74,0,0,0.5,1,0,0.5,0,0,0.5,0,0,0,0.5,0.5,0,0,0,0,0,0,0,0,0.768,0.732,0,0.664,0,0,0,0,1,0.616,0,0,0,0.46199998,0.538,0.25,0.5,0.5,0.5,0.5,0.5,0.5,0.5,0.5
8,11,6,77,105,119,97,114,97,0.125,0.5,0.5,0.22580644,0,0.22580644,0.572,1,0.518,0,0,0,0.25,0.188,0.25,1,1,0,1,1,0,0,0.856,0,0,0,1,0,0,1,1,1,0.736,0,0,0,0.041666668,0.041666668,0,0,0.3,0.17329007,0.712,0.872,1,0,0,1,0,0,0,0,0.5,0.10315625,0,0,0.5,0.5,0,0.5,0,0,0,0,0,0,0.684,0.612,0,0.5,0.5,0,0,0,0,1,0,0,0,0,0.0146758035,0.8487194,0,1,0,1,0,0.828,1,0.65843534,0,0,0.604,0.7500162,0.348,0,0.16,0.876,0.18,0.828,0.192,0.836,0.192,0.824
8,9,11,77,111,110,111,32,77,111,110,115,116,97,0.35,0.5,0.5,0.22580644,0,0.22580644,0,1,1,1,0,0,0.5,0,0.5,1,1,0,1,0,0,0,0,1,0,0,1,0,0,0,0.9829062,0.79575,0,0,0,0,0.041666668,0.041666668,0,0,0.29999998,0.37720314,0.521875,0.43770313,0,0,0,0,0,0,0,1,0.23695312,0.037453126,0,0,0.5,1,0,0,0,0.5,0,0,0,0,0.5,0,0,0,0.5,0.5,0,0,0,0,0,0,0,0,0,0,1,0,0,0.48853126,0,0,1,0,0,0.5726875,0.25,0.25,0.25,0.25,0.33246875,0.6748281,0.5,0.5,0.29989064,0.72592187,0,1
8,9,15,77,111,110,111,112,108,97,110,101,32,71,108,105,100,101,0.3,0.5,0.5,0,0,0.09677419,0.42753124,0,0.11335938,1,0,0,0.25,0,0.5,1,1,0,0,1,0.30625,0,0,1,0,0,1,0,0.1125625,1,1,0,1,0,0,0,0.041666668,0.041666668,0,0,0.3,0.2518281,0.26807812,0,0,0,0,0,1,1,0.71428573,1,0.9943594,0.23525,0,1,0.5,0.5,0,0,0.5,0,0,0,0,1,0.11926562,0.6860625,0,0.9923281,0.5,0.5017656,0,0,0,0.5,0,0,0,0,0,0,1,0,0,0,0.008296875,0,1,0,0.063625,0.18154688,0.25,0.25,0.25,0.25,0.5,0.4107143,0.44642857,0.48214287,0.51785713,0.55357146,0.58928573,0.625
8,2,6,77,117,117,103,101,114,0.3,0.5,0.5,0.09677419,0,0.09677419,0,1,0.28076172,0.005,0.005,0,0.5,0.188,0.25,1,1,1,1,1,0,0,0,0.995,0.005,0,0.995,0.005,0,0.005,0,1,1,1,0.352,0,0.04625,0.04625,0.005,0.005,0.3,0.09600001,0.212,0.552,0,0,0.005,1,0.005,0.005,0.005,0.005,0.5,0,0,0,0.5,0.5,0,0.005,0.005,0.005,0.005,0.005,0.005,0.005,0.5,0,0,0,0.5,0.5,0,0.005,0.005,0,0.005,0.005,0,0.005,0,0.524,0.412,0.664,0,0,0,0.46800002,0.364,0.632,0,0,0.25,0.35000002,0.138,0.458,0.5,0.5,0.5,0.5,0.5,0.5,0.5,0.5
8,11,9,80,108,97,115,116,105,99,111,110,0.3,0.5,0.5,0.06451613,0,0.06451613,0.256,1,0.174,1,0,0,0.5,0.156,0.5,1,0,1,0,1,0,0,0,1,0,0.592,1,0,0.048,0,1,1,1,0,0,0,0.041666668,0.041666668,0,0,0.3,0.776,0.74,0.56,1,0,0,1,0,0,0,0,0.58,0.052,0,0,0.5,0.5,0,0,0.5,0,0,0,0,0,0.5,0,0.1,0,0.5,0.5,0,0,0,0,1,0,0,0,0,0.416,0.084,0.912,0,0,0,0,1,0.408,0,0,0.51,0.214,0.406,0.25,0,0.5,1,0.5,0.5,0.5,0.5,0.5
8,11,9,80,117,108,115,97,112,97,114,116,0.4,0.5,0.5,0.06451613,0,0.06451613,0.256,1,0.174,1,0,0,0.25,0.156,0.75,1,0,1,0,1,0,0,0,1,0,0.336,1,0,0.036,0,1,0.528,1,0,0,0,0.041666668,0.041666668,0,0,0.3,0.896,0,0.56,1,0,0,1,0,0,0,0,0.348,0.036000002,0,0,0.5,0.5,0,0,0.5,0,0,0,0,0,0.5,0,0.1,0,0.5,0.5,0,0,0,0,0,0,0,0,0,0.416,0.084,0.912,0,0,0,0,1,0.408,0,0,0.51,0.214,0.406,0.25,0,0.5,1,0.5,0.5,0.5,0.5,0.5
8,11,8,80,117,108,115,114,97,103,101,0.225,0.5,0.5,0.22580644,0,0.22580644,0.572,1,0.518,0,0,0,0.25,0,0.7725987,1,1,1,0,1,0.816,0,0,0,0,0.52,0,1,0.34515446,0,0,1,0.736,0,0,0,0.041666668,0.041666668,0,0,0.3,0.30129007,1,0.588,1,0,0,1,1,0,0,0,0.5,0.10315625,0.18,0,0.5,0.5,0,0,0,0,0,0,0,0,0.5,0,0,0.5,0.5,0,0,0,0,0,0,0,0,0,0.13067581,0.8487194,0,0.764,0,1,0.004,0.828,1,0.5024353,0,0,0,0.7500162,0.348,0,0.16,0.876,0.18,0.828,0.192,0.836,0.192,0.824
8,11,9,82,101,99,111,114,100,101,114,115,0.25,0.5,0.5,0.12903225,0,0.12903225,0.3,1,0.35,1,0,0,0.75,0.356,0.75,1,0,1,0,1,0.04,0,0.06,0,0,0,1,0,0,0,0,1,1,0,0,0,0.041666668,0.041666668,0,0,0.3,0.704,0,0.068,1,0,0,0,1,0,0,0,0.5,0,0,0,0.5,0.5,0,0,0,0,0,0,0,0,0.5,0,0,0,0.5,0.5,0,0,0,0,0,0,0,0,0.028,0.232,0,0,0.092,0,0.104,0,1,0.2,0,0,0.718,0.25,0.038,0.25,0,1,0.18359375,0.81640625,0.5,0.5,0.5,0.5
8,11,9,82,101,115,119,101,101,112,101,114,0.1,0.5,0.5,0.12903225,0,0.12903225,0,1,0.666,0,0,0,0,0,0.918,1,1,0,0,1,0,0.412,0.428,0,1,0.348,1,0,0.108,1,1,1,0.636,0,0,0,0.041666668,0.041666668,0,0,0.3,0.17599998,0.864,0.644,1,0,0,1,0,1,0,0,0.632,0.216,0,0.5,1,0.5,0,0,0.5,0,0,0,0,0,0.5,0,0,0,0.5,0.5,0,0,0,0,0,0,0,0,0,0.87600005,0,0.82,0,1,0,0,1,0.78,0,0,0.25,0,1,0.25,0,1,0.168,0.772,0.5,0.5,0.5,0.5
8,11,11,82,111,99,107,32,85,110,105,115,111,110,0.45,0.24484375,0.5,0.12903225,0,0.12903225,0,1,0.222,0,0,0,0.5,0,0.5,1,0,1,0,1,0.248,0,0,1,0,0,1,0,0.192,1,0.428,0,1,0,0,0,0.041666668,0.041666668,0,0,0.3,0.688,0.24799997,0.58400005,0,0,0,0,0,0,0,0,0.348,0.756,0,0,0.5,0.5,0,0,0.5,0,0,0,0,0,0.5,0,0,0,0.5,0.5,0,0,0,0,0,0,0,0,0,0.224,0.048,0,0,0,0,0,0.616,0,0,0,0,0.236,0.128,0,0.272,0.7,0.388,0.636,0.5,0.5,0.5,0.5
8,11,6,83,97,117,99,101,114,0.25,0.5,0.5,0.22580644,0,0.22580644,0.172,1,0.57,0,0,0,0,0.288,0.25,1,0,1,1,0,0,0,0,1,0,0,1,0,0,0,1,1,1,0,0,0,0.041666668,0.041666668,0,0,0.3,0,1,1,1,0,0,0,1,0,0,0,0.56,0.368,0.120000005,1,0.672,0.5,1,0,0,0.5,0.5,0,0,0,0.5,0,0,0,0.5,0.5,0,0,0,0,0,0,0,0,0.084,0.908,0,0.84,0.284,1,0.067999996,0,1,0.568,0,0,0.782,0.43,0.858,0,0,1,0,1,0,1,0,1
8,3,8,83,99,97,110,110,101,114,115,0.2,0.5,0.5,0.2285484,1,0.22580644,0,1,0.25,0.005,0.005,0,0.5,0.224,0.68,1,0,0,1,1,0,0,0,1,0,0,1,0,0.2,1,1,0.68,0.804,0,0.044,0.5,0.04625,0.04625,0,0,0.3,0.424,0.288,1,0.636,0.32,0,0,1,0,0.005,0,0.232,0.86,0.792,0,0.5,0.5,0,0,0.5,0,0,0.5,0,0,0.5,0,0,0,0.5,0.5,0,0,0,0,0,0,0,0,0.76,0,1,0,0,0,0.588,0.708,0.38,0.696,0,0,0.25,0.25,0.25,0.25,0,1,0,1,0.288,0.736,0.112,0.884
8,11,11,83,104,97,100,111,119,32,83,121,110,99,0.25,0.25390625,0.5,0.12903225,0,0.12903225,0.324,1,0.638,1,0,0,0.25,0,0.542,1,1,0,0,1,0,0,0.588,0,0,0,1,0,0,1,0.396,0.584,1,0,0,0,0.041666668,0.041666668,0,0,0.3,0.096,0.22,0.664,1,0,0,1,0,1,1,0,0.5,0,0,0,0.5,0.5,0,0,0,0,0,0,0,0,0.5,0,0,0,0.5,0.5,0,0,0,0,0,0,0,0,0.108,0.764,0,1,0.348,0.38,0,0.732,0.592,0.288,0,0,0.87,0.018000005,0.11799997,0.326,0,1,0,1,0,1,0,1
8,3,9,83,73,68,105,99,105,111,117,115,0.35,0.75,0.5,0.06451613,0,0.22580644,0,0,0.26523438,0.005,0.005,0,0.5,0.1,0.6458333,1,0,0,0,1,0,0.2631579,0,1,0,0,1,0,0,0,1,1,1,0.656,0.3,0.5,0.04625,0.04625,0,0,0.3,0.756,0.264,0.424,0.564,0.116,1,0,1,1,0,0,0.58306646,0.25,0.092,0.5,0,0.5,0,0.5,0,0.5,0,0.5,0,0,0.63196206,0.676,0,0.5,0,0.5,0.556,0,0.5,0,0,0,0,0,0,0.776,0.412,0,0.624,0,0,0.784,0.74,0,0,0,0.25,0.25,0.25,0.25,0.5,0.5,0.5,0.5,0.5,0.5,0.5,0.5
8,11,9,83,107,114,101,101,99,104,101,114,0.35,0.74,0.5,0.09677419,0,0.09677419,0,1,0.478,0,0,0,0,1,0.9890544,1,0,1,0,0,0,0,0.208,0,0,0,1,0,1,1,1,1,1,0,0,0,0.041666668,0.041666668,0,0,0.3,0.42,0,1,0,0,0,0,1,1,0,0,0.5,0,0,0,0.5,0.5,0,0,0,0,0,0,0,0,0.5,0,0,0,0.5,0.5,0,0,0,0,0,0,0,0,0,0.672,0,0.596,0,0,0,0,1,0.312,0,0,0.25,0.704,0,0,0.42,0.644,0.332,0.632,0.384,0.62,0.356,0.716
8,3,12,83,109,111,116,104,101,114,32,76,101,97,100,0.5,0.5,0.5,0.2285484,0,0.22580644,0,1,0.25,0.005,0.005,0,0.5,0,0.5,1,0,0,0,0,0,0,0,0,0,0,0,0,0.14,0,1,1,0.088,0,0,0,0.04625,0.04625,0,0,0.3,0.74,0.292,0.152,0,0.344,0,0,1,0,0.005,1,0.74,0.74,0,0.676,0.5,0.476,0,0.5,0,0,0,0,0,0,0.5,0,0,0,0.5,0.5,0,0,0,0,0,0,0,0,0,0.596,0.72,0.712,0,0,0,0,0.916,0.596,0,0,0.25,0.25,0.25,0.25,0.5,0.5,0.5,0.5,0.5,0.5,0.5,0.5
8,3,15,83,116,114,97,105,110,101,100,32,70,105,108,116,97,104,0.3,0.5,0.5,0.2285484,1,0.22580644,0,1,0.25,0.005,0.005,0,0.5,0,0.752,1,1,0,1,0,0,0.048,0,1,0,0,1,0,0.084,0,0.528,0.864,0.708,0,0,0,0.04625,0.04625,0,0,0.3,0.316,0.528,0.56,0.772,0.192,0,0,1,1,0.005,0,0.892,0.292,0,1,0.672,1,0.444,0,0.5,0.5,0,0,0,1,0.784,0.204,0,0.5,0,0.5,0,0.5,1,1,0,0,0,0,0.584,0.62,0.036,0.616,0.744,0,0,0,1,0.384,0,0,0.25,0.25,0.25,0.25,0.5,0.5,0.5,0.5,0.5,0.5,0.5,0.5
8,11,11,83,116,114,101,101,116,32,72,97,119,107,0.25,0.5,0.5,0.12903225,0,0.12903225,0.028,1,0.638,1,0,0,0.25,0,0.5,1,1,0,0,1,0,0,0.588,0,0,0,1,0,0,1,0,0.584,1,0,0,0,0.041666668,0.041666668,0,0,0.3,0.16,0.072000004,0.688,1,0,0,0,0,0,0,0,0.5,0,0,0,0.5,0.5,0,0,0,0,0,0,0,0,0.5,0,0,0,0.5,0.5,0,0,0,0,0,0,0,0,0,0.776,0,1,0,0.38,0,0.732,0.592,0.288,0,0,0.87,0.246,0.59,0.326,0,1,0,1,0.5,1,0,1
8,12,9,83,117,112,101,114,45,83,97,119,0.20399998,0.5,0.5,1,0,0.16129032,0,1,0.73,0,0,0,0.5,0.248,0.75,1,1,0,1,0,0,0,0,1,0,0,1,0,0,0,1,1,1,0,0,0,0.041666668,0.041666668,0,0,0.3,1,0.344,0.384,0,0,0,1,0,0,0,0,0.5,0,0,0,0.5,0.5,0,0,0,0,0,0,0,0,0.5,0,0,0,0.5,0.5,0,0,0,0,0,0,0,0,0,0.348,0.000000000000000013877788,0.288,0,0,0,0,1,0.508,0,0,0,0,1,0,0.16400002,0.836,0.192,0.864,0.196,0.84,0.2,0.816
8,11,8,84,104,114,117,115,116,101,114,0.25,0.5,0.5,0.12903225,0,0.12903225,0,1,0.546,1,0,0,0,0,0,1,1,0,1,0,0,0,0,1,0,0,1,0,0,0,1,1,1,0,0,0,0.041666668,0.041666668,0,0,0.3,0,0.708,0.876,1,0,0,1,0,0,0,0,0.532,0.29200003,0,0,0,0.5,0,0,0,1,0,0,0,0,0.62,0.33199996,0,0.5,1,0.5,0,0,0,0.5,0,0,0,0,0,0.84400004,0,1,0,0.452,0,0,1,0.66,0,0,0.25,0.686,0.534,0.25,0,1,0.248,0.752,0.5,0.5,0.5,0.5
8,7,10,84,114,105,45,84,104,105,110,103,115,0.65,0.5,0.5,0,0,0.12903225,0.33333,1,0.25,0.005,0.005,0,0.5,0,0.75,1,0,0,0,0,0.35086316,0.5263158,0,0.995,0.005,0.5,0.995,0.005,0.33333,1,1,1,1,0.56234133,0,0,0.04625,0.04625,1,0.005,0.25,0.39344248,0.15,0.25,0.75,0.196,0.005,0.005,1,1,0.71428573,1,0.308,0.1,0.25,0,0.5,0.5,0,0,0.005,0.5,0,1,0,1,0.224,0.33333,0.25,0,0.5,0.5,0,0.005,0,0.5,0,0,0,1,0.46393403,0.616,0.75,0.548,0.25,0.33333,0,0.46365917,0.75,0.46329182,0.5,0.5,0.25,0.25,0.25,0.25,0.5,0.55,0.45,0.5,0.5,0.4,0.6,0.5
8,11,13,84,117,110,103,115,116,101,110,32,83,121,110,99,0.125,0.25390625,0.5,0.16129032,0,0.12903225,0.324,1,0.638,1,0,0,0.5,0,0.542,1,0,1,1,1,0,0,0.588,0,0,0,1,0,0.924,1,0.66,1,1,0.356,0,0,0.041666668,0.041666668,0,0,0.3,0.436,0.968,0.29599997,1,0,0,1,1,0,1,0,0.424,0.016,0,0,0.5,0.5,0,0.5,0,0,0,0,0,0,0.744,0.296,0,0.5,1,0.5,0,0,0,1,0,0,0,0,0.072,0.764,0,1,0.348,0.38,0,0.732,0.592,0.288,0,0,0.87,0,0.11799997,0.326,0,1,0,1,0,1,0,1
8,11,11,85,110,105,115,111,110,32,70,101,97,114,0.25,0.248,0.5,0.22580644,0,0.22580644,0,1,0.426,0,0.5,0,0.5,0,0.89743114,1,0,1,0,1,0.892,0,0.336,0,0,0,1,0,0,1,0,1,1,0,0,0,0.041666668,0.041666668,0,0,0.3,0.356,0,1,1,0,0,0,1,0,0,0,0.5,0,0,0,0.5,0.5,0,0,0,0,0,0,0,0,0.5,0,0,0,0.5,0.5,0,0,0,0,0,0,0,0,0.276,0.372,0.34,0.48,0,0,0.084,0,1,0.504,0,0,0.25,0.27,0.36200002,0.25,0.3730625,0.5909375,0.33790624,0.62209374,0.308,0.62,0.236,0.676
8,3,16,85,110,105,115,111,110,32,83,73,68,105,99,105,111,117,115,0.175,0.75,0.5,0.22580644,0,0.22580644,0.030761719,1,0.25,0.005,0.005,0,0.5,0.1,0.6458333,1,1,1,1,0,0,0.47116,0,1,0,0,1,0,0,1,1,0.812,0.852,1,0.3,0.5,0.04625,0.04625,0,0,0.3,0.792,0.268,0.516,0.564,0.116,1,0,1,1,0,0,0.58306646,0.25,0.092,0.5,0,0.816,0,0.5,0,0.5,0,0.5,0,0,0.63196206,0.676,0,0.5,0,0.5,0.556,0,0.5,0,0,0,0,0,0,0.776,0.412,0,0.624,0,0,0.784,0.74,0,0,0,0.25,0.25,0.25,0.25,0,0.5,0.5,0.5,0.5,0.5,0.5,0.5
8,11,7,88,99,101,110,116,111,114,0.25,0.248,0.5,0.12903225,0,0.12903225,0.3,1,0.414,1,0,0,0.5,0.308,0.97000325,1,1,0,0,1,0.02,0,0.656,0,1,0,1,0,0.41199997,1,1,1,1,0.484,0,0,0.041666668,0.041666668,0,0,0.3,0.536,0.072,0.128,1,0,0,0,0,0,0,0,0.556,0,0.732,0,0.5,0.5,0,0,0,0,0,0.5,0,0,0.5,0,0,0,0.5,0.5,0,0,0,0,0,0,0,0,0.032,0.336,0,0,0,0,0.028,0,1,0.244,0,0,0.718,0.466,1,0.25,0,1,0.18359375,0.81640625,0.5,0.5,0.5,0.5
9,1,12,71,108,111,99,107,101,110,115,112,105,101,108,0.17199999,0.5,0.5,0.22580644,0,0.22580644,0,0,0.25,0,0,0,1,0.06,1,1,0,0,0,1,0,0,0,1,0,0,1,0,0,1,1,0.516,0.868,0,0,0,0.041666668,0.041666668,0,0,0.3,0.356,0,0.59999996,0,0,0,0,0,0,0,0,0.5,0,0,0,0.5,0.5,0,0,0,0,0,0,0,0,0.5,0,0,0,0.5,0.5,0,0,0,0,0,0,0,0,0,0.52,0,0.812,0,0,0,0.708,0,0.652,0,0,0.25,0.25,0.25,0.25,0.5,0.5,0.5,0.5,0.5,0.5,0.5,0.5
9,3,14,77,97,108,108,101,116,32,82,101,108,101,97,115,101,0.5,0.5,0.5,0.22580644,1,0.22580644,0,0,0.25,0.005,0.005,0,0.5,1,1,1,0,0,0,0,0,0,0,1,0,0,0,0,0.168,1,1,1,0.76,0.552,0.059999976,0,0.04625,0.04625,0,0,0.3,0.596,0.296,0.212,0.768,0.3,0,0,1,1,0.9285714,0,0.332,0.18,0,0.5,0.5,1,0,0,0.5,0,0,0,0,0,0.5,0,0,0,0.5,0.5,0,0,0,0,0,0,0,1,0,0.23596,0.644,0.07099999,0.224,0.42,0,0.648,0,0.676,0,0,0.25,0.25,0.25,0.25,0.152,0.824,0.316,0.736,0.204,0.788,0.176,0.792
9,3,12,77,97,108,108,101,116,32,83,121,110,116,104,0.5,0.5,0.5,0.22580644,1,0.22580644,0,0,0.25,0.005,0.005,0,0.5,1,1,1,0,0,0,0,0,0,0,1,0,0,0,0,0.168,1,1,1,0.76,0.552,0.059999976,0,0.04625,0.04625,0,0,0.3,0.536,0.296,0.076,0.768,0.3,0,0,1,1,0.9285714,0,0.332,0.18,0,0.5,0.5,1,0,0,0.5,0,0,0,0,0,0.5,0,0,0,0.5,0.5,0,0,0,0,0,0,0,1,0.096,0.6479572,0,0.6629981,0,0,0,0.648,0,0.676,0,0,0.25,0.25,0.25,0.25,0.152,0.824,0.316,0.736,0.204,0.788,0.176,0.792
9,1,7,77,97,114,105,109,98,97,0.45,0.875,0.5,1,1,0.032258064,0,1,0,0,0,0,0.375,0,0.376,1,0,1,0,0,0,0,0.156,0,0,0,0,0,0.224,1,1,0.81999993,0.824,1,0,0,0.041666668,0.041666668,0,0,0.3,0.4640001,0.23200002,0.168,0.44799998,0,0,0,0,0,0,0,0.524,0,0,0,0.5,0.5,0,0,0,0,0,0,0,1,0.508,0,0,0,0.5,0.5,0,0,0,0,0,0,0,0,0.016,0.448,0,0.54,0,0.296,0,0.23599997,0.016,0.40399998,0,1,0.25,0.25,0.25,0.25,0,1,0,1,0,1,0.032,1
9,3,13,83,105,109,112,108,101,32,77,97,108,108,101,116,0.5,0.5,0.5,0.2285484,1,0.22580644,0,0,0.25,0,0.005,0,0.5,0.156,0.6458333,1,0,0,0,0,0,0.128,0,1,0,0,1,0,0.067999996,0,1,1,0.756,0.712,0,0,0.04625,0.04625,0,0,0.3,0.384,0.292,0.184,0.748,0,0,0,1,1,0.5,0,0.5,0,0,0,0.5,0.5,0,0,0,0,0,0,0,0,0.5,0,0,0,0.5,0.5,0,0,0,0,0,0,0,1,0.484,0,1,0.632,1,0,0,0.088,1,0.58000004,0,0,0.122,0.25,0.25,0.25,0.5,0.5,0.5,0.5,0.5,0.5,0.5,0.5
9,1,11,83,116,101,101,108,32,68,114,117,109,115,0.4,0.8125,0.5,1,1,0.06451613,0,1,0,0,0,0,0.4375,0,0.748,1,1,1,1,0,0.364,0.42399997,0.372,0,0,0.192,1,0,0.768,1,0.248,0.664,1,0.796,0.156,0,0.041666668,0.041666668,0,0,0.3,0.304,0.096,0.24399999,0.688,0,0,0,0,0,0,0,0.624,0,0,0,0.5,0.5,0,0,0.5,0,0,0,0,0,0.5,0,0,0,0.5,0.5,0,0,0,0,0,0,0,0,0.032,0.324,0.04,0.728,0,0.5,0,0.344,0.016,0.396,0,1,0.25,0.25,0.25,0.25,0,1,0,1,0,1,0,1
9,1,13,84,117,98,117,108,97,114,32,66,101,108,108,115,0.25,0.86399996,0.716,1,0,0.032258064,0,1,0,0,0,0,0.5,0,0.625,1,0,1,0,0,0,0,0,1,0,0,1,0,0.476,0,1,0,0.912,0,0,0,0.041666668,0.041666668,0,0,0.3,0.736,0,0.32,0,0,0,0,0,0,0,0,0.5,0,0,0,0.5,0.5,0,0,0,0,0,0,0,0,0.5,0,0,0,0.5,0.5,0,0,0,0,0,0,0,0,0,0.372,0,0.3,0,0,0,0.6,0,0.592,0,0,0.25,0,0,0.25,0,1,0,1,0,1,0,1
9,1,10,86,105,98,114,97,112,104,111,110,101,0.3,0.5,0.5,1,1,0.032258064,0,1,0.236,0,0,0,0.75,0,0.75,1,0,0,0,1,0,0,0,0,0,0,1,0,0,1,1,0.71999997,0.764,0,0,0,0.041666668,0.041666668,0,0,0.3,0.136,0.124000005,0.52,0.11199999,0,0,0,1,0,0,0,0.508,0,0.604,1,0.5,0.5,0,0,0,0,0,0,0.5,0,0.5,0,0,0,0.5,0.5,0,0,0,0,0,0,0,0,0,0.73199993,0,0.812,0,0,0,0.7,0,0.612,0,0,0.25,0.25,0.25,0.25,0,1,0,1,0,1,0.008,1
9,1,9,88,121,108,111,112,104,111,110,101,0.65,0.5208333,0.5,0.48387095,0,0.032258064,0,1,0,0,0,0,0.7291667,0,0.73600006,1,0,1,1,0,0,0,0,0,0,0.33200002,0,0,0.49199992,1,1,0.67999995,0.17999999,0,0,0,0.041666668,0.041666668,0,0,0.3,0.44400015,0.148,0.27999997,0.396,0,0,0,0,0,0,0,0.524,0,0,0,0.5,0.5,0,0,0,0,0,0,0,1,0.508,0,0,0,0.5,0.5,0,0,0,0,0,0,0,0,0,0.16000001,0,0.54,0,0.296,0,0.15999998,0.016,0.38,0,1,0.25,0.25,0.25,0.25,0,1,0,1,0,1,0.032,1
10,11,9,67,97,114,98,111,114,103,101,110,0.45,0.25390625,0.5,0.22580644,0,0.22580644,0,0,0.25,0,0,0,0.5,0,0.896,1,0,1,0,1,0.332,0,0,1,0,0,1,0,0,0,1,1,0.936,0,0,0,0.041666668,0.041666668,0,0,0.3,0.49536464,1,0.164,1,0.292,0,1,0,0,0,0,0.544,0.364,0.808,0,0.5,0.5,0,0,0,0.5,0,0.5,0,0,0.78,0.312,0,0,0,0.5,0,0.5,0,0,0,0,0,0,0,0.064,0,0,0,0,0,0.072,0.368,0.132,0,0,0.25,0,0,0.25,0.5,0.5,0.5,0.5,0.5,0.5,0.5,0.5
10,1,12,67,104,117,114,99,104,32,79,114,103,97,110,0.3,0.75,0.5,1,0,0.032258064,0,1,0.192,0,0,0,0.25,0,0.71999997,1,0,0,0,1,0.464,0.29599994,0,0,0,0,1,0,0.11600001,1,1,1,1,0,0,0,0.041666668,0.041666668,0,0,0.3,0.55999994,0.128,0.064,0.424,0,0,0,0,1,0.071428575,0,0.384,0.06,0.028000003,0,0.5,0.5,0,0,0,0,0,0,0,0,0.456,0,0.016,0,0.5,0.5,0,0,0,0,0,0,0,0,0.068,0.54,0.004,0.8,0,0.508,0.148,0.73200005,0.924,0.38000003,0.316,1,0.25,0.13,0,0.194,0.176,0.824,0.176,0.824,0.176,0.82,0.176,0.824
10,1,11,67,111,110,116,105,110,101,110,116,97,108,0.225,0.752,0.5,1,0,0.032258064,0,1,0.16,0,0,0,0.25,0,0.5,1,1,1,1,1,0.27599996,0.15999995,0,0,0,0,1,0,0,0,0.508,0.58,0.424,0.14400001,0,0,0.041666668,0.041666668,0,0,0.3,0.7079998,0.060000002,0.031999998,0.352,0,0,0,1,0,0.071428575,0,0.272,0,0,0,0.5,0.5,0,0,0,0,0,0,0,0,0.204,0.02,0.016,0,0.5,0.5,0,0,0,0,0,0,0,0,0.016,0.08,0.004,0.57600003,0,1,0.0000000020712614,0.73200005,0.924,0.13200001,0.308,0.75600004,0.25,0.284,0,0.09,0,1,0,1,0,1,0,1
10,0,13,72,97,117,110,116,101,100,32,82,101,101,100,115,0.55,0.5,0.5,1,0,0.09677419,0.09920999,1,0.5376752,0.83888674,0,0,0.5,0.071270645,0.39958334,1,0.67523444,0.39204913,0.8805496,0.48710603,0.053649403,0.09495557,0.36286485,0.20569116,0.3077842,0.72269386,0.7361693,0.7697663,0.19658247,0.5826728,0.36992636,0.6455185,0.3452242,0.11465233,0.113096625,0.5,0.041666668,0.041666668,0,0,0.304283,0.6794708,0.17653911,0.22785841,0,0.14248411,0.42833304,0.25772655,0.063454926,0.40407807,0.0882743,1,0.14202347,0.9202655,0.39072675,0.38534644,0.49239522,0.8198292,0.042525407,0,0.14103025,0.94592327,0.6471056,0.6519123,0.26662415,1,0.5858607,0.1291215,0.09413445,0,0.53997654,0.58755535,0.31549072,0.61750054,0.06400758,0.08004266,0.8767543,0.7147476,0.16874897,0.9766149,0.08420399,0.039403483,0.98202807,0.2350102,0.039434303,0,0.13012934,0.042175747,0.8952948,0.09060376,0,0.07483794,0.31831458,0.14446425,0.20466326,0.27028704,0.41261315,0.48756504,0.44215512,0.64361256,0.37980708,0.4355324,0.19301187,0.602823
10,11,8,75,108,97,115,115,105,107,97,0.18968749,0.5,0.5,0.22580644,0,0.22580644,0,0,0.25,1,0,0,0.25,0,0.828879,1,0,0,1,0,0,0,1,0,1,0,1,0,0.032,0,1,1,0.624,0,0,0,0.041666668,0.041666668,0,0,0.36873317,0.39899677,1,0.044,1,0,0,1,0,1,0,0,0.5,0,0,0,0.5,0.5,0,0,0,0,0,0,0,0,0.596,0.027999863,0,0,0.5,0.5,0,0,0,0.5,0,0,0,0,0,0.052,0,0,0,0,0,0,1,0.088,0,0,0,0,0,0.25,0.5,0.5,0.5,0.5,0.5,0.5,0.5,0.5
10,1,13,76,97,117,114,101,110,115,32,79,114,103,97,110,0.225,0.5,0.5,1,0,0.032258064,0,1,0,0,0,0,0.5,0,0.5,1,0,1,0,0,0.08,0,0,1,0,0,1,0,0.9,1,1,0.82,1,0.316,0,0,0.041666668,0.041666668,0,0,0.3,0.592,0.176,0.107999995,0.24,0,0,0,0,0,0,0,0.524,0.296,0.016,0,0.5,0.5,0,0,0.5,0,0.5,0,0,1,0.508,0.112,0.103999995,0,0.5,0.5,0,0,0,1,0,0,0.5,0,0,0.088,0,0.396,0,0,0,0,1,0.12,0,0.636,0.25,0.25,0.25,0.25,0,1,0,1,0,1,0,1
10,11,9,79,98,101,114,112,104,105,115,97,0.25,0.5,0.5,0.48387095,0,0.032258064,0,1,0.17,0,0,0,0.25,0,0.8958333,1,1,0,0,1,0.644,0.244,0,0,1,0,1,0,0,0,1,1,0.556,0,0,0,0.041666668,0.041666668,0,0,0.3,0.364,0.8,0.023999995,1,0,0,0,0,1,0,0,0.484,0.344,0,0,0.5,0.5,0,0,0,1,0,0,0,0,0.47199997,0.08400001,0.196,0,0.5,0.5,0,0,0.5,0,0.5,0,0,0,0,0.04800001,0.604,0,0,0,0,0,1,0.124,0,0,0.25,0.116,0,0.21,0.296,0.692,0.324,0.7,0.25599998,0.768,0.34,0.608
10,3,9,79,108,100,32,84,105,109,101,114,0.5,0.5,0.5,0.2285484,0,0.22580644,0,0,0.25,0.005,0.005,0,1,0,0.74,1,0,0,0,0,0,0,0,1,0,0,1,0,0.256,0,1,0,0.488,0.712,0.092,0.5,0.04625,0.04625,0,0,0.3,0.408,1,0,0.54,0.032,0,0,0,0,0.005,0,0.5,0,0,0,0.5,0.5,0,0,0,0,0,0,0,0,0.5,0,0,0,0.5,0.5,0,0,0,0,0,0,0,0,0,0,1,0,0,0,0,0,1,0,0,0,0.25,0.25,0.25,0.25,0.5,0.5,0.5,0.5,0.5,0.5,0.5,0.5
10,3,12,79,114,103,97,110,32,70,108,117,116,101,115,0.5,0.5,0.5,0.2285484,0,0.22580644,0,0,0.25,0.005,0.005,0,0.752,0.2,0.5,1,0,0,0,0,0,0.356,0,1,0,0,1,0,0.104,0,0,1,0.56399995,0.392,0,0,0.04625,0.04625,0,0,0.3,0.6,0.116,0.04,0.304,0.2,1,0,1,0,0.005,0,0.5,0.184,0,0,0.5,0.5,0,0,0.5,0,0,0,0,0,0.812,0.024,0,0,0.5,0.6,0,0.5,0,0,0,0,0,0,0.508,0.656,0.58,0.648,0,0,0.068,0,1,0.668,0,0,0.25,0.25,0.25,0.25,0.5,0.5,0.5,0.5,0.5,0.5,0.5,0.5
10,1,18,80,101,114,99,117,115,115,105,118,101,32,79,114,103,97,110,32,49,0.275,0.6240001,0.5,1,0,0.032258064,0,1,0,0,0,0,0.375,0,0.37600002,1,0,1,0,0,0,0.132,0.168,0,0,0,1,0,0.41199994,1,1,0.5,1,0.848,0,0,0.041666668,0.041666668,0,0,0.3,0.44000012,0.292,0.164,0.376,0,0,0,0,0,0,0,0.524,0,0.072,0,0.5,0.5,0,0,0,0,0.5,0,0,1,0.508,0,0,0,0.5,0.5,0,0,0,0,0,0,0,0,0,0.128,0,0,0,0,0,0,1,0.12,0,0.636,0.25,0.25,0.25,0.25,0,1,0,1,0,1,0,1
10,1,18,80,101,114,99,117,115,115,105,118,101,32,79,114,103,97,110,32,50,0.2,0.6240001,0.5,1,0,0.032258064,0,1,0,0,0,0,0.375,0,0.36800003,1,0,1,0,1,0,0.048,0.168,0,0,0,1,0,0.76799995,1,1,0.5,1,0.848,0,0,0.041666668,0.041666668,0,0,0.3,0.44000012,0.292,0.164,0.376,0,0,0,0,0,0,0,0.524,0,0.072,0,0.5,0.5,0,0,0,0,0.5,0,0,1,0.508,0,0,0,0.5,0.5,0,0,0,0,0,0,0,0,0,0.128,0,0,0,0,0,0,1,0.12,0,0.636,0.25,0.25,0.25,0.25,0,1,0,1,0,1,0,1
10,11,6,82,111,99,107,101,114,0.536,0.5,0.5,0.22580644,0,0.22580644,0,0,0.25,0.6666667,0,0,0.25,0,0.7861311,1,0,0,0,1,0.388,0,0,1,0,0,1,0,0.832,1,1,1,1,0,0,1,0.041666668,0.041666668,0,0,0.34311056,0.2984631,1,0.044,1,0.064,1,0,0,0,0,0,0.548,0,0.78,0.044,0.5,0.5,0,0,0,0,0,0.5,0,0,0.54,0.084,0.188,1,0.5,0.5,0,1,0.5,0,0,0,1,0,0,0.12,0,0,0,0,0.028,0.172,0.488,0.064,0,1,0,0,0,0,0.5,0.5,0.5,0.5,0.5,0.5,0.5,0.5
10,11,14,82,111,116,97,114,121,32,79,114,103,97,110,32,49,0.25,0.26,0.5,0.22580644,0,0.22580644,0,0,0.25,0,0,0,0.5,0,1,1,0,1,0,1,0,0,0,1,0,0,1,0,0,0,0,0.7,1,0,0,0,0.041666668,0.041666668,0,0,0.3,0.26,1,0.036,1,0,0,0,0,0,0,0,0.388,0,0.408,0,0.5,0.5,0,0,0,0,0.5,0.5,0,0,0.5,0,0,0,0.5,0.5,0,0,0,0,0,0,0,0,0,0,1,0,0,0,0,0,1,0,0,0,0.25,0.25,0.25,0.25,0.359375,0.640625,0.359375,0.640625,0.359375,0.640625,0.359375,0.640625
10,1,14,82,111,116,97,114,121,32,79,114,103,97,110,32,50,0.1,0.6240001,0.5,1,0,0.09677419,0,1,0.528,0,0,0,0.375,0,0.508,1,0,1,0,1,0.37999997,0.268,0.272,0,0,0,1,0,0.6359999,1,1,0.924,1,0.26799998,0,0,0.041666668,0.041666668,0,0,0.3,0.4480001,0.39200002,0.104,0.47199997,0,0,0,0,0,0,0,0.536,0.396,0.22399999,0,0.5,0.5,0,0,0.5,1,0.5,0.5,1,0,0.58000004,0.01999999,0,0,0.5,0.5,0,0.5,0,0,0,0,0,0,0,0.128,0,0,0,0,0,0,1,0.12,0,0.636,0.25,0.25,0.25,0.25,0,1,0,1,0,1,0,1
10,1,14,82,111,116,97,114,121,32,79,114,103,97,110,32,50,0.1,0.6240001,0.5,1,0,0.09677419,0,1,0.456,0,0,0,0.375,0,0.55200005,1,1,1,1,1,0.68,0.404,0.272,0,0,0,1,0,0.6399999,1,1,0.74,0.744,1,0,0,0.041666668,0.041666668,0,0,0.3,0.4960001,0.488,0.104,0.47199997,0,0,0,0,0,0,0,0.536,0.116,0.184,0,0.5,0.5,0,0,1,0,0.5,0,1,0,0.58000004,0,0,0,0.5,0.5,0,0,0,0,0,0,0,0,0,0.128,0,0,0,0,0,0,1,0.12,0,0.636,0.25,0.25,0.25,0.25,0,1,0,1,0,1,0,1
10,11,12,82,111,116,97,114,121,32,79,114,103,97,110,0.25,0.26,0.5,0.22580644,0,0.22580644,0,0,0.25,0,0,0,0.5,0,1,1,0,1,0,1,0,0,0,1,0,0,1,0,0,0,0,0.7,1,0,0,0,0.041666668,0.041666668,0,0,0.3,0.26,1,0.036,1,0,0,0,0,0,0,0,0.388,0,0.408,0,0.5,0.5,0,0,0,0,0.5,0.5,0,0,0.5,0,0,0,0.5,0.5,0,0,0,0,0,0,0,0,0,0,1,0,0,0,0,0,1,0,0,0,0.25,0.25,0.25,0.25,0.359375,0.640625,0.359375,0.640625,0.359375,0.640625,0.359375,0.640625
10,12,10,84,111,110,101,119,104,101,101,108,115,0.5,0.5,0.5,0.48387095,0,0.032258064,0,1,0.29431,0,0,0,0.5,0,0.25,1,0,0,0,0,0,0,0,1,0,0,1,0,0,0,0.5,1,1,0.724,0,1,0.041666668,0.041666668,0,0,0.3,0.3416284,0.86,0.14799999,1,0.276,1,1,0,1,0.71428573,0,0.348,0.055999998,0.332,0,0.5,0.5,0,0.5,0.5,0,0,0,0.5,0,0.5,0,0,0,0.5,0.5,0,0,0,0,0,0,0,0,0,0,0,0,0,0,0,0,1,0,0,0,0,0.004,1,0.504,0.375,0.4107143,0.44642857,0.48214287,0.51785713,0.55357146,0.58928573,0.625
10,11,11,84,114,97,110,115,105,115,116,111,114,103,0.13684376,0.5,0.5,0.48387095,0,0.032258064,0,1,0.25,0,0,0,0.5,0,0.7487572,1,0,0,0,0,0,0,0,1,0,0,1,0,0,0,0,1,0.688,1,0,0,0.041666668,0.041666668,0,0,0.3,0.40003136,1,0.02,1,1,0,1,0,0,0,0,0.616,0.32000002,0,1,0.424,0.5,0,0,0,0.5,0,0,0,0,0,0.9046176,0,0.5,0,0.5,0,0,0.5,0,0,0,0,0,0,0.044000003,0,0,0,1,0,0.148,0.5,0.084,0,0,0,0,0,0,0,1,0,1,0,1,0,1
10,9,11,87,114,111,110,103,32,79,114,103,97,110,0.75,0.5,0.5,0.48387095,0,0.22580644,0,0,0.25,0,0,0,0.5,0,0.75,1,0,0,0,0,0.9622656,0,0,1,0,0,0,0,0.0645,0,1,1,0.7326875,0,0,0,0.041666668,0.041666668,0,0,0.3,0,0.20384374,0.8429375,0.21142188,0,0,0,0,0,0.71428573,0,0.5,0,0,0,0.5,0.5,0,0,0,0,0,0,0,1,0.525125,0.10125,0,0,0.5,0.5,0,0,0.5,0,0,0,0,0,0,0,1,0.0215625,0,0.43775,0.022265624,0,1,0.03459375,0,0.5851719,0.25,0.25,0.25,0.25,0.5,0.5,0.5,0.5,0.5,0.5,0.5,0.5
11,2,8,53,32,65,77,32,80,97,100,0.5,0.5,0.5,0.48387095,0,0,0,0,0.25,0.005,0.005,0,0.5,0,0.5,1,1,0,0,1,1,0,0.004,0.995,0.005,0,0.995,0.005,0,0,1,1,1,0,0.18,0,0.04625,0.04625,0.005,1,0.63600004,0,0.032,0.42000002,0.236,0,0.005,0,1,1,1,0.005,0.256,0.072,0,0,0.5,0.5,0,0.5,1,0,0.005,0.005,0,0.005,0.104,0,0.208,0.5,0.5,1,0,0.005,0.005,0,0.005,1,0,0,0.27199998,1,1,1,0,0.26000002,0.17599998,1,1,0.96,0,0.20799997,0,0.462,0.106,0,0.468,0.528,0.488,0.532,0.524,0.48,0.528,0.476
11,7,7,65,115,116,104,101,97,115,0.5,0.5,0.5,0.3548387,0,0.22580644,0,0,0.25,0.005,0.005,0,0.5,0,0.25,1,1,1,0.995,1,0.35086316,0.448,0,1,1,0.75,1,1,0.5,1,0.5,0.63095737,0.63095737,0.44668362,0,0,0.04625,0.04625,0.005,0.005,0.3,0.284,0.1,0.5,0.25,0,0.005,0.005,1,1,1,0.005,0.5,0,0,0,0.5,0.5,0,0.5,0.005,0,0,0,0,1,0.21999998,0.5,0.168,0,0.5,0.5,0,0,0.5,0.5,0.5,0.5,0,0.005,0.46400002,0.591934,0.33333,0.46393403,0.5,0.75,0.556,0.624,0.25,0.5041868,0.5,0.5,0.25,0.25,0.25,0.25,0.5,0.448,0.552,0.5,0.5,0.424,0.576,0.5
11,7,7,65,122,105,116,101,116,97,0.5,0.25,0.5,0.3548387,0,0.06451613,0.5,1,0.33333,0.005,0.005,0,0.5,0.029026117,0.25,1,0.995,0.005,0,1,0,0,0,0.995,0.005,0.1,0.995,0.005,0.58,1,0,1,1,0.312,0,0.005,0.04625,0.04625,0.005,0.005,0.3,0.4317459,0.1,0.336,0.75,0,0.005,0.005,1,1,1,1,0.34,0.25,0,0,0.5,0.5,0,0,0.005,0.5,0,0,0,1,0.188,0.33333,0,0,0.5,0.5,0,0.005,0,0.5,0,0,0.005,1,0.40738797,0.348,0.336,0.484,0.5,0.25,0.512,0.552,0.5,0.5,1,0.25,0.25,0.25,0.25,0.25,0.5,0.5,0.5,0.5,0.5,0.5,0.5,0.5
11,6,7,66,114,101,97,116,104,101,0.6639641,0.5,0.5,0.2285484,0,0.22580644,0.34364998,0,0.25,0.005,0.005,0,0.5,0,0.7500977,1,0,0,0,0,0,0,0,1,0,0,1,0,0.16416,0,0,0.34248,1,1,0.07734,0.5,1,1,0,0,0.29999998,0.7637344,0.20302999,0.4623,1,0,0,0,1,1,0.64285713,0,1,0.20986,0,0,0.5,1,0,0.5,1,0,0,0,0,0,1,0.29657623,0,0,0.69275,1,0,0,0,1,0,0,0,1,0,0.70049,1,0.82558995,0,0,0.67793,0,1,0.63427997,0,0,0.25,0.25,0.25,0.25,0.30119997,0.722655,0.37857,0.50737,0.68834496,0.342745,0.23522499,0.502395
11,0,6,67,97,110,97,100,97,0.55,0.5,0.5,0.7419355,0,0.032258064,0,1,0.054342665,0.2531935,0,0,0.5,0.09516641,0.16854167,1,0.059604704,0.563118,0.55414784,0,0,0.10434829,0.0038652772,0.5830329,0.1870066,0.23208323,0.6167349,0.47362489,0,0.24613434,0.8012203,0.89146745,0.70956,0.012200072,0.28411114,0.16635293,0.041666668,0.041666668,0.32627743,0.14356428,0.024,0.44282246,0.095096365,0.11794022,0.11275644,0.37020198,0.5290301,0.8386468,0.26155072,0.031046093,0.39179903,0,0.18532781,0.15252,0.1066204,1,0.40561622,0.4581167,0.052912623,0.629285,0.9225858,0.27647078,0.94412595,0.6188604,0.7229764,0,0.97823256,0.6957,0.021182977,0,0.9835558,1,0.0055246833,0.0952068,0.118406475,0.5323161,0.6812689,0.68011695,0.9836618,0.12549198,0.08486004,0.2532008,0.56804717,0.37145695,0.002931999,0.07455285,0.32674533,0,1,0.68805695,0.15654339,0.18112314,0.114,0.9131443,0.25,0.3307361,0.37827945,0.55997837,0.41199917,0.53151166,0.33572346,0.64865696,0.42214245,0.64939857
11,3,10,67,97,114,98,111,110,105,122,101,100,0.4,0.5,0.5,0.2285484,0,0.22580644,0,0,0.25,0.005,0.005,0,0.5,0.82,0.4375,1,0,0,0,1,0,0,0,1,0,0,0,0,0.516,1,1,1,0.676,0.432,0,0,0.04625,0.04625,0,0,0.3,0.684,0,0.052,0.736,0,0,0,0,0,0.005,0,0.132,0.612,0.684,0.54,0.5,1,0,0,1,0.5,0.5,0,0,0,0.052,0.068,0,0,0.5,1,0,0.5,0,0,0,0,0,0,0.624,0,1,0.7,0,0,0.568,0,1,0,0,0,0.25,0.25,0.25,0.25,0,0.5,0.5,0.5,0.5,0.5,0.5,0.5
11,3,9,67,104,105,108,100,104,111,111,100,0.5,0.75,0.5,0.2285484,1,0.22580644,0,0,0.25,0.005,0.005,0,0.25,0.007999999,0.5,1,1,0,0,0,0,0,0,1,0,0.44,1,0,0.067999996,0,0.044,1,0.908,0,0,0,0.04625,0.04625,0,0,0.29999998,0.18,0.24,0.268,1,0,0,0,1,1,0.005,0,0.236,0.048,0.072,0.348,0.604,0.396,0,0.5,0,1,0,0.5,0,0,0.072,0.312,0,0,0.64,0.42,0,0,0,0.5,0,0,0,0,0.584,0.82,0.45999998,0.752,0,0,0.44799998,0.732,1,0.788,0.103999995,0,0.25,0.25,0.25,0.25,0.21599999,0.728,0.37199998,0.65999997,0.38799998,0.592,0.392,0.592
11,9,14,67,114,121,32,73,110,32,84,104,101,32,83,107,121,0.5,0.5,0.5,1,0,0.032258064,0,1,0.06953125,0,0,0,0.2499034,0,1,1,0,0,1,0,0,0,0,1,0,0,1,0,0.08590625,1,1,1,0.21117188,0,0,0,0.041666668,0.041666668,0,0,0.3,0.51259375,0.32654688,0.57021874,0,0,0,0,0,0,0,1,0.20707813,0.081828125,0,1,0.5,0.5,0,0,0,0.5,0,0,0,1,0.57825,0.084515624,0,1,0.5,0.60814065,0,0.5,0,0,0,0,0,0,0.6954531,0.71334374,0.8813594,0.6760625,0.5856406,0.45415625,0.24821874,0.61945313,0.59557813,0.6580156,0.328375,0.4985,0.25,0.6773437,0.25,0.25,0.5,0.5,0.5,0.5,0.5,0.5,0.5,0.5
11,11,8,67,121,116,104,114,97,116,97,0.15,0.5,0.5,0.48387095,0,0.032258064,0.067999996,1,0.23800002,1,0,0,0.25,0,0.7279625,1,0,1,1,1,0,0,0.396,0,1,0.528,1,0,0.5686348,1,1,0.74,1,0,0.00800001,0,0.041666668,0.041666668,0,0,0.3,0.316,0.08,0.484,1,0,0,0,1,1,0,0,0.2,0.06800001,0.328,0,0.5,0.5,0,0.5,0,0,0.5,0,0,0,0.26,0.012960056,0.708,1,0.5,0.5,0,0,1,0,0,1,0,0,0.352,0.544,0.276,1,0,1,0.3,0.752,1,0.65999997,0,0,0.65,0.54,0.40800002,0.428,0,1,0,1,0,1,0,1
11,3,11,68,97,114,107,32,70,117,116,117,114,101,0.25,0.5,0.5,0.2285484,0,0.22580644,0,0,0.25,0.005,0.005,0,0.25,0.248,0.25,1,1,1,1,0,0,0,0,1,0,0,1,0,0.052,0,1,0.868,0.872,0,0,0,0.04625,0.04625,0,0,0.3,0.112,0.728,0.664,1,0.544,1,0,1,0,0.005,0,0.016,0.024,0.256,0,0.5,0.5,0,0.5,0,1,0.5,0,0,0,0.5,0,0,0,0.5,0.5,0,0,0,0,0,0,0,0,0.592,0.7,0.44,0.8,0,0,0.496,0,1,0.776,0,0,0.25,0.25,0.25,0.25,0.352,0.648,0.44,0.564,0.408,0.596,0.364,0.608
11,3,6,68,104,121,97,110,97,0.19994842,0.5,0.5,0.2285484,0,0.22580644,0,0,0.25,0.005,0.005,0,0.75,0,0.6458333,1,0,1,1,0,0.18,0.068,0,1,0,0.604,1,0,0,0,1,1,0.65599996,0.444,0.336,0,0.04625,0.04625,0,0,0.3,0.30400008,0.23199998,0.28399998,1,0.22,1,0,1,1,0.5714286,0,0.152,0.067999996,0.072,0,0.728,0.5,0.352,0.5,1,0.5,0.5,0.5,0,0,0.288,0.072,0.024,0.164,0.5,0.772,0,1,0,0.5,1,1,0,0,0.784,0.668,0.124,0.756,1,0.824,0.62,0.204,1,0.784,0,0.804,0.25,0.25,0.25,0.25,0.208,0.84,0.356,0.692,0.364,0.688,0.328,0.664
11,2,9,68,105,101,32,65,108,111,110,101,0.1,0.5,0.5,1,0,0.09677419,0,1,0.03,0.005,0.005,0,0.5,0,0.5,1,0.995,0.005,0.995,0.005,0,0,0,0.995,0.005,0,0.995,0.005,0,0.005,1,0,0,0,0.72,0,0.04625,0.04625,0.005,0.005,0.3,0.34192398,1,0,1,0,0.005,1,0.005,0.005,0.005,0.005,0.74,0.032,0,0,0.5,0.5,0,0,0,0.5,0.005,0,0.005,0.005,0.356,0,0.352,0,0.5,0.5,0,0.005,0.005,0,0.005,0,1,0.005,0,0,1,0,0,0,0.38,0.824,1,0.824,0,0.696,0.25,0,0.44,0.57600003,0.328,0.68,0.3,0.756,0.364,0.628,0.384,0.592
11,0,9,68,105,115,99,111,118,101,114,121,0.15,0.5,0.5,1,0,0.09677419,0,1,0.176,1,0,0,0.5,0,0.636,1,0.8671628,1,0,0.990835,0.085114256,0.5423,0,0.21771264,0.221753,0,1,0,0.82,1,0,1,0,1,0,0.7571691,0.041666668,0.041666668,0.91726905,0,0.42799997,0.1832374,0.288,0.65999997,0.156,0.18,1,0,0,0,0.71428573,0,0.5075866,0.20400001,0.06606961,0.37999997,0.5,0.806175,0.06780919,0.5,0,1,1,0.72508866,0,0,0.84612995,1,0.88649,0.9071928,0.5,0.93503,0.14453,0.13006788,0.5,0,0,1,0,0.05530846,0.62799996,0,1,0.64366,1,0,0.2,0,1,0.56084996,1,0,0,0.208,0.05,0.09,0.25,0.75,0.25,0.75,0.25,0.75,0.25,0.75
11,9,12,68,114,97,109,97,100,121,32,77,111,114,101,0.3,0.5,0.5,1,0,0.09677419,0,1,0.23757812,0,0,0,0.5,0,0.75,1,1,1,1,1,0.432125,0,0,1,0,0,1,0,0.07459375,0,0.17710938,0.48045313,0.47625,0,0,0,0.041666668,0.041666668,0,0,0.3,0.50096875,0,0.5442656,0,0,0,0,1,0,0.14285715,1,0.366375,0,0.21870312,0,0.5,0.798375,0,0,0,0,0.5,0.5,0,1,0.11857813,0.23648438,0,1,0.5,0.67373437,0,0,0,0.5,0,0,0,0,0.57276565,0,1,0.5906719,0.11064062,0.64128125,0,0,1,0.5113281,0,0.43820313,0.25,0.25,0.25,0.25,0.375,0.625,0.375,0.625,0.375,0.625,0.375,0.625
11,7,13,68,114,101,97,109,105,110,103,32,65,110,101,119,0.5,0.25,0.5,1,0,0.12903225,0.396,1,0.25,0,0,0,0.5,0.13599999,0.75,1,1,1,1,1,0.65599996,0.148,0,1,1,0.34,1,1,0.32,1,1,0.39810717,0.39810717,0.94,0,0,0.041666668,0.041666668,0,0,0.2,0.22924964,0.15,0.33333,0.75,0.43199998,0,0,1,1,1,1,0.17999999,0.648,0.75,0.85999995,0.5,0.5,0,0,0,0.5,1,0.5,1,0,0.5,0,0,0,0.5,0.5,0,0,0,0,0,0,0,0,0.67599994,0.68399996,0.5,0.76,0.66666,0.42,0.53636515,0.48,0.536,0.624,0.376,0.5,0.25,0.25,0.25,0.25,0.5,0.484,0.516,0.5,0.5,0.48,0.52,0.5
11,11,6,69,109,111,115,104,105,0.333,0.5,0.5,0.48387095,0,0.032258064,0,1,0.414,0,0,0,0.5,0.344,0.5,1,1,0,0,1,0.044,0.2,0,0,0,0,0,0,0.048,0,1,0.7943282,0.7943282,0.11134395,0,0,0.041666668,0.041666668,0,0,0.3,0,0,0.79199994,1,0,0,0,1,0,0,0,0.44,0.051999997,0,1,0.5,0.5,0,1,0,0,0,0,0,0,0.36,0.136,0.552,1,0.5,0.5,0,0,0.5,0,0,0.5,0,0,0.228,0.816,0.396,1,0.35999998,1,0.236,0.536,0.136,0.588,0.448,0.568,0.126,0,0.126,0,1,0,1,0,1,0,1,0
11,7,5,69,112,104,117,114,0.5,0.5,0.5,0.3548387,0,0.09677419,0.25,1,0.25,0,0,0,0.25,0,0.75,1,1,1,1,1,0.42800003,0,0,1,0,0.33333,0,1,0.45999998,1,0.764,0.44668362,0.44668362,0.7079458,0,0.5,0.25,0.041666668,1,0,0.25,0.248,0.15,0.256,0.284,0,0,0,1,1,1,1,0.212,0.636,0.33333,0,0.5,0.5,0,0,0,0.5,0.5,0.5,0,1,0.228,0,0.15,0,0.5,0.5,0,0,0,0.5,1,1,0.5,0,0.692,0.40738797,1,0.544,0,0.25,0.472,0.31352088,0.75,0.5041868,0.5,0.33333,0.25,0.25,0.25,0.25,0.5,0.5,0.5,0.5,0.5,0.5,0.5,0.5
11,3,17,69,116,101,114,110,97,108,32,68,101,112,97,114,116,117,114,101,0.35,0.5,0.5,0.2285484,0,0.22580644,0,0,0.25,0.005,0.005,0,0.75,0,0.5,1,0,1,0,1,0.18,0,0,1,0,0,1,0,0,1,1,1,0.98,0.308,0.336,0,0.04625,0.04625,0,0,0.3,0.456,0.18,0.152,1,0,1,0,0,0,0.005,0,0.392,0.1,0.184,0,0.728,0.5,0.352,0.5,1,0,0.5,0.5,0,0,0.58,0,0.024,0,0.5,0.5,0,0,0,0,1,1,0,0,0.748,0.668,0.124,0.756,0,0.824,0.524,0.204,1,0.784,0,0.804,0.25,0.25,0.25,0.25,0.204,1,0,0.8,0,1,0.216,0.752
11,4,13,70,97,100,105,110,103,32,77,101,109,111,114,121,0.592,0.5,0.5,1,0,0.032258064,0.57199997,1,0.162,0,0,0,0.5,0,0.5,1,1,0,1,0,0,0,0,1,0,0,1,0,0,0,1,1,0,0,0,0,0.041666668,0.041666668,0,0,0.29999998,0.288,0.076,0.17999999,0,0,0,0,1,0,0,0,0.27199998,0.17999999,0,0.504,0.5,0.9,0,0.5,0,0,0,0,0,0,0.5,0.112,0,1,0.5,0.5,0,0.5,0,0,0,0,0,0,0.65999997,0.86399996,0.91999996,0.856,0,0,0.536,0,1,0.76,0,0,0.25,0.25,0.25,0.25,0.41599998,0.54399997,0.452,0.59599996,0.496,0.39999998,0.468,0.576
11,7,8,70,105,115,115,117,114,101,115,0.5,0.25,0.5,0.48387095,0,0.12903225,0.396,1,0.1,0,0,0,0.25,0,0.5,1,1,1,1,1,0.592,0.5263158,0,1,1,0.33333,1,1,0.25,1,1,0.63095737,0.63095737,0.94,0,0,0.25,0.25,0,0,0.28399998,0.36924964,0.15,0.31599998,0.744,0.66400003,0,0,1,1,0.9285714,1,0.196,0.25,0.33333,0.86,0.5,0.5,0,0,0,0.5,0.5,0.5,0.5,0,0.5,0,0,0,0.5,0.5,0,0,0,0,0,1,1,0,0.684,0.684,0.33333,0.76,0.644,0.42,0.548,0.48,0.536,0.624,0.33333,0.5,0.25,0.25,0.25,0.25,0.5,0.476,0.524,0.5,0.5,0.548,0.452,0.5
11,8,5,70,105,122,122,121,0.25,0.5,0.5,0.48387095,0,0.032258064,0.288,1,0.45,0,0,0,0.75,0.408,0.5,1,0,1,0,1,0,0,0,0,0,0.72400004,1,0,0,0,1,0.916,0.996,1,0.372,0.5,0.041666668,0.041666668,0,0,0.30400002,0.536,0,0.62,0,0,0,0,1,1,0.64285713,0,0.18,0,0.376,0,0.5,0.5,0,0,0,0,1,0,0,0,0.364,0.052,0.388,0,0.5,0.5,0,1,1,0,0,0,0,0,0.536,0.488,1,0.684,1,0.368,0.18800001,0.492,0.748,0.508,1,0.324,0.322,0.274,0.25,0.25,0.424,0.552,0.584,0.444,0.564,0.468,0.412,0.568
11,7,14,70,108,111,119,99,97,115,105,111,110,97,108,108,121,0.5,0.5,0.5,0.48387095,0,0.09677419,0.33333,1,0.25,0.005,0.005,0,0.25,0.01901181,0.5,1,0,1,1,1,0.35086316,0.4623158,0,0.995,1,0.488,0.995,1,0.292,1,1,0.56234133,0.56234133,0.63095737,0.15848932,0.5,0.04625,0.04625,1,0.005,0.2,0.44944248,0.15,0.25,0.5,0.196,0.005,0.005,1,1,1,1,0.228,0.15,0.25,0,0.5,0.5,0,0,0.005,0.5,0.5,1,0.5,1,0.268,0.33333,0.25,0,0.5,0.5,0,0.005,0,1,0.5,1,1,1,0.50466913,0.616,0.75,0.548,0.5,0.33333,0.60409373,0.5044626,0.75,0.46329182,0.5,0.5,0.25,0.25,0.25,0.25,0.5,0.55,0.45,0.5,0.5,0.4,0.6,0.5
11,6,12,71,105,118,101,32,73,116,32,84,105,109,101,1,0.24408597,0.5,1,0,0.032258064,0,1,0.04717,0.005,0.005,0,0.5,0.39226,0.8032031,1,1,0,1,0,0,0,0,1,0,0,1,0,0.91484,0,0,0,0,1,0.04951,0,0.04625,0.04625,0,0,0.29999998,0.21525,0.23555,0.18756999,0,0.68498,0,0,1,0,0.005,0,0.5,0,0,0.5,1,0.660985,0,0,0,0.5,0,0,0,0,0.75742,0.63496,0,0.5,0.5,1,0,0,0,0.5,0,0,0,0,0.3375,0,1,0.73846,0,0,0.65247,0,1,0.56821996,0,0,0.25,0.25,0.25,0.25,0,0.98205495,0,1,0,1,0,1
11,11,10,71,108,105,116,99,104,111,114,105,110,0.25,0.74,0.5,0.7419355,0,0.06451613,0.067999996,1,0.36000004,1,0,0,0.25,0,0.5,1,0,1,0,1,0,1,0,0,0,0.472,0,1,0.028,0,0,0.704,1,0,0,0,0.041666668,0.041666668,0,0,0.33515626,0.14400001,0.152,0.68799996,0.46,0,0,0,1,1,0,0,0.46,0,0.74,0.788,0.5,0.5,1,0,0,0,0,1,0,0,0.42,0.08896006,0.336,0,0.5,0.5,0,1,0.5,0,0,0,1,0,0.359375,0.53200006,0.21599999,0.996,0,1,0.37306255,0.752,1,0.65199995,0,0.632,0.65,0.40000004,0.21200003,0.428,0,1,0,1,0,1,0,1
11,3,8,73,110,32,83,119,101,101,112,0.35,0.5,0.5,0.2285484,0,0.22580644,0,0,0.25,0.005,0.005,0,0.75,0.188,0.5,1,0,1,1,0,0.51199996,0.228,0,1,1,0.71999997,1,0,0.04,0,0.768,0.872,1,0.89199996,0.28399998,0,0.04625,0.04625,0,0,0.29999998,0.36000007,0.256,0.848,0.348,0.17199999,0,0,1,1,0.071428575,0,0.16,0.092,0.592,0.29999998,0.5,1,0.68399996,0,0.5,0,1,0.5,0,0,0.132,0.055999998,0.048,0.504,0.5,1,0.936,1,1,0.5,0,0.5,0,0,0.72,0.84,0.65599996,0.696,0.74399996,0.472,0.612,0.71199995,0.712,0.56799996,0.764,0.32799998,0.25,0.39,0.48999998,0.746,1,0,0.38,0.616,0.060000002,0.91999996,0.22,0.77599996
11,6,16,73,116,39,115,32,67,111,109,112,108,105,99,97,116,101,100,0.5,0.5,0.5,1,0,0.09677419,0,1,0.13663,0.005,0.005,0,0.5,0.17925,0.24843748,1,0,1,0,0,0.39245,0.52296996,0,1,0,0,1,0,0.28801998,1,0,0.25281,0.28680998,1,0,0,0.04625,0.04625,0,0,0.29999998,0.46731248,0,0.19364,0,0,0,0,0,0,0.005,0,0.19889,0,0.19163999,0,0.5,0.5,0,0,0,0.5,0.5,0.5,0,0,0.74656,0.73094,0,0.5,0.5,1,0,0,0,1,0,0,0,0,0.42723,0.49196997,1,0.72303,0,0,0.63883,0,1,0.68066996,0,0,0.25,0,0,0.25,0.98169,0.98864496,0.521865,0.55505496,0.49835,0.43489498,0.02452001,0.61479497
11,3,10,74,117,115,116,32,65,32,80,97,100,0.5,0.5,0.5,0.2285484,1,0.22580644,0,0,0.25,0.005,0.005,0,0.5,0.18,0.752,1,1,0,1,1,0.124,0.248,0,1,0,0.548,1,0,0.024,0,0.34,0.796,0.544,0.644,0.124,0,0.04625,0.04625,0,0,0.3,0.428,0.108,0.284,0.328,0.2,0,0,1,1,0.5,0,0.768,0.064,0,0.056,0.5,0.5,0,0,0.5,0,0,0,0,0,0.66,0.096,0.696,0.236,0.68,0.904,0,0,1,1,0,0,0,0,0.644,0.68,0.3,0.6,0.612,0,0.392,0,1,0.752,0.564,0,0.25,0.25,0.25,0.25,0.32,0.72,0.316,0.684,0.296,0.68,0.28,0.78
11,10,7,77,105,110,111,114,32,54,0.4,0.5,0.5,0.2285484,0,0.032258064,0,1,0.25,0.005,0.005,0,0.5,0.2235,0.5589219,1,1,0,1,0,0,0,0,0.995,0.005,0,0.995,0.005,1,0.005,1,1,0.7705156,0.5751563,0.22017187,0,0.04625,0.04625,0.005,0.005,0,0.4010625,0.37360936,0.102796875,0,0.11145312,1,1,0.005,0.005,0.005,0.005,0.24140625,0.39214063,0,0,0.5,1,0,0.005,0.005,0.5,0,0.005,0,0.005,0.8841875,0.16667187,0.19592187,0,0.5,0,0,0,0,0.5,0,0.005,0.5,0.005,0.7656875,0.60223436,0.50079685,0.58982813,0,0,0.61021876,0.75257814,0.50526565,0.57051563,0,0,0.25,0.25,0.25,0.25,0.2791094,0.79190624,0.24873437,0.73440623,0.2763125,0.7728594,0.26057813,0.77614063
11,7,7,77,105,110,116,104,117,115,0.4,0.5,0.5,0.2285484,0,0.22580644,0,0,0.25,0.005,0.005,0,0.25,0,0.5,1,1,1,0.995,1,0.352,0.448,0,1,1,0.75,1,1,0.5,1,0.5,1,1,0.44668362,0,0,0.04625,0.04625,0.005,0.005,0.3,0.296,0.15,0.33333,0,0,0.005,0.005,1,1,0.071428575,1,0.3,0,0,0,0.5,0.5,0,0.5,0.005,0.5,1,0.5,0.5,1,0.336,0.536,0.168,0,0.5,0.5,0,0,0.005,1,0.5,1,1,0.005,0.50466913,0.46393403,0.5,0.40738797,0.5,0.75,0.5625631,0.624,0.1,0.5041868,0.5,0.5,0.25,0.25,0.25,0.25,0.5,0.448,0.552,0.5,0.5,0.424,0.576,0.5
11,2,15,77,105,115,115,105,111,110,32,84,111,32,77,97,114,115,0.3,0.5,0.5,0.48387095,0,0.032258064,0,1,0.508,0,0,0,0.648,0.156,0.5,1,0,0,1,1,1,0,0,1,0,0,1,0,0,0,1,1,0.792,0,0.36400002,0,0.14583333,0.14583333,1,0,0,0.08,0.144,0.548,0,0.684,0,0,1,0,1,0,0.5,0,0,0.5,0.5,0.5,0,0,0,0,0,0,0,0,0.1,0.752,0,0.5,0.5,1,0,0,0,0.5,0,0,0,0,0.292,0.97599995,0.864,0.9760001,0,0.408,0.184,1,1,0.848,0,0,0.25,0.25,0.25,0.25,0.436,0.544,0.456,0.572,0.428,0.568,0.428,0.568
11,2,12,77,111,114,110,105,110,103,32,71,108,111,119,0.25,0.5,0.5,1,0,0.06451613,0,1,0.442,0.005,0.005,0,0.5,0,0.5,1,0.995,0.005,1,0,0,0,0,0.995,0.005,0,0.995,0.005,0,1,0,0.928,1,0,0.084,0,0.04625,0.04625,0.005,0.005,0.3,0,0.068,0.484,1,0,0.005,0.005,1,1,0,0.005,0.268,0,0.112,0,0.5,1,0,0.005,0.005,0.005,0.005,0.005,1,0.005,0.476,0.62,0,0.5,0.5,0.8,0,0.005,0.005,0.5,0,0,0,0.005,0.392,1,1,1,0,0,0.288,1,1,0.996,0,0,0,0.582,0.146,0.178,0.456,0.544,0.484,0.52000004,0.448,0.504,0.44,0.556
11,9,7,77,121,32,77,97,121,97,0.4,0.5,0.5,0.48387095,0,0.09677419,0,1,0.25,0,0,0,0.25,0,0.5,1,0,1,0,1,0.37548438,0.20053124,0,1,0,0,1,0,0.06946874,0,0.28246874,1,0.382875,0,0,0,0.041666668,0.041666668,0,0,0.3,0.4935625,0.2364375,0.29576564,0.0473125,0,0,0,1,1,0.9285714,0,0.5,0.091875,0,0.6857344,0.5,0.5,0,0.5,0,0,0,0,0,1,0.243625,0.6008125,0,0,0.5,0.5,0,0,0,0.5,0,0,0,0,0.7572031,0.3366719,0.70864064,0.7041563,0,0.14775,0.54545313,0.5764844,0.8148906,0.636,0.25584376,0.5595156,0.25,0.60903126,0.25,0.25,0.39034376,0.60490626,0.43378124,0.5634062,0.5,0.5,0.57879686,0.40201563
11,7,8,78,97,110,111,116,117,98,101,0.5,0.26,0.5,0.48387095,0,0.09677419,0.33333,1,0.45,0,0,0,0.25,0,0.5,1,0,0,1,1,0.35200003,0.26,0,1,0,0.408,0,1,0.41199997,1,0.764,0.5011872,0.5011872,0.63095737,0,0.5,0.25,0.041666668,1,0,0.3,0.2197459,0.15,0.33333,0.33333,0,0,0,1,1,1,1,0.184,0.6,0,0,0.5,0.5,0,0,0,0.5,0.5,1,0,1,0.268,0.25,0.33333302,1,0.5,0.5,0,0,0,1,0.5,1,0,0,0.69138795,0.46393403,0.66666,0.50466913,0,0,0.672,0.5044626,0.66666,0.5623806,0,0.33333,0.25,0.25,0.25,0.25,0.5,0.5,0.5,0.5,0.5,0.5,0.5,0.5
11,6,7,78,101,119,32,68,97,121,1,0.24408603,0.5,1,0,0.032258064,0,1,0.04717,0.005,0.005,0,0.5,0.39226,0.8032031,1,1,0,1,0,0,0,0,1,0,0,1,0,0.91484,0,0,0,0,1,0.04951,0,0.04625,0.04625,0,0,0.3,0.21525,0.23555,0.18756999,0,0.68498,0,0,1,0,0.005,0,0.5,0,0,0.5,1,0.660985,0,0,0,0.5,0,0,0,0,0.75742,0.63496,0,0.5,0.5,1,0,0,0,0.5,0,0,0,0,0.3375,0,1,0.73846,0,0,0.65247,0,1,0.56821996,0,0,0.25,0.25,0.25,0.25,0,0.98205495,0,1,0,1,0,1
11,3,6,79,66,32,79,110,101,0.5,0.5,0.5,0.2285484,1,0.22580644,0,0,0.25,0.005,0.005,0,0.49958333,0,0.64625,1,1,0,1,0,0,0.12799999,0,1,1,0.468,1,0,0.08799999,0,1,1,0.772,0.824,0,0,0.04625,0.04625,0,0,0.3,0.37200013,0.1,0.29199997,0.548,0.308,0,0,1,1,0.78571427,0,0.784,0.06,0,0,0.5,0.832,0,0.5,1,0.5,0,0,0,0,0.1,0.056,0,1,0.5,0.904,0.512,0.5,1,0,0,0,0,0,0.019999998,0.664,0.552,0.632,1,0.808,0.236,0.568,0.552,0.72,0,0,0.25,0.25,0.25,0.25,0,0.732,0.252,0.708,0.224,0.728,0.328,0.684
11,7,7,79,66,101,108,105,115,107,0.5,0.25,0.5,1,0,0.12903225,0.396,1,0.14999999,0,0,0,0.5,0.13599999,0.25,1,1,1,1,1,0.65599996,0.148,0,1,1,0.34,1,1,0.228,1,1,0.7079458,0.7079458,0.94,0,0,0.25,0.25,0,0,0.28399998,0.24124965,0.214,0.27199998,0.74399996,0.43199998,0,0,1,1,1,1,0.08799999,0.648,1,0.85999995,0.5,0.5,0,0,0,0.5,1,0.5,1,0,0.5,0,0,0,0.5,0.5,0,0,0,0,0,0,0,0,0.68399996,0.68399996,0.524,0.76,0.644,0.42,0.548,0.48,0.536,0.624,0.376,0.51199996,0.25,0.25,0.25,0.25,0.5,0.5,0.5,0.5,0.5,0.5,0.5,0.5
11,9,10,79,99,101,97,110,32,80,105,116,115,0.35,0.5,0.5,1,0,0.032258064,0,0,0.43868747,0,0,0,0.5,0.51435935,0.5,1,1,1,1,1,0.64923435,0,0,1,0,0,1,0,0.0431875,0,1,1,1,0,0,0,0.041666668,0.041666668,0,0,0.3,0.6315,0.4140625,0.18904687,0.05240625,0,0,1,1,0,0,1,0.21907812,0,0.32292187,0,0.5,0.5,0,0,0,0,0,0.5,0,1,0.13207813,0.68582815,0,0,0.5,0.5,0,0,0,0.5,0,0,0,0,0.6400625,0.7589375,1,0.65739065,0,0,0,0.65775,1,0.5794844,0,0.62832814,0.25,0.48757812,0.25,0.25,0.5,0.5,0.5,0.5,0.5,0.5,0.5,0.5
11,7,5,79,112,116,121,100,0.5,0.25,0.5,0.48387095,0,0.09677419,0.33333,1,0.05,0.005,0.005,0,0.25,0,0.5,1,1,1,0.995,1,0.35086316,0.21052632,0,1,1,0.75,1,1,0.66666,1,0.5,0.35481337,0.35481337,0.63095737,0.1,1,0.04625,0.04625,0.005,0.005,0.3,0.19344245,0.1,0.5,0.25,0,0.005,0.005,1,1,1,1,0.176,0.25,0.15,0,0.5,0.5,0,0,0.005,0.5,1,0.5,0.5,1,0.288,0.33333,0.168,0,0.5,0.5,0,0,1,1,0.5,1,1,0.005,0.50466913,0.46393403,0.33333,0.50466913,0.5,0.75,0.5625631,0.624,0.75,0.5623806,0.5,0.5,0.25,0.25,0.25,0.25,0.5,0.448,0.552,0.5,0.5,0.424,0.576,0.5
11,7,11,79,116,104,101,114,32,68,114,101,97,109,0.5,0.25,0.5,1,0,0.12903225,0.396,1,0.05,0,0,0,0.5,0,0.25,1,1,1,1,0,0.592,0.5263158,0,1,1,0.33333,1,1,0.33333,1,1,0.7079458,0.7079458,0.94,0,0,0.25,0.25,0,0,0.28399998,0.36924964,0.15,0.31599998,0.744,0.66400003,0,0,1,1,0.9285714,1,0.276,0.25,0.33333,0.86,0.5,0.5,0,0,0,0.5,0.5,1,0.5,1,0.184,0.25,0.33333,0,0.5,0.5,0,0,0,1,1,0.5,1,0,0.684,0.684,0.33333,0.76,0.644,0.42,0.548,0.48,0.5,0.624,0.33333,0.5,0.25,0.25,0.25,0.25,0.5,0.45200002,0.548,0.5,0.5,0.59999996,0.4,0.5
11,7,6,79,116,104,105,114,115,0.5,0.5,0.5,0.48387095,0,0.06451613,0,1,0.25,0.005,0.005,0,0.5,0,0.75,1,1,1,0.995,1,0.352,0.448,0,0.995,0.005,0.75,0.995,0.005,0,1,1,0.44668362,0.44668362,0.39810717,0,0,0.04625,0.04625,0.005,0.005,0.3,0.29344246,0.125,0.33333,0,0,0.005,0.005,1,1,1,1,0.116,0.25,0.25,0,0.5,0.5,0,0,0.005,0.5,1,0.5,1,1,0.17999999,0,0.168,0,0.5,0.5,0,0,0,1,0.5,1,0.5,0.005,0.50466913,0.46393403,0.5,0.50466913,0,0.5,0.60409373,0.624,0.5,0.5623806,0.5,0.5,0.25,0.25,0.25,0.25,0.5,0.448,0.552,0.5,0.5,0.576,0.42399997,0.5
11,7,5,79,117,110,111,114,0.5,0.5,0.5,0.48387095,0,0.06451613,0.396,1,0.05,0,0,0,0.25,0.13599999,0.5,1,1,1,1,1,0.63199997,0.148,0,1,1,0.34,1,1,0.228,1,1,0.39810717,0.39810717,0.94,0,0,0.25,0.25,0,0,0.28399998,0.24124965,0.15,0.25,0.74399996,0.43199998,0,0,1,1,1,1,0.08799999,0.33333,0.75,0.85999995,0.5,0.5,0,0,0,1,1,0.5,1,1,0.308,0,0,0,0.5,0.5,0,0,0,0.5,0.5,1,0.5,0,0.604195,0.68399996,0.524,0.76,0.644,0.42,0.60409373,0.5044626,0.5,0.624,0.376,0.51199996,0.25,0.25,0.25,0.25,0.5,0.424,0.576,0.5,0.5,0.552,0.452,0.5
11,7,7,81,117,111,122,111,115,109,0.5,0.5,0.5,0.48387095,0,0.06451613,0.5,1,0.1,0.005,0.005,0,0.25,0.029026117,0.25,1,0.995,1,0,1,0.35086316,0,0,0.995,1,0.33333,0.995,1,0.25,1,0,0.5011872,0.5011872,0.7079458,0,0.005,0.04625,0.04625,0.005,0.005,0.3,0.37824214,0.1,0.33333,0.75,0,0.005,0.005,1,1,0.9285714,1,0.204,0.25,0,0,0.5,0.5,0,0,0.005,1,0.5,1,0.5,1,0.14,0.33333,0.49730003,0,0.5,0.5,0,0.005,0,0.5,1,0.5,1,0,0.604195,0.50466913,0.33333,0.50466913,0.5,0.33333,0.5625631,0.552,0.5,0.5623806,1,0.33333,0.25,0.25,0.25,0.25,0.5,0.5,0.5,0.5,0.5,0.5,0.5,0.5
11,3,11,82,101,109,101,109,98,114,97,110,99,101,0.5,0.5,0.5,0.2285484,0,0.22580644,0,0,0.25,0.005,0.005,0,0.5,0.084,0.496,1,1,0,1,0,0,0.152,0,1,0,0,1,0,0.072,0,0.484,1,0.668,0.576,0,0,0.04625,0.04625,0,0,0.3,0.316,0.048,0.356,0.464,0.008,0,0,0,0,0.005,0,0.264,0.052,0,0.052,0.5,0.8,0,0,0.5,0,0,0,0,0,0.5,0,0,0,0.5,0.5,0,0,0,0,0,0,0,0,0.096,0.564,0.276,0.636,0,0,0.372,0,1,0.716,0,0,0.25,0.25,0.25,0.25,0.5,0.5,0.5,0.5,0.5,0.5,0.5,0.5
11,4,4,82,105,99,104,0.2,0.5,0.5,1,0,0.032258064,0,1,0.31399998,0,0,0,0.5,0.232,0.5,1,1,0,1,1,0.348,0.096,0,1,0,0,1,0,0.144,0,1,1,0.852,0,0.04,0.5,0.041666668,0.041666668,0,0,0.09999999,0.24399999,0.22399999,0.308,0.22399999,0,0,0,0,1,0,0,0.352,0.012,0.57199997,1,0.496,0.54399997,0,0.5,0,0,0,0.5,0,0,0.5,0,0,0,0.5,0.5,0,0,0,0,0,0,0,0,0.464,0.872,0,0.904,0,0.14,0.368,0,1,0.648,0,0.292,0.14199999,0.114,0.17799999,0.063999996,0,1,0,1,0,1,0,1
11,11,6,82,105,112,108,101,121,0.35,0.5,0.5,0.7419355,0,0.06451613,0.067999996,1,0.46000004,1,0,0,0.25,0,0.5,1,0,1,1,0,0,0,0,0,0,0,0,0,0,0,0.056,0.58,0.88,0,0,0,0.041666668,0.041666668,0,0,0.33515626,0.088,0.496,0.80799997,1,0,0,0,1,1,0,1,0.964,0.46800002,0,0.5,1,0.5,1,0,0,0.5,0,0,0,0,0.464,0.07696006,0.184,0,0.5,0.5,0,0,0.5,0,0,0,1,0,0.123375006,0.53200006,0.21599999,0.996,0,1,0.31390628,0.752,1,0.65199995,1,0.632,0.65,0.40000004,0.21200003,0.428,0,1,0,1,0,1,0,1
11,4,13,83,97,100,110,101,115,115,32,82,97,100,105,111,0.28399998,0.5,0.5,0.48387095,0,0.22580644,0,0,0.25,0,0,0,0.74799997,0,0.5,1,0,0,0,0,0,0,0,1,0,0,1,0,0,0,1,0.29999998,0,0,0.496,0.5,0.041666668,0.041666668,0,0,1,0.24,1,0.00084,1,0.456,1,1,0,0,0,0,0.232,0.072,0,0,0.5,0.872,0,0,0,0.5,0,0,0,0,0.5,0,0,0,0.5,0.5,0,0,0,0,0,0,0,0,0.42,0.584,0,0.784,0,0,0,0.77199996,0.508,0.78,0,0.464,0.23799999,0,0.192,0,0.35999998,0.53999996,0.588,0.35599998,0.5,0.644,0.40399998,0.524
11,7,7,83,101,111,99,97,110,103,0.5,0.25,0.5,1,0,0.12903225,0.5,1,0.05,0,0,0,0.5,0.13599999,0.75,1,1,1,1,1,0.65599996,0.148,0,1,1,0.33333,1,1,0.33333,1,1,0.2818383,0.2818383,0.94,0,0,0.041666668,0.041666668,0,0,0.2,0.22924964,0.15,0.25,0.75,0.43199998,0,0,1,1,1,1,0.063999996,0.5,0.5,0.85999995,0.5,0.5,0,0,0,0.5,1,0.5,1,1,0.18,0.33333,0.33333,0,0.5,0.5,0,0,0,1,0.5,1,0.5,0,0.53652996,0.604195,0.5,0.58490694,0.66666,0.42,0.5625631,0.5625631,0.5,0.6039586,0.376,0.5,0.25,0.25,0.25,0.25,0.5,0.44799998,0.552,0.5,0.5,0.576,0.424,0.5
11,12,8,83,101,116,116,108,105,110,103,0.46,0.5,0.5,0.48387095,0,0.22580644,0,0,0.06946875,0,0,0,0.5,0.352,0.75,1,1,1,1,1,0.264,0,0.004,0,0,1,1,1,0.584,0,0.848,1,1,0.228,0.80275,0,0.041666668,0.041666668,0,0,0.29999998,0.368,0.14084375,0.23115624,1,0.256,1,0,1,1,0.071428575,0,0.108,0.81053126,0.792,0,0.5,0.5,0,0,0,0,0,1,0,0,0.1423125,0.63893753,0.436,0.30400002,0.5,0.5,0,0,0,0.5,0,0,0.5,0,0,0.5496875,0,0.728,0,0,0.420625,0,1,0.80546874,0,0,0.766,0.796,0.692,0.534,0.124,0.868,0.5,0.5,0.28800002,0.708,0.304,0.684
11,7,11,83,111,114,105,110,105,115,99,97,112,101,0.5,0.5,0.5,0.48387095,0,0.06451613,0.33333,1,0.05,0.005,0.005,0,0.25,0,0.5,1,1,1,1,1,0.35086316,0.5263158,0,0.995,0.005,0.396,0.995,1,0.618,1,0.25,0.56234133,0.56234133,0.27825308,0,0.005,0.25,0.25,1,0.005,0.2,0.29999998,0.15,0.66666,0.5,0.25,0,1,1,1,0.9285714,1,0.13999999,0.5,0.25,0,0.5,0.5,0,0,0,0.5,0.5,1,0.5,1,0.22000001,0.33333,0.15,1,0.5,0.5,0,0,0,0.5,1,0.5,1,0.005,0.6629981,0.56269985,0.256,0.50466913,0.66666,0.75,0.5625631,0.6,0.33333,0.5623806,0.456,0.33333,0.25,0.15,0,0.25,0.474,0.576,0.42400002,0.552,0.476,0.39999998,0.6,0.552
11,10,7,83,117,110,32,82,97,121,0.5,0.5,0.5,0.2285484,0.005,0.032258064,0,1,0.25,0.005,0.005,0,0.5,0.5151719,0.75,1,0.995,0.005,0.995,0.005,0,0.158,0,0.995,0.005,0,0.995,0.005,0.101156235,0,1,1,0.45160937,0.195375,0.09765625,0.005,0.04625,0.04625,0.005,0.005,0.3,0.085125,0.24071875,0.34185937,0.62609375,0,0,0.005,0.005,0.005,0.005,0.005,0.52325,0.3354219,0,0,0.5,0.63725,0,0.005,0.005,0.5,0.005,0.005,0.005,0.005,0.5,0,0,0,0.5,0.5,0,0.005,0.005,0,0.005,0.005,0,0.005,0.40946874,0.7911406,0.3136719,0.54228127,0,0.53326565,0.37575,0,1,0.5989375,0,0.33648437,0.25,0.25,0.25,0.25,0.6154375,0.39039063,0.62990624,0.40120313,0.60578126,0.4115625,0.6083906,0.39926562
11,9,11,83,117,112,101,114,32,68,114,97,109,97,0.35,0.5,0.5,1,0,0.22580644,0,1,0.6955,0,0,0,0.5,0,0.25,1,1,0,1,0,0,0,0,1,0,0,1,0,0,0,1,0.6139375,0.60490626,0,0,0,0.041666668,0.041666668,0,0,0.3,0.106890626,0.22259375,0.6448594,0.051078126,0,0,0,1,1,0,0,0.15053125,0.07984375,0,0,0.5,1,0,0,0,0.5,0,0,0,0,0.5,0,0,0,0.5,0.5,0,0,0,0,0,0,0,0,0.6248438,0.626875,0.5993594,0.8232969,0,0,0.48351562,0.40190625,1,0.672625,0,0.32390624,0.25,0.67389065,0.25,0.25,0.16690625,0.81776565,0.34070313,0.691,0.27446875,0.77804685,0,1
11,3,9,83,119,101,101,112,114,105,115,101,0.35,0.5,0.5,0.22580644,1,0.22580644,0,0,0.174,0,0,0,0.5,0.024,0.75,1,0,0,0,1,0.204,0.636,0,1,0,0,1,0,0.212,1,0.752,0.848,0.32,0.392,0,0,0.041666668,0.041666668,0,0,0.29999998,0.332,0.728,0.544,0.268,0,0,0,0,0,0,1,0.088,0.46,0.744,0.192,0.572,0.5,0,0,0,0,0.5,0,0,0,0.5,0,0,0,0.5,0.5,0,0,0,0,0,0,0,0,0.724,0.736,0.516,0.748,1,0.284,0.036,0,1,0.488,0,0,0.386,0.25,0.25,0.25,0,0.716,0.28,0.724,0.268,0.704,0.272,0.732
11,0,13,84,114,101,109,111,108,111,32,67,104,111,105,114,0.33,0.5,0.5,1,0,0.16129032,0.216,1,0.612,1,0,0,0.5,0.012,0.25,1,1,0,0,1,1,0.04,0,1,0,0,0,0,0.00000000000000005551115,0,0,0.552,1,0,0.111999996,0,0.041666668,0.041666668,0,0,0.3,0.436,0.20799999,0.092,0.164,0,0,0,1,1,1,0,0.19999999,0.692,0,0.34399998,0.5,0.708,0,0,0,0.5,0,0,0,0,0.636,0.027999992,0.006,1,0.5,0.372,0,0.5,0.5,1,0,1,0.5,0,0.392,0.316,0.652,0.64,0.112,0.552,0.176,0.412,0.912,0.656,0.424,0.504,0.582,0.25,0.25,0.25,0.25,0.32142857,0.39285713,0.46428573,0.53571427,0.60714287,0.67857146,0.75
11,3,7,84,114,101,109,111,108,111,0.2,0.5,0.5,0.2285484,0,0.22580644,0,0,0.25,0.005,0.005,0,0.74895835,0.144,0.753125,1,0,1,0,1,0.54,0.052,0,1,0,0,1,0,0,0,1,1,1,0,0.256,0,0.04625,0.04625,0,0,0.3,0.66,0.044,0.324,0.5,0.332,1,0,1,0,0,0,0.624,0.196,0.26,0.504,0.18,0.5,0.808,0.5,0,0,0,0.5,0,0,0.5,0,0,0,0.5,0.5,0,0,0,0,0,0,0,0,0.616,0.592,0.264,0.712,0.552,0,0.304,0.524,0.68,0.676,0,0,0.25,0.434,0.25,0.25,0.156,0.868,0.184,0.732,0.192,0.788,0.188,0.78
11,3,9,85,110,102,111,108,100,105,110,103,0.5,0.5,0.5,0.2285484,0,0.22580644,0,0,0.25,0.005,0.005,0,0.75,0.064,0.5,1,0,1,0,1,0.204,0,0,1,0,0.024,1,0,0,0,1,1,0.932,0.08,0.26,0,0.04625,0.04625,0,0,0.3,0.384,0.104,0.736,1,0.3,0,0,1,1,0.85714287,0,0.648,0.04,0,0,0,0.5,1,0,1,0,0,0,0,0,0.364,0.16,0,0,0.5,0.5,0,0.5,0,0,0,0,0,0,0.836,0.74,0.412,0.76,0.996,0,0.472,0.264,1,0.76,0,0,0.25,0.494,0.326,0.25,0.216,0.796,0.284,0.688,0.432,0.576,0.08,0.904
11,7,8,85,115,116,104,97,118,117,114,0.75,0.5,0.5,0.48387095,0,0.09677419,0.33333,1,0.05,0.005,0.005,0,0.25,0,0.5,1,0,0,0,0,0.35086316,0.5263158,0,0.995,0.005,0.5,0.995,0.005,0.33333,1,1,0.39810717,0.39810717,0.56234133,0,0,0.04625,0.04625,1,0.005,0.25,0.39344248,0.15,0.25,0.75,0.196,0.005,0.005,1,1,0.71428573,1,0.14,0.25,0.25,0,0.5,0.5,0,0.005,0.005,0.5,0,1,0.5,1,0.16800001,0.33333,0.33333,0,0.5,0.5,0,0.005,0.005,1,0,0,1,1,0.53652996,0.616,0.75,0.56269985,0.33333,0.33333,0.5625631,0.46365917,0.66666,0.5846349,0.5,0.5,0.25,0.25,0.25,0.25,0.5,0.55,0.45,0.5,0.5,0.4,0.6,0.5
11,11,13,86,105,110,116,97,103,101,32,83,119,101,108,108,0.333,0.5,0.5,0.7419355,0,0.032258064,0.067999996,1,0.06,1,0,0,0.5,0,0.75,1,1,0,1,0,0,0,0,0,1,0.528,1,0,0.044,0,0.056,1,0.688,0.584,0.04000001,0,0.041666668,0.041666668,0,0,0.33515626,0.12,0.068,0.84,1,0,0,0,1,1,0,0,0.556,0.012000011,0,0,0.5,0.5,0,0.5,0,0,0,0,0,0,0.26,0.068960056,0,0,0.5,0.5,0,0,0.5,0,0,0,0,0,0.275375,0.53200006,0.21599999,0.996,0,1,0.27790627,0.752,1,0.65199995,1,0.632,0.65,0.40000004,0.21200003,0.428,0,1,0,1,0,1,0,1
11,7,7,86,105,111,108,111,114,100,0.5,0.5,0.5,0.7419355,0,0.09677419,0,1,0.05,0.005,0.005,0,0.25,0,0.5,1,1,1,0.995,1,0.352,0.42105263,0,1,0,0.75,0.995,0,0.33333,1,1,0.5011872,0.5011872,0.7943282,0.31622773,0.5,0.04625,0.04625,0.005,0.005,0.3,0.29344246,0.5,0.33333,0.33333,0,0.005,0.005,1,1,0.9285714,1,0.164,0.33333,0.33333,0,0.5,0.5,0,0,0,0.5,0.5,1,0.5,1,0.23599999,0.25,0.25,0,0.5,0.5,0,0,0,1,1,0.5,1,1,0.56269985,0.46393403,0.5,0.53652996,0.5,0.5,0.60409373,0.624,0.75,0.5623806,0.5,0.5,0.25,0.25,0.25,0.25,0.5,0.448,0.552,0.5,0.5,0.576,0.42399997,0.5
11,8,17,87,97,108,107,105,110,103,32,79,110,32,83,104,101,108,108,115,0.55,0.5,0.5,1,0,0.06451613,0,1,0.634,0.005,0.005,0,0.75,0,0.5,1,0,1,1,0,0,0.432,0,1,0,0,1,0,0.104,0,1,0.316,0.20800002,0,0,1,0.04625,0.04625,0,0,0.3,0.54,0.22399999,0.084,0,0.71999997,1,0,1,1,0.21428572,0,0.5,0.184,0,0,0.5,0.5,0,0,0.5,0,0,0,0,0,0.812,0.024,0,0,0.5,0.6,0,0.5,0,0,0,0,0,0,0.508,0.656,0.58,0.648,0,0,0.068,0,1,0.668,0,0,0.25,0.25,0.25,0.25,0.5,0.5,0.5,0.5,0.5,0.5,0.5,0.5
11,11,6,87,97,114,109,116,104,0.5,0.5,0.5,0.22580644,0,0.032258064,0,0,0.11,0,0,0,0.25,0.13200001,0.25,1,1,0,1,0,0,0,0,1,0,0,1,0,0,0,1,1,1,0,0,0,0.041666668,0.041666668,0,0,0.3,0.26,0.036,0.236,0.748,0,0,0,1,0,0,0,0.392,0.072,0,0,0.5,0.5,0,0.5,1,0,0,0,0,0,0.5,0,0,0,0.5,0.5,0,0,0,0,0,0,0,0,0.28,0.54399997,0.368,1,0.512,0.32,0.268,1,1,0.592,0,0.356,0.25,0.706,0.25,0,0.256,0.744,0.284,0.672,0.288,0.692,0.252,0.688
11,3,13,87,97,115,116,101,108,97,110,100,32,79,110,101,0.5,0.75,0.5,0.2285484,1,0.22580644,0,0,0.25,0.005,0.005,0,0.24958332,0.08,0.5,1,0,1,0,0,0.332,0,0,1,0,0.688,1,1,0.072,0,0,0.308,0.828,0.86,0,0,0.04625,0.04625,0,0,0.3,0.348,0,0.404,0.372,0,0,0,1,1,0.071428575,0,0.74,0.136,0.212,0.344,0.628,0.624,0.5,0,0.5,0,0.5,0,0,0,0.5,0,0,0,0.5,0.5,0,0,0,0,0,0,0,0,0.432,0.64,0.704,0.708,0,0,0.376,0.652,0.776,0.612,0.688,0,0.25,0.25,0.25,0.25,0.5,0.5,0.5,0.5,0.5,0.5,0.5,0.5
11,3,13,87,97,115,116,101,108,97,110,100,32,84,119,111,0.5,0.75,0.5,0.2285484,1,0.22580644,0.688,0,0.25,0.005,0.005,0,0.396,0.236,0.5,1,0,1,0,1,0.332,0.252,0,1,1,0.84,1,1,0.072,0,0.54,1,0.588,0.81999993,0.248,0,0.04625,0.04625,0,0,0.3,0.548,0,0.404,0.372,0,0,0,1,1,0.071428575,0,0.216,0.136,0.428,0.344,0.628,0.624,0.5,0,0.5,0,0.5,0,0,0,0.704,0.064,0.332,0.468,0.5,1,0,0,0.5,1,0.5,1,0,1,0.088,0.14,0.128,0.104,1,0,0.376,0.652,0.776,0.612,0.688,0,0.25,0.81,0.366,0.25,0.5,0.5,0.5,0.5,0.5,0.5,0.5,0.5
11,11,8,87,97,118,101,108,105,110,103,0.2,0.5,0.5,0.48387095,0,0.032258064,0,1,0.106,0,0,0,0.5,0,0.51277417,1,1,0,1,1,0.24,0,0.024784641,0,1,0.648,0,0,0.016,0,0.608,1,0.64,0.332,0.008,0.5,0.041666668,0.041666668,0,0,0.3,0,0.108000025,0.72,0.196,0.016,0,1,0,0,0,0,0.472,0.412,0.228,0,0.452,0.64,0,0,0,0.5,0,0.5,0,0,0.18400002,0.072,0,0,0.5,0.5,0,0,0.5,0,0,0,0,0,0.208,0.792,0.156,0.944,0.3,0.92,0.076,0,1,0.668,0,0.66,0.25,0.274,0.582,0.25,0.152,0.74,0.316,0.732,0.252,0.808,0.144,0.76
11,7,5,88,97,116,97,108,0.5,0.5,0.5,0.48387095,0,0.09677419,0.33333,1,0.05,0.005,0.005,0,0.25,0,0.75,1,0,0,1,1,0.24842104,0.3623158,0,0.995,0.005,0.66666,0.995,0.005,0.75,1,1,0.7943282,0.7943282,0.56234133,0.15848932,0.5,0.04625,0.04625,1,0.005,0.2,0.5519387,0.1,0.33333,0.75,0.196,0.005,0.005,1,1,1,1,0.184,0.25,0.25,0,0.5,0.5,0,0,1,0.5,0.5,1,0.5,1,0.13199998,0.33333,0.25,0,0.5,0.5,0,0.005,0.5,1,1,0.5,1,1,0.58490694,0.6629981,0.75,0.58490694,0.5,0.5,0.60409373,0.46365917,0.25,0.6039586,0.5,0.5,0.25,0.25,0.25,0.25,0.5,0.55,0.45,0.5,0.5,0.4,0.6,0.5
12,1,5,66,111,110,103,111,1,0.5,0.5,0.22580644,0,0.032258064,0,0,0,0,0,0,0.46,0,0.38400003,1,0,0,1,0,0.228,0,0.16800001,1,0,0,0,0,1,0,1,1,0.188,0.772,0.896,0,0.041666668,0.041666668,0,0,0.3,0.4,0.17199999,0.48799995,0,0,0,0,0,0,0,0,0.5,0,0,0,0.5,0.5,0,0,0,0,0,0,0,0,0.5,0,0,0,0.5,0.5,0,0,0,0,0,0,0,0,0,0.055999987,0,0.536,0,1,0,0.24,0,0.368,0.148,1,0,0,0,0,0.5,0.5,0.5,0.5,0.5,0.5,0.5,0.5
12,1,11,67,111,110,103,97,32,77,117,116,101,100,1,0.356,0.5,0.22580644,0,0.032258064,0,0,0,0,0,0,0.416,0,0.39200002,1,0,0,0,0,0,0,0,1,0,0,0,0,1,0,1,1,0.036,0,0.628,0,0.041666668,0.041666668,0,0,0.3,0.348,0.14,0.48799998,0,0,0,0,0,0,0,0,0.5,0,0,0,0.5,0.5,0,0,0,0,0,0,0,0,0.5,0,0,0,0.5,0.5,0,0,0,0,0,0,0,0,0,0.13599999,0,0.536,0,1,0,0.20799999,0,0.368,0.148,1,0,0,0,0,0.5,0.5,0.5,0.5,0.5,0.5,0.5,0.5
12,1,5,67,111,110,103,97,1,0.356,0.5,0.22580644,0,0.032258064,0,0,0,0,0,0,0.416,0,0.39200002,1,0,0,0,0,0,0,0,1,0,0,0,0,1,0,1,1,0.036,0,0.628,0,0.041666668,0.041666668,0,0,0.3,0.344,0.14,0.48799998,0,0,0,0,0,0,0,0,0.5,0,0,0,0.5,0.5,0,0,0,0,0,0,0,0,0.5,0,0,0,0.5,0.5,0,0,0,0,0,0,0,0,0,0.13999999,0,0.536,0,1,0,0.35999998,0,0.368,0.148,1,0,0,0,0,0.5,0.5,0.5,0.5,0.5,0.5,0.5,0.5
12,1,7,67,111,119,98,101,108,108,1,0.5,0.5,0.22580644,0,0.032258064,0,0,0,0,0,0,0.692,0,0.9292969,1,0,0,1,0,0,0,0.06,0,0,0.412,0,0,0.684,0,1,0.956,0.027999993,0.896,0.08,0,0.041666668,0.041666668,0,0,0.3,0.356,0,0.928,0,0,0,0,0,0,0,0,0.5,0,0,0,0.5,0.5,0,0,0,0,0,0,0,0,0.5,0,0,0,0.5,0.5,0,0,0,0,0,0,0,0,0,0.17999998,0,0.536,0,1,0,0.336,0,0.368,0.148,1,0,0,0,0,0.5,0.5,0.5,0.5,0.5,0.5,0.5,0.5
12,3,10,72,101,97,114,116,32,75,105,99,107,0.3,0.104,0.5,0.2285484,0,0.22580644,0,1,0.25,0.005,0.005,0,0.5,0,0.5,1,0,0,0,1,0,0,0,1,0,0,1,0,0.48,0,1,0.364,0.636,0.832,1,0.5,0.04625,0.04625,0,0,0.3,0.324,1,1,0.528,0.6,0,0,1,0,0.005,0,0.5,0,0,0,0.5,0.5,0,0,0,0,0,0,0,1,0.68,0.624,0,0,0.5,0,0,0,0.5,0,0,0,0,1,0.444,0.516,0,0.288,0,0,0.012,0.64,0,0.112,0.536,0,0.25,0.25,0.25,0.25,0.5,0.5,0.5,0.5,0.5,0.5,0.5,0.5
12,3,8,80,97,110,32,68,114,117,109,0.45,0.5,0.5,0.2285484,0,0.22580644,0,0,0.25,0.005,0.005,0,0.75,1,1,1,0,0,0,0,0,0,0,1,0,0,0,0,0.168,0,1,1,0.76,0.148,0.051999975,0,0.04625,0.04625,0,0,0.3,0.372,1,0.052,1,0.3,0,0,1,1,1,0,0.5,0,0,0,0.5,0.5,0,0,0,0,0,0,0,0,0.5,0,0,0,0.5,0.5,0,0,0,0,0,0,0,0,0.096,0.6479572,0,0.6629981,0,0,0,0.648,0,0.676,0,0,0.25,0.25,0.25,0.25,0.5,0.5,0.5,0.5,0.5,0.5,0.5,0.5
12,9,11,82,111,98,111,32,80,101,114,99,101,114,0.3,0.5,0.5,0.22580644,0,0.22580644,0,1,0.25,1,0,0,0,0,1,1,1,0,1,0,0,0,0,1,0,0,1,0,1,0,1,0,1,0,0.7650469,0,0.041666668,0.041666668,0,0,0.3,0.111453116,0.62315625,0.85207814,0.104015626,0.49959376,1,1,0,0,0,0,0.17570312,0.41151562,0,0,0.5,1,0,0,0,0.5,0,0,0,1,0,0.7846137,0,0,0.5,0.9051875,0,0,0,0.5,0,0,0,0,0,0,1,0.22855788,0,0.76509374,0.017140625,0.28904688,0,0.10173438,0,0,0.25,0.25,0.25,0.25,0,0.14285715,0.2857143,0.42857146,0.5714286,0.71428573,0.8571429,1
12,1,6,83,104,97,107,101,114,0.74799997,0.5,0.5,0.22580644,0,0,0,1,0.25,0,0,0,0.5,0,0.5,1,1,0,1,0,0,0,0,1,0,0,1,0,0,0,1,0,0,0,1,0,0.041666668,0.041666668,0,0,0.3,0.86,0.248,0,0,0.356,1,0,0,0,0,0,0.848,0,0,0.5,1,0.24,0,0,0,0,0,0,0,0,0.5,0,0,0,0.5,0.5,0,0,0,0,0,0,0,0,0,0.136,0,0.524,0,0,0.08,0.19999999,0,0.148,0,1,0.25,0.162,0.282,0.25,0.5,0.5,0.5,0.5,0.5,0.5,0.5,0.5
12,1,5,84,97,105,107,111,0.7,0.224,0.488,0.22580644,0,0.09677419,0,1,0,0,0,0,0.068,0,0.34,1,0,1,0,0,0.044,0.344,0.096000016,0,0,0.41600004,1,0,0.332,0,1,0.296,0.948,0.62,1,0,0.041666668,0.041666668,0,0,0.3,0.392,0,0.27199996,0,0,0,0,1,0,0,0,0.824,0,0,0.968,0.5,0.5,0,0,0,0,0,0,0,0,0.5,0,0,0,0.5,0.5,0,0,0,0,0,0,0,0,0,0.31599998,0,0,0,0.38,0,0.432,0,0.348,0,1,0.25,0.25,0.25,0.25,0.272,0.752,0.256,0.764,0.24,0.776,0.236,0.74
12,1,10,84,97,109,98,111,117,114,105,110,101,0.53999996,0.5,0.5,0.22580644,0,0,0,1,0.25,0,0,0,0.5,0,0.5,1,1,0,1,0,0,0,0,1,0,0,1,0,0,0,1,0,0,0,1,0,0.041666668,0.041666668,0,0,0.3,0.83599997,0.72,0.00000000017881394,0,0.236,1,0,0,0,0,0,0.644,0.19600001,0.324,0,1,0.236,1,0,0,1,0,0,0.5,0,0.5,0,0,0,0.5,0.5,0,0,0,0,0,0,0,0,0,0.136,0,0.524,0,0,0,0.308,0,0.336,0,1,0.25,0,0.282,0.25,0.5,0.5,0.5,0.5,0.5,0.5,0.5,0.5
13,0,18,65,99,105,100,105,115,105,108,108,105,102,105,99,97,116,105,111,110,0.5,0.5,0.5,0.5483871,0,0.06451613,0,1,0.19000003,0,0,0,0.5,0,0.388,1,0,0,0,1,0,0,0,1,0,0,1,0,0.228,1,1,1,0.652,0.276,0,0,0.041666668,0.041666668,0,0,0.572,0.424,0,0.616,0,0,0,0,0,0,0,0,0.5,0,0,0,0.5,0.5,0,0,0,0,0,0,0,0,0.364,1,0,0.5,1,0.536,0.684,0,0.5,0,0,0,0,0,0,0.492,0,0.22,0,0.756,0,0.428,0,0.292,0,0.44,0,0.25,0.25,0.134,0.5,0.5,0.5,0.5,0.5,0.5,0.5,0.5
13,6,11,66,114,105,103,104,116,32,83,105,100,101,0.5,0.5,0.5,1,0,0.09677419,0,1,0.29914063,0.005,0.005,0,0.5,0.29029688,0.5,1,1,0,1,0,0,0,0,1,0,0,1,0,0,0,0,1,1,0,0,0,0.04625,0.04625,0,0,0.3,0.3281875,0,0.6105,0,0,0,0,0,0,0.005,0,0.5,0,0,0,0.5,0.5,0,0,0,0,0,0,0,0,0.5,0,0,0,0.5,0.5,0,0,0,0,0,0,0,0,0,0.194,0,0,0,0,0,0.59483886,0,0,0,0,0.25,0.25,0.25,0.25,0,1,0,1,0,1,0,1
13,0,14,70,105,114,101,102,108,121,32,69,109,98,101,114,115,0.7,0.5,0.5,0.7419355,0,0.09677419,0,0,0.003249995,1,0,0,0.7502084,0.6176455,0.768,1,0.14495736,0.15000176,0.2152422,0.98717684,0.0805935,0.5936791,0,0.5727838,0.12490851,0.95390785,0.7068591,0.77895135,0.13901088,0.989593,0.9844516,0.96245766,0.81342447,0.13076714,0.13251084,0.7491979,0.041666668,0.041666668,0.30663645,0.43193483,0.33568966,0.96819013,0.050573017,0.01131053,0,0.08291469,0.85251546,0.19961947,0.68889004,0.7449045,0.03154993,0,0.567079,0.016177952,0,0.11174631,0.47789466,0.8105612,0.02981916,0.7909068,0.6992899,0.60048497,0.15004027,0.7458398,0.060733914,0,0.5135441,0.07972638,0,0,0.5298796,0.5851247,0.080791436,0.021681428,0.17521465,0.39518636,0,0.334289,0.7004691,0.9575628,0.39055106,0.1508191,0.9159943,0.10621515,0.0884557,0.13276409,0,0.56922394,0.049859997,0.5514341,0.2040928,0.704863,0.13118999,0.19701,0.18821691,0.21,0.41528547,0.5035412,0.5907557,0.46750307,0.37801978,0.61859494,0.49390316,0.43044713
13,11,13,74,54,48,32,80,87,77,32,80,108,117,99,107,0.23853126,0.5,0.5,0.48387095,0,0.06451613,0,1,0.362,1,0,0,0.25,0,0.5,1,0,1,0,1,0.412,0,0,1,0,0,0,0,0,0,1,0.884,1,0,0.13999999,0,0.041666668,0.041666668,0,0,0.3,0.108,0.036,0.856,1,0,0,0,1,0,0,0,0.436,0,0.832,0,0.5,0.5,0,0,0,0,0,0.5,0,0,0.5,0,0,0,0.5,0.5,0,0,0,0,0,0,0,0,0,0.476,0,0.32799998,0,1,0,0.512,0,0.40000004,0,0,0.25,0.258,0.378,0.906,0,1,0,1,0,1,0,1
13,11,13,74,54,48,32,83,97,119,32,80,108,117,99,107,0.344,0.76,0.5,0.48387095,0,0.06451613,0,1,0.362,1,0,0,0.25,0,0.5,1,0,1,1,0,0,0,0,1,0,0,1,0,0,0,1,0.856,1,0,0.13999999,0,0.041666668,0.041666668,0,0,0.3,0.184,0.052,0.856,1,0,0,0,1,0,0,0,0.5,0,0,0,0.5,0.5,0,0,0,0,0,0,0,0,0.5,0,0,0,0.5,0.5,0,0,0,0,0,0,0,0,0,0.476,0,0.32799998,0,1,0,0.512,0,0.40000004,0,0,0.25,0.258,0.378,0.906,0,1,0,1,0,1,0,1
13,9,11,79,110,32,66,101,110,116,32,75,101,121,0.55,0.5,0.5,1,0,0.09677419,0,1,0.77721876,0,0,0,0.5,0,1,1,1,0,0,1,0.926375,0,0,1,0,0,1,0,0.043875,0,1,1,0.46832812,0,0,0,0.041666668,0.041666668,0,0,0.3,0.78173435,0,0,0,1,0,0,1,0,0.71428573,0,0.5,0,0,0,0.5,0.5,0,0,0,0,0,0,0,0,0.5,0,0,0,0.5,0.5,0,0,0,0,0,0,0,0,0,0.4450625,1,0.5185937,0,1,0,0.4038125,0,0.5089688,0.188,0.559125,0.25,0.25,0.25,0.25,0.1270625,0.8620312,0.37704688,0.5,0.70570314,0.32721874,0.6276562,0.5
13,11,5,80,97,99,101,114,0.5,0.5,0.5,0.22580644,0,0.032258064,0,1,0.146,0,0,0,0.25,0,0.25,1,1,0,1,1,0.984,0,0,1,0,0,1,0,0.044,0,1,1,1,0,0.016,0.5,0.041666668,0.041666668,0,0,0.3,0.08,0,0.772,0.728,0.22,0,0,1,0,0,0,0.164,0.148,1,0,0.5,0.5,0,0,0,0.5,0,1,0,0,0.5,0,0,0,0.5,0.5,0,0,0,0,0,0,0,0,0,0.34,0,0.088,0,1,0,0.432,0,0.12399999,0,0.5,0.25,0.118,0.078,0.174,0.356,0.624,0.392,0.676,0.288,0.668,0.268,0.724
13,11,5,80,105,122,122,105,0.4,0.5,0.5,0.22580644,0,0.22580644,0,0,0.25,0,0,0,0.5,0,0.5,1,0,1,0,1,0.268,0.14,0.036,0,0,0,1,0,0.052,0,1,1,1,0,0.048,0,0.041666668,0.041666668,0,0,0.3,0.144,0.228,0.396,1,0,0,0,0,0,0,0,0.608,0.148,0.288,0,0.5,0.5,0,0,1,0,0.5,0,0,0,0.5,0,0,0,0.5,0.5,0,0,0,0,0,0,0,0,0,0.332,0,0.616,0,0,0,0.672,0,0.656,0,0,0.25,0.25,0.25,0.25,0.5,0.5,0.5,0.5,0.5,0.5,0.5,0.5
13,11,14,82,105,102,102,32,83,116,114,117,99,116,117,114,101,0.4,0.5,0.5,0.7419355,0,0.22580644,0,1,0.722,1,0,0,0.25,0,0.5,1,1,0,0,1,0,0,0.152,0,0,0,1,0,0.812,1,0,1,1,0,0.02,0,0.041666668,0.041666668,0,0,0.29999998,0,0.012,0.71599996,1,0.208,1,1,0,1,0,1,0,0.8,1,1,0.5,0.5,0,0,0.5,0.5,0,0.5,0,0,0.5,0,0,0,0.5,0.5,0,0,0,0,0,0,0,0,0,0.4,0,0.424,0,1,0,0.42799997,0,0.228,0,0,0.25,0.118,0.078,0.174,0,1,0,1,0,1,0,1
13,11,16,83,105,109,112,108,101,32,83,97,119,32,80,108,117,99,107,0.5,0.5,0.5,0.48387095,0,0.032258064,0,1,0.654,1,0,0,0.5,0.108,0.5,1,1,0,1,0,0,0,0,1,0,0,1,0,0,0,1,1,1,0,0,0,0.041666668,0.041666668,0,0,0.3,0,0,0.724,1,0,0,0,1,0,0,0,0.5,0,0,0,0.5,0.5,0,0,0,0,0,0,0,0,0.5,0,0,0,0.5,0.5,0,0,0,0,0,0,0,0,0,0.476,0,0.304,0,0.24,0,0.512,0,0.404,0,0,0.25,0.258,0.378,0.906,0,1,0,1,0,1,0,1
13,6,11,83,109,97,108,108,32,83,116,101,112,115,1,0.5,0.5,1,0,0.22580644,0,1,0.1893125,0.005,0.005,0,0.5,0,1,1,0,0,0,0,0,0,0,1,0,0,1,0,0.14254688,1,0,0.3850625,0.47860938,1,0.06590625,0.5,0.04625,0.04625,0,0,0.3,0,0,0.5131875,0.54770315,0.31601563,1,1,0,0,0.005,0,0.5,0,0,0,0.5,0.5,0,0,0,0,0,0,0,0,0.5,0,0,0,0.5,0.5,0,0,0,0,0,0,0,0,0,0.16825,0,0,0,0,0,0.5980625,0,0.57334,0,0,0.25,0.25,0.25,0.25,0,1,0,1,0,1,0,1
13,11,10,86,111,121,101,116,32,83,113,114,120,0.35,0.5,0.5,0.22580644,0,0.22580644,0,0,0.25,0,0,0,0.5,0.48,0.5,1,0,1,0,1,0.504,0,0,1,0,0,1,0,0,0,1,1,0.788,0,0,0,0.041666668,0.041666668,0,0,0.3,0.216,0.24,0.708,1,0,0,0,0,1,0.14285715,0,0.476,0,0.10400001,0,0.5,0.5,0,0,0,0,0.5,0,0,0,0.5,0,0,0,0.5,0.5,0,0,0,0,0,0,0,0,0,0.56799996,0,0.856,0,1,0,0.82,0,0.564,0,1,0.25,0.158,0.182,0.25,0.136,0.872,0.288,0.856,0.244,0.672,0.24,0.712
14,6,6,67,108,105,99,107,121,0.5,0.45722702,0.5,1,0,0.09677419,0,1,0.2053125,0.005,0.005,0,0.7955313,0,0.5,1,0,0,0,0,0,0,0,1,0,0,1,0,0.6401875,0,0,1,1,1,0.026348436,0.5,0.04625,0.04625,0,0,0.3,0.2763087,0,0.70364064,1,0.52875,0,0,1,0,0.005,0,0.9006562,0.24779688,0,0.5,0.5,1,0,0.5,0,0,0,0,0,0,0.5,1,0,0,0.74298435,0.5,0.76804686,0,0,1,0,0,0,0,0.6661875,0.20246875,0.712375,0.705375,0,0,0.66503125,0,1,0.58138996,0.36879689,0,0.25,0.25,0.25,0.25,0,1,0,1,0,1,0,1
14,3,9,68,97,114,107,32,87,97,118,101,0.4,0.5,0.5,0.2285484,0,0.22580644,0,0,0.25,0.005,0.005,0,0.5,0.136,0.6458333,1,1,0,0,1,0,0.172,0,1,0,0.452,1,0,0.164,0,0,1,0.264,0.772,0,0,0.04625,0.04625,0,0,0.3,0.564,0.696,0.5,0.596,0.128,1,1,1,1,0.071428575,0,0.748,0.224,0,0,0.5,0.5,0,0,0.5,0,0,0,0,0,0.044,0.036,0,0,0.5,0.5,0,0,1,0,0,0,0,1,0.744,0.732,1,0.852,1,0.644,0,0,1,0,0,0,0,0,0,0,0.5,0.5,0.5,0.5,0.5,0.5,0.5,0.5
14,3,10,71,114,101,101,110,32,70,117,114,121,0.5,0.5,0.5,0.2285484,0,0.22580644,0,0,0.25,0.005,0.005,0,0.50104165,0.436,0.35520834,1,1,0,1,1,0,0.37999997,0,1,0,0.26,0,1,0.74,1,0.104,0.956,0.848,0.54,0.296,0,0.04625,0.04625,0,0,0.3,0.328,0.232,0.288,0.472,0.288,0,0,1,0,0.2857143,0,0.768,0.316,0.596,0.7,0.5,0.724,0,0,1,0.5,0,0,1,1,0.136,0.068,0,0.504,0.5,0.82799995,0,1,0.5,0.5,0,0,0,0,0.404,0.624,0.788,0.652,0,0.62,0.536,0,1,0.78,0.492,0.548,0,0.406,0.378,0.25,0,0.56,0.448,0.552,0.4,0.596,0.492,0.508
14,9,13,72,111,108,100,32,79,110,101,32,66,97,99,107,0.4,0.5,0.5,0.22580644,0,0.09677419,0.41429687,1,0.25,1,0,0,0,0,0.5,1,1,0,1,0,0,0,0,1,0,0,1,0,0,0,1,1,0,0,0,0,0.041666668,0.041666668,0,0,0.3,0.44371876,0.5171094,0,0,0,0,0,0,0,0,1,0,0.8071719,0,0,0.5,0.5,0,0,0,0.5,0,0,0,0,0.5,0,0,0,0.5,0.5,0,0,0,0,0,0,0,0,0,0,1,0,0,0,0,0,1,0,0,0.3399844,0.25,0.18957813,0.25,0.25,0.43796876,0.58065623,0.39367187,0.5574531,0.5716406,0.6084375,0.5604219,0.44785938
14,3,10,73,110,32,84,104,101,32,83,107,121,0.5,0.5,0.5,0.2285484,0,0.22580644,0,0,0.25,0.005,0.005,0,0.5,1,0.5,1,0,0,0,1,0.668,0,0,0,0,0,0,0,1,1,1,0.7,0.528,0.244,1,0,0.04625,0.04625,0,0,0.3,0.044,0.47599998,0.512,0.496,0.384,0,0,1,0,0.005,1,0.5,0.02,0.02,0,0.5,0.5,0,0,0,0.5,0,0,0,0,0.5,0,0,0,0.5,0.5,0,0,0,0,0,0,0,0,0,0.748,0.472,0.74,0.076,0.62,0.536,0,1,0.74,0,0.612,0.25,0.714,0.52599996,0.25,0.5,0.5,0.5,0.5,0.5,0.5,0.5,0.5
14,3,8,73,110,99,101,110,115,101,115,0.4,0.5,0.5,0.2285484,0,0.22580644,0,0,0.25,0.005,0.005,0,0.89604187,0.007999999,0.75,1,0,1,0,0,0.31599998,0.424,0,1,0,0.456,1,0,0.012,0,0.196,0.736,0.856,1,1,0,0.04625,0.04625,0,0,0.29999998,0.40400007,0.852,0,1,0.28399998,1,0,0,0,0.005,0,0.132,0.076,0.616,0.496,0.5,1,0,0.5,1,0,0.5,0,0,0,0.076,0.768,0,0,0.5,0.5,0,0,0,0.5,0,0,0,0,0.604,0.7,0.35999998,0.672,0,0.65599996,0.59599996,0.672,0.556,0.648,0,0.65999997,0.25,0.518,0.25,0.25,0,1,0.32799998,0.692,0.264,0.752,0.428,0.57199997
14,9,12,73,110,116,111,32,67,105,110,101,109,97,115,0.5,0.5,0.5,1,0,0.09677419,0,1,0.49857813,0,0,0,0.5,0,0.25,1,1,0,0,1,0.6048125,0,0,1,0,0.72282815,1,0,0,0,0.55359375,0.6388906,0.15621875,0,0,0,0.041666668,0.041666668,0,0,0.3,0.52317196,0.52732813,0,0,0,0,0,1,1,1,1,0.682625,0.7500194,0,0.45573437,0.5,1,0,0,0,0.5,0,0,0,0,0.52185935,0.13442187,0,0.1961875,0.5,0.65959376,0,0.5,0,0,0,0,0,0,0.70498437,0.6198437,0.887625,0.8144063,0.39523438,0.24064063,0.027890624,0,1,0.76453125,0.12978125,0.40673438,0.25,0.25,0.25,0.25,0.25,0.32142857,0.39285713,0.46428573,0.53571427,0.60714287,0.67857146,0.75
14,3,11,73,116,32,73,115,32,65,108,105,118,101,0.6,0.5,0.23599996,0.2285484,0,0.22580644,0,0,0.25,0.005,0.005,0,0.5,0.036,0.5,1,0,0,1,1,0.364,0,0,0,0,1,1,0,0.224,0,1,0.364,1,1,0.108,0,0.04625,0.04625,0,0,0.3,0.484,0.1,1,0.08,0,0,1,1,1,1,1,0.032,0.076,0.148,0.048,0.34,1,0.384,0,0.5,1,0,0.5,0,1,0.08,0.1,0.2,0,0.5,0.948,0,1,0,1,0,0,0,0,0.596,0.616,0,0.664,1,0,0.672,0,1,0.64,1,0,0.25,0.53,0.41,0.25,0.44,0.56,0.424,0.592,0.4,0.624,0.332,0.712
14,3,6,78,111,105,115,101,114,0.5,0.5,0.5,0.2285484,0,0.22580644,0,0,0.25,0.005,0.005,0,0.75,0.08399999,0.5,1,0,1,0,1,0.16,0.47599998,0,1,0,0,1,0,0.12799999,0,0,0.92,0.71199995,0.036,0.1,0,0.04625,0.04625,0,0,0.3,0.38400003,0.248,0.144,0,0.308,1,0,0,0,0.005,0,0.708,0.024,0.09599999,0.5,0.324,1,0,0,0.5,0,0.5,1,0,0,0.812,0.004,0,0,0.5,0.6,0,0.5,0,0,0,0,0,0,0.508,0.656,0.58,0.648,0,0,0.472,0.732,0.628,0.668,0,0,0.25,0.45,0.25,0.25,0.5,0.5,0.5,0.5,0.5,0.5,0.5,0.5
14,3,9,79,108,101,105,110,105,122,101,100,0.5,0.5,0.3240001,0.2285484,0,0.22580644,0,0,0.25,0.005,0.005,0,0.5,0.696,0.4375,1,1,0,0,1,0,0,0,1,0,0,0,0,0.764,0,0,1,0.472,1,0,0,0.04625,0.04625,0,0,0.3,0.6080001,0.2,0.052,1,0.20799999,1,0,0,0,0.005,0,0.04,0.04399999,0.684,0.54,0.5,1,0,0.5,0,0,0,0,0,0,0.023999996,0.15199997,0.048,0,0.5,1,0,0,1,0,0,0.5,0,0,0.624,0,1,0.7,0,0,0.568,0,1,0,0,0,0.25,0.766,0.71,0.25,0.5,0.5,0.5,0.5,0.5,0.5,0.5,0.5
14,3,8,79,118,101,114,118,111,108,116,0.5,0.5,0.5,0.2285484,0,0.22580644,0,0,0.25,0.005,0.005,0,0.5,0,0.5,1,0,1,0,1,0.524,0.16,0,1,0,0.228,1,0,0.04,0,1,0.928,0.784,0.636,0.288,0,0.04625,0.04625,0,0,0.3,0.332,0.048,0.428,0.444,0.384,0,0,1,1,1,0,0.884,0.12,0.076,0.5,0,1,0.736,1,0,1,0,0.5,0,0,0.828,0.34,0.176,0.5,1,0.7,0.268,1,0,0,0,0.5,0,0,0.516,0.696,0.252,0.776,0,0,0.184,0,1,0.652,0,0,0.25,0.25,0.25,0.25,0.5,0.5,0.5,0.5,0.5,0.5,0.5,0.5
14,3,12,82,97,100,105,111,32,83,105,122,122,108,101,0.4,0.5,0.5,0.2285484,0,0.22580644,0,0,0.25,0.005,0.005,0,0.5,0.71199995,0.5,1,0,1,1,1,0.56,0.364,0,1,0,0.25599998,1,0,0.22399999,1,0.52,1,0.44799998,0.111999996,0,0,0.04625,0.04625,0,0,0.29999998,0.204,0.08,0.43199998,0.644,0,0,0,1,1,0.14285715,0,0.696,0.89199996,0.236,0.364,0.35999998,0.844,0,0,1,1,0.5,0,0,0,0.5,0,0,0,0.5,0.5,0,0,0,0,0,0,0,0,0,0,1,0,0,0,0.448,0.692,0.552,0.524,0,0,0.25,0.25,0.25,0.25,0,0.5,0.5,0.5,0.5,0.5,0.5,0.5
14,12,16,82,97,105,110,32,79,110,32,84,104,101,32,82,111,111,102,0.896,0.5,0.5,0.032258064,0,0.032258064,0,1,0.25,0,0,0,0,0,0.628,1,0,0,1,0,0,0,1,1,1,0,1,0,1,0,1,0.256,0,0,0.588,0,0.0417,0.0417,0,0,0.3,0.49199998,0,0,0,0.552,0,0,1,0,0,0,0.908,1,0.632,0,1,0,0,0.5,0,0,0,0,0.5,0,0.292,0.648,0,0.648,0.5,1,0,0,0,0.5,0,0,0,0,0.26000002,0,1,0,0,0,0.636,0,1,0.792,0,0,0.202,0.202,0.218,0.25,0,1,0,1,0,1,0,1
14,0,18,83,97,110,100,32,70,111,114,32,66,114,101,97,107,102,97,115,116,1,0.5,0.5,0.48387095,0,0.032258064,0.112497546,1,0.012,0.7549883,0,0,0.5,0,0.10374999,1,0.38216722,0.04950571,0,0,0,0.088128954,0,0.5830329,0.1870066,0.23827729,0.7594725,0.4001863,0,0.11197752,0.97767085,1,0.716,0,0.196,0.7124146,0.041666668,0.041666668,0.23430496,0.33695346,0.25288907,0.46065015,0.07873329,0.11234339,0.14893332,0.45812303,0.64866257,0.57371044,0.35573465,0.031046093,0.7869262,0,0.12868251,0.70340997,0.017438881,1,0.5,0.5,0.012084343,0,0,0.46521467,0.8450072,0.9926419,0.7229764,0,1,0.36785352,0.042389132,0.08576279,0.7597718,1,0,0.5,1,0.10010266,0.6812689,0.8615164,0.13179994,0.09531289,0.16334587,0.23452392,0.7411084,0.31475165,0.25372368,0,0.34189767,0,1,0.64662,0.11405962,0.156,0.25,1,0.25,0.25,0.375,0.625,0.375,0.625,0.375,0.625,0.375,0.625
14,11,6,83,97,117,99,101,114,0.25,0.5,0.5,0.22580644,0,0.22580644,0,0,0.25,0,0,0,0.5,0,0.5,1,1,0,1,0,0,0,0,1,0,0,1,0,0,0,1,1,1,0,0,0,0.041666668,0.041666668,0,0,0.3,0,1,1,1,0,0,0,1,0,0,0,0.56,0.368,0.120000005,1,0.672,0.5,1,0,0,0.5,0.5,0,0,0,0.5,0,0,0,0.5,0.5,0,0,0,0,0,0,0,0,0.084,0.908,0,0.84,0.284,1,0.067999996,0,1,0.568,0,0,0.782,0.43,0.858,0,0,1,0,1,0,1,0,1
14,0,12,83,99,114,97,116,99,104,32,66,101,97,116,0.42,0.5,0.5,0.16129032,0,0.16129032,0.948,1,0.60428286,0,0.06549424,0,0.76687527,0.1195553,0.7137406,1,0.5204402,0.29859686,0.6479633,0.63561606,0.2592313,0.544,0.0033030286,0.08396649,0.0600639,0.4437773,0.14921707,0.20013279,0.812,0.16298813,0.93217516,0,1,1,0,0.36321235,0.5,0.5,1,0.16550714,0,0.15761808,0.11213213,0.34118342,0,0.99766934,0.1619482,0.28218567,0.7706938,0.5901134,0.884478,1,0.84521997,0.764,0.67999995,1,0.44,0.904,0.712,1,0.5,0.5,0,1,0,1,0.39062,0.95835817,0.552,0.768,0.236,0.72790605,0,1,1,1,0.5,0.5,1,0.21084327,0.16179672,0.6657964,0.091971435,0.49602556,0.32488084,0.588,0.49089777,0.08607523,0.93691474,0.51893055,0.55773354,0.029747998,0,0.21007438,0.10246481,0.03969,0.25,0.7682703,0.21289065,0.81011003,0.2036716,0.78037274,0.24050221,0.75315994
14,6,18,83,101,114,105,111,117,115,32,73,110,116,101,110,116,105,111,110,115,0.5,0.5,0.5,0.2285484,0,0.22580644,0,0,0.25,0.005,0.005,0,0.5,0.69566405,0.5,1,1,0,1,0,0,0.08742187,0,1,0,0,1,0,0.8352031,0,0,0.6145625,1,1,0.221375,1,0.04625,0.04625,0,0,0.3,0.3773125,0,0.50171876,0,0,1,1,0,1,0.005,0,0.5,0,0,0,0.5,0.5,0,0,0,0,0,0,0,0,0.5,0,0,0,0.5,0.5,0,0,0,0,0,0,0,0,0.6608281,0.55167186,0.8023594,0.66028124,0.6080469,0,0.69375,0,1,0.6920781,1,0,0.25,0.25,0.25,0.25,0.5,0.5,0.5,0.5,0.5,0.5,0.5,0.5
14,9,10,84,97,106,32,83,121,110,99,101,114,0.3,0.5,0.5,0.9354839,0,0.06451613,0,1,0.207375,0,0,0,0.25,0,0.5,1,1,0,0,1,0,0,0.5559844,0,0,0,1,0,0.49959376,1,1,0,0.80515623,0,0,0,0.041666668,0.041666668,0,0,0.29999998,0.7644219,0.31776562,0,0,0,0,0,0,0,0,1,0.23057812,0.787,0,0,0.5,0.5,0,0,0,0.5,0,0,0,0,0.5,0.06128125,0,0,0.5,0.5,0,0.5,0,0,0,0,0,0,0.3128125,0.74373436,0,0.6002031,0,0,0,0.73021877,0.9538594,0.592125,0,0.4678125,0.25,0.25,0.25,0.25,0.5,0.5,0.5,0.5,0.5,0.5,0.5,0.5
14,0,10,86,72,83,32,71,97,108,108,111,112,0.33,0.5,0.5,0.9354839,0,0.06451613,0.14472634,1,0.016,1,0,0,0.25,0.040120713,0.7772114,1,0.14793599,0.7272208,0.6895164,0.62763035,0.6158083,0.24670036,0,0.57694304,0.2706325,0.20716266,0.6738634,0.7846159,0,0.66588753,0.184,1,0.26399997,0.204,0,0.34878844,0.25,0.25,0.3825013,0,0.3,0.47108233,0.28643999,0,0.9354134,0,0.7098737,0.4760679,0.57929885,0,0.55422914,1,0.43903545,0.27600002,0,0.20831081,0.36561498,0.781335,0.02449964,0.5276503,0.5,0.325787,0.925894,0.044504046,0.041840076,1,0.51125,0.688,0.46341,0.90937996,0.81912935,0.9308666,0,0,1,0.5,0.7530927,0.74049354,0.5407367,0.76880544,0.37047693,0.08938019,0.7668872,0.6354692,0.25908855,0.72277397,0.17143196,0.319585,0.68164206,0.4406489,0.4241407,0.17515236,0.25807995,0.18471,0.20594,0.07683,0.25,0.75,0.25,0.75,0.25,0.75,0.25,0.75
15,11,14,65,116,116,97,99,107,32,83,116,114,105,110,103,115,0.4,0.5,0.5,0.48387095,0,0.032258064,0,1,0.282,0,0,0,0.5,0.344,0.5,1,1,0,0,1,0,0.252,0.072000004,0,0,0,0,0,0.048,0,1,1,1,0.14,0,0,0.041666668,0.041666668,0,0,0.3,0.792,0.024,0.37999997,0.268,0,0,0,1,0,0,0,0.44,0.204,0,1,0.5,0.5,0,1,0,0,0,0,0,0,0.54,0.148,0.552,1,0.5,0.5,0,0,0.5,0,0,0.5,0,0,0,0.17999999,0,0.26,0.212,1,0.16399999,0.24,0.216,0.504,0.448,0.568,0.126,0,0.126,0,1,0,1,0,1,0,1,0
15,1,5,67,101,108,108,111,0.75,0.75,0.5,1,1,0.22580644,0,0,0.25,0,0,0,0.25,0,0.71199995,1,1,0,0,1,0.3,0.288,0,0,0,0,1,0,0.34,1,1,1,1,0.316,0,0,0.041666668,0.041666668,0,0,0.3,0.6,0,0,0.528,0,0,0,0,0,0,0,0.508,0.024,0.13599999,0,0.5,0.5,0,0.5,0,0,0,0,0.5,0,0.5,0,0,0,0.5,0.5,0,0,0,0,0,0,0,0,0.000000000000000003469447,0.624,0.004,0.8,0,0.952,0.168,0.48400006,0.72,0.32400003,0,1,0.25,0.25,0.25,0.25,0.5,0.5,0.5,0.5,0.5,0.5,0.5,0.5
15,1,11,68,111,117,98,108,101,32,66,97,115,115,0.6,0.5,0.5,1,0,0.22580644,0,0,0.25,0,0,0,0.25,0,0.67199993,1,1,0,0,1,0.3,0.232,0,0,0,0,1,0,0.34,1,1,1,1,0.316,0,0,0.041666668,0.041666668,0,0,0.3,0.568,0,0,0.66,0,0,0,0,0,0,0,0.508,0.024,0.13599999,0,0.5,0.5,0,0.5,0,0,0,0,0.5,0,0.5,0,0,0,0.5,0.5,0,0,0,0,0,0,0,0,0.000000000000000003469447,0.624,0.004,0.8,0,0.952,0.16,0.48400006,0.72,0.33200002,0,1,0.25,0.25,0.25,0.25,0.5,0.5,0.5,0.5,0.5,0.5,0.5,0.5
15,11,12,70,97,115,116,32,83,116,114,105,110,103,115,0.4296875,0.5,0.5,0.48387095,0,0.032258064,0,1,0.438,0,0,0,0.5,0.192,0.5,1,1,0,1,0,0,0,0.052000005,0,0,0,1,0,0.148,0,0.184,1,1,0,0,0,0.041666668,0.041666668,0,0,0.3,0.58,0.024,0.44399998,1,0,0,0,1,0,0,0,0.5,0,0,0,0.5,0.5,0,0,0,0,0,0,0,0,0.5,0,0,0,0.5,0.5,0,0,0,0,0,0,0,0,0.012,0.276,0,0.024,0.212,1,0.204,0.76,1,0.404,0.132,0.404,0.126,0,0.126,0,0,1,0,1,0,1,0,1
15,0,22,71,101,110,116,108,101,32,83,121,110,116,104,121,32,69,110,115,101,109,98,108,101,0.75,0.5,0.5,1,0,0.09677419,0.06849,1,0.22,0.002798736,0.18878877,0,0.49875,0.073465005,0.5877492,1,0.023076355,0.27354413,0.8870991,0.29234695,0.120052755,0.00049713854,0.0016666666,0.55713534,0,0.9312761,0.7073344,0.7522353,0.704,1,1,0.672,1,1,0.068,0.5,0.083333336,0.083333336,0.24301845,0,0.35492998,0,0.168,0.256,0.688,0.9576055,0.8900404,0.9445567,0.67244196,0.5471172,0.78571427,0,0.6476539,0.716,0.644,0.78117496,0.5,0.624,0.15762539,0,0,0.41279453,0.014741421,0,0.5,0,0.68342996,0.2,0.128,0.53007996,0.592,0.9133693,0.7010367,0.86398387,0.43769222,0.01804918,0,0,0.77679116,0,0.37967998,0,0.9677881,0.3186509,0.29462686,0.5692523,0.29491997,0.26861998,0.428,0.39771,0.448,0.3130445,0.11771611,0.20848998,0.27792,0.09199999,0.25,0.75,0.25,0.75,0.25,0.75,0.25,0.75
15,0,22,72,97,114,109,111,110,105,99,32,83,119,101,101,112,32,83,116,114,105,110,103,115,0.19999999,0.5,0.5,1,0,0.16129032,0.09199999,1,0.49600002,1,0,0,0.5,0,0.76,1,1,0,0,0,0,0,0,1,0,0,1,0,0,1,0,0.668,1,0,0,0.5,0.041666668,0.041666668,0,0,0.54399997,0.772,0.092,0.256,0.272,0.08,0,0,0,0,0,0,0.108,0.824,0,1,0.5,1,0,0,0.5,0,0,0,0,0,0.336,0.84,0,0.5,0.5,1,0,0,1,0,0,0,0,1,0.456,0.368,0.64,0.424,0.332,0,0.208,0,1,0.352,0.816,0.236,0,0.25,0.25,0.118,0.5,0.5,0.5,0.5,0.5,0.5,0.5,0.5
15,1,4,72,97,114,112,0.75,0.5,0.5,1,0,0.22580644,0,0,0.25,0,0,0,0.5,0,0.548,1,0,0,0,0,0,0.091999985,0,1,0,0,1,0,0.09599997,1,0.56799996,1,0.17999999,0,0,0,0.041666668,0.041666668,0,0,0.3,0.47600004,0,0.32799998,0.54399997,0.036,0,0,1,0,0.21428572,0,0.5,0,0,0,0.5,0.5,0,0,0,0,0,0,0,0,0.5,0,0,0,0.5,0.5,0,0,0,0,0,0,0,0,0,0.632,0,0.676,0,1,0,0.668,0,0.62,0,1,0.25,0.25,0.25,0.25,0.5,0.5,0.5,0.5,0.5,0.5,0.5,0.5
15,11,12,72,105,103,104,32,83,116,114,105,110,103,115,0.333,0.74,0.5,1,0,0.09677419,0,1,0.278,0,0,0,0.5,0,0.5,1,1,0,0,1,0,0.548,0.0039999993,0,1,1,0,1,0,0,0,1,0.524,0,0,0,0.041666668,0.041666668,0,0,0.3,0.552,0.084,0.24,0.708,0,0,0,1,0,0,0,0.44,0.168,0,0,0.5,0.5,0,0.5,0,0,0,0,0,0,0.54,0.2,0,1,0.5,0.5,0,0,0.5,0,0,0,0,0,0.096,0.468,0,0.35199997,0.212,1,0.095999986,0.44,0.576,0.584,0,0,0,0.168,0.112,0,1,0,1,0,1,0,1,0
15,11,11,76,111,119,32,83,116,114,105,110,103,115,0.4,0.24,0.5,0.22580644,0,0.22580644,0,0,0.25,0,0,0,0.5,0,0.5,1,1,0,0,1,0,0,0,1,0,0,1,0,0,0,0.528,1,1,0,0,0,0.041666668,0.041666668,0,0,0.3,0.212,0,0.28,0,0,0,0,0,0,0,0,0.496,0.092,0.22,0,0.5,0.5,0,0.5,0,0,0,0.5,0,0,0.5,0,0,0,0.5,0.5,0,0,0,0,0,0,0,0,0,0.588,0.684,0.644,0,0,0.268,0,1,0.392,0,0,0.25,0,0.126,0.25,0.348,0.668,0.328,0.636,0.3,0.74,0.328,0.648
15,1,15,77,97,114,99,97,116,111,32,83,116,114,105,110,103,115,0.15,0.5,0.5,1,1,0.16129032,0,1,0.25800002,0,0,0,0.5,0,0.592,1,1,1,1,1,0.14000002,0.13599998,0.027999997,0,0,0,1,0,0.26399997,1,0.784,0.576,0.616,0.38799998,0,0,0.041666668,0.041666668,0,0,0.3,0.568,0.008,0.13200001,0.76000005,0,0,0,0,1,0.14285715,0,0.52000004,0.12,0,0.728,0.5,1,0,0,0.5,1,0,0,0,0,0.31599998,0.2,0.12,0.18,0.5,0.364,0,0,0,0,0,0,0,0,0.044,0.30400002,0.004,0.8,0,0.952,0.104,0.29200006,0.508,0.32800004,0,1,0.25,0.25,0.25,0.25,0,1,0,1,0,1,0,1
15,1,17,80,105,122,122,105,99,97,116,111,32,83,116,114,105,110,103,115,0.6,0.268,0.5,1,0,0.032258064,0,1,0.164,0,0,0,0.7291667,0,0.804,1,0,1,1,0,0.264,0,0.332,0,0,0.064,1,0,0.65999997,1,1,0.49599996,1,0.848,0,0,0.041666668,0.041666668,0,0,0.3,0.30800015,0.24000001,0.288,0.58,0,0,0,0,0,0,0,0.68,0.32799998,0.15599999,0.5,0.888,0.5,0,0,0.5,0,0,0,0.5,1,0.508,0,0,0,0.5,0.5,0,0,0,0,0,0,0,0,0,0.324,0,0.54,0,0.812,0.012,0.30399996,0,0.168,0,1,0.25,0.25,0.25,0.25,0,1,0,1,0,1,0.032,1
15,11,12,83,111,102,116,32,83,116,114,105,110,103,115,0.35,0.5,0.5,0.48387095,0,0.032258064,0,1,0.146,0,0,0,0.5,0.388,0.5,1,1,0,1,0,0,0,0,1,0,0,1,0,0.016,0,1,1,1,0,0.028,0,0.041666668,0.041666668,0,0,0.3,0.34,0,0.42,0.796,0.292,0,0,1,0,0,0,0.536,0.124,0,1,0.5,0.5,0,0,0.5,0,0,0,0,0,0.5,0,0,0,0.5,0.5,0,0,0,0,0,0,0,0,0.224,0.532,0.164,0.784,0,1,0.368,0.356,1,0.552,0.468,0.232,0.25,0.11,0,0,0,0.95703125,0,0.95703125,0,1,0,1
15,6,12,83,111,109,98,114,101,32,68,97,110,99,101,0.30379704,0.5,0.5,1,0,0.22580644,0,1,0.25,1,0,0,0.5,0.69566405,0.5,1,0,0,0,1,0.69033206,0.08742187,0,1,0,0,1,0,0.8352031,0,1,0.6145625,1,1,0,1,0.04625,0.04625,0,0,0.3,0.3773125,0,0.28550908,0,0,1,1,0,1,0.005,0,0.5,0,0,0,0.5,0.5,0,0,0,0,0,0,0,0,0.5,0,0,0,0.5,0.5,0,0,0,0,0,0,0,0,0.6458906,0.55167186,0.8023594,0.71242845,0.6080469,0,0.47993746,0,1,0.6920781,1,0,0.25,0.25,0.25,0.25,0.7459487,0.4999993,0.5619849,0.1315375,0.41642803,0.31323004,0.89807487,0.51624966
15,3,14,83,116,114,105,110,103,32,77,97,99,104,105,110,101,0.5,0.5,0.5,0.2285484,0,0.22580644,0,0,0.25,0.005,0.005,0,0.75,0,0.5,1,1,0,1,0,0,0.356,0,1,0,0,1,0,0.104,0,0.492,1,0.832,0,0,0,0.04625,0.04625,0,0,0.3,0.66,0.08,0.084,0,0.308,1,0,0,0,0.005,0,0.5,0.184,0,0,0.5,0.5,0,0,0.5,0,0,0,0,0,0.812,0.024,0,0,0.5,0.6,0,0.5,0,0,0,0,0,0,0.508,0.656,0.58,0.648,0,0,0.068,0,1,0.668,0,0,0.25,0.25,0.25,0.25,0.5,0.5,0.5,0.5,0.5,0.5,0.5,0.5
15,1,20,83,116,114,105,110,103,32,83,101,99,116,105,111,110,32,76,97,114,103,101,0.45,0.5,0.5,1,1,0.09677419,0,1,0.234,0,0,0,0.5,0.312,0.5,1,1,0,1,0,0.212,0,0,0,0,0,1,0,0,0,0.692,0.396,1,1,0,0,0.041666668,0.041666668,0,0,0.3,0.5200001,0.084,0.032,0.34399998,0,0,0,0,1,0.14285715,0,0.56000006,0.031999998,0.016,0.728,0.5,1,0,0,0.5,1,0,0,0,0,0.31599998,0.2,0.12,0.18,0.5,0.364,0,0,0,0,0,0,0,0,0.064,0.624,0.004,0.8,0,0.952,0.164,0.36400005,0.80799997,0.33600003,0,1,0.25,0.25,0.25,0.25,0,0.788,0.18,1,0.168,1,0,0.784
15,1,20,83,116,114,105,110,103,32,83,101,99,116,105,111,110,32,83,109,97,108,108,0.15,0.5,0.5,1,1,0.16129032,0,1,0.29,0,0,0,0.5,0,0.592,1,1,1,1,1,0.14000002,0.13599998,0,1,0,0.04,1,0,0.26399997,1,0.784,0.576,0.616,0.44,0,0,0.041666668,0.041666668,0,0,0.3,0.596,0.008,0,0.58400005,0,0,0,0,1,0.14285715,0,0.52000004,0.12,0,0.728,0.5,1,0,0,0.5,1,0,0,0,0,0.31599998,0.2,0.12,0.18,0.5,0.364,0,0,0,0,0,0,0,0,0.000000000000000003469447,0.624,0.004,0.8,0,0.952,0.164,0.31600004,1,0.35600004,0,1,0.25,0.25,0.25,0.25,0,0.788,0.18,1,0.168,1,0,0.784
15,12,11,83,116,114,105,110,103,101,115,113,117,101,0.42021874,0.5,0.5,0.48387095,0,0.22580644,0,0,0.40725,0,0,0,0.4974703,0.216,0.5,1,1,0,1,1,0.35599998,0,0,1,0,0,1,0,0,0,1,1,1,0.196,0,0,0.041666668,0.041666668,0,0,0.3,0.5880001,0,0,0.396,0.808,0,0,1,0,0,0,0.5,0,0,0,0.5,0.5,0,0,0,0,0,0,0,0,0.456,0,0.352,1,0.5,0.68,0,0,0,0,0,0.5,0,0,0,0,1,0,0,0,0.4330625,0,1,0.6625275,0,0,0.25,0.4609375,0.49609375,0.4609375,0.375,0.625,0.375,0.625,0.375,0.625,0.375,0.625
15,3,21,83,119,101,112,116,32,84,114,101,109,111,108,111,32,83,116,114,105,110,103,115,0.35,0.5,0.5,0.2285484,0,0.22580644,0,0,0.25,0.005,0.005,0,0.74895835,0.144,0.753125,1,0,1,0,1,0.07599996,0.184,0,1,0,0.012,1,0,0,0,1,1,1,0,0.256,0,0.04625,0.04625,0,0,0.3,0.66,0.108,0.324,0.5,0.332,1,0,1,0,0,0,0.66,0.196,0.26,0.416,0.236,0.812,0,1,0,1,0,0.5,0,0,0.5,0,0,0,0.5,0.5,0,0,0,0,0,0,0,0,0.52,0.592,0.264,0.712,0.552,0,0.464,0.524,0.68,0.548,0,0,0.25,0.434,0.25,0.25,0.36400002,0.63199997,0.35200003,0.644,0.432,0.57199997,0.4,0.63199997
15,1,15,84,114,101,109,111,108,111,32,83,116,114,105,110,103,115,0.5,0.5,0.5,1,1,0.09677419,0,1,0.234,0,0,0,0.5,0.312,0.5,1,1,0,1,0,0.212,0,0.004,1,0,0.076,1,0,0,0,0.692,0.396,1,1,0,0,0.041666668,0.041666668,0,0,0.3,0.52400005,0.04,0.032,0.47599998,0,0,0,0,1,0.14285715,0,0.64400005,0.752,0,0.29599997,0.624,0.5,0.52,0,0,1,0,0,0,0,0.62,0,0.744,0.18,0.348,0.364,0,0,0,0,0,0,0.5,0,0.064,0.624,0.004,0.8,0,0.952,0.124000005,0.36400005,0.80799997,0.33600003,0,1,0.25,0.25,0.25,0.25,0,1,0,1,0,1,0,1
15,0,14,85,110,101,97,115,121,32,83,116,114,105,110,103,115,0.75,0.5,0.5,0.9354839,0,0.06451613,0.007965043,1,0,0.8420215,0,0,0.5,0.014597952,0.752,1,0.9690241,0,0.27982986,1,0.49218076,0,0,1,0.77448845,0.0038949177,0.34104788,0.5491194,0.176,0,0.11933799,0.764,1,0,0,0,0.041666668,0.041666668,0.8891309,0,0.42170998,0.16012587,0.25763997,0.064,1,0,0.96274143,0.5189861,0.004975736,0.75436884,0.118517935,0,0.24799998,0.296,0.19231002,0.3432758,0.5,0.651555,0,0,0,0.81793845,0,1,0,0,0.55015004,0.13938999,0.04805658,0.95178854,0.5,1,0,0.67045325,0.7495276,0.27725685,0.9467174,0.9984852,0.3227678,0,0.45385623,0.12985551,0.61774576,0.6528996,0.121485695,0.47856745,0.22261834,0.52353364,1,0.6657967,0.5880549,0.434464,0.61294645,0.33147216,0.37655047,0.30528378,0.375,0.625,0.375,0.625,0.375,0.625,0.375,0.625
15,1,14,85,110,105,115,111,110,32,83,116,114,105,110,103,115,0.23599999,0.5,0.5,1,0,0.16129032,0,1,0.132,0,0,0,0.5,0,0.8740001,1,1,1,1,1,0.328,0.648,0,0,0,0,0,0,0.288,1,1,1,0.44,0,0,0,0.041666668,0.041666668,0,0,0.29999998,0.532,0.016,0.104,0.46800002,0.264,0,0,1,0,0,0,0.612,0.060000036,0.08,0.5,0.5,0.72800004,0.144,0,0,1,0.5,0,0,0,0.624,0.104,0.18399999,0.492,0.5,0.848,0.34,0.5,0,0,0.5,0.5,0,0,0.068,0.704,1,0.736,0,0.64,0.26618853,0.512,0.64,0.39600003,0,1,0.25,0.25,0.25,0.25,0.28,0.72,0,1,0.264,0.736,0,1
15,1,5,86,105,111,108,97,0.5,0.75,0.5,0.22580644,0,0.22580644,0,0,0.25,0,0,0,0.5,0,0.71999997,1,1,0,0,1,0.228,0.20399998,0,0,0,0,1,0,0.544,1,1,0.716,1,0,0,0,0.041666668,0.041666668,0,0,0.3,0.66,0.14799999,0,0.48399997,0,0,0,0,0,0,0,0.524,0.024,0.268,0,0.5,0.5,0,0.5,0,0,0,0,0.5,0,0.5,0,0,0,0.5,0.5,0,0,0,0,0,0,0,0,0.000000000000000003469447,0.624,0.004,0.8,0,0.952,0.132,0.48400006,0.768,0.27999997,0,1,0.25,0.014,0,0.25,0.5,0.5,0.5,0.5,0.5,0.5,0.5,0.5
15,1,6,86,105,111,108,105,110,0.55,0.75,0.5,0.22580644,1,0.22580644,0,0,0.25,0,0,0,0.5,0,0.71999997,1,1,0,0,1,0.28,0.20399998,0,0,0,0,1,0,0.544,1,1,0.716,1,0,0,0,0.041666668,0.041666668,0,0,0.3,0.65200007,0.11599999,0,0.48399997,0,0,0,0,0,0,0,0.524,0.024,0.268,0,0.5,0.5,0,0.5,0,0,0,0,0.5,0,0.5,0,0,0,0.5,0.5,0,0,0,0,0,0,0,0,0.000000000000000003469447,0.624,0.004,0.8,0,0.952,0.132,0.48400006,0.768,0.27999997,0,1,0.25,0.014,0,0.25,0.5,0.5,0.5,0.5,0.5,0.5,0.5,0.5
16,1,11,67,104,111,105,114,32,65,97,104,32,49,0.2,0.5,0.5,1,0,0.09677419,0,1,0.314,0,0,0,0.5,0,0.796,1,0,0,0,1,0.072000004,0.084,0,0,0,0,1,0,0.46,1,0.76799995,0.132,1,0.92,0,0,0.041666668,0.041666668,0,0,0.3,0.5160001,0.048,0.116000004,0.564,0,0,0,1,1,0,0,0.29200006,0.192,0.016,1,0.5,0.5,0,0,0.5,0,0,0,0,0,0.45999998,0.2,0.336,0,0.5,0.5,0,0,0,0,0,0,0.5,0,0.276,0.54,0.344,0.8,0,0.952,0.212,0.27200004,0.80799997,0.45600003,0,1,0.25,0.25,0.25,0.25,0,1,0,1,0,1,0,1
16,1,11,67,104,111,105,114,32,65,97,104,32,50,0.25,0.76,0.5,1,1,0.09677419,0,1,0.314,0,0,0,0.25,0,0.664,1,0,0,0,1,0.172,0.032,0,0,0,0,1,0,0.152,1,0.43599996,0.088,1,0.76,0,0,0.041666668,0.041666668,0,0,0.3,0.5160001,0,0.116000004,0.25599998,0,0,0,1,1,0,0,0.29200006,0.192,0.016,1,0.5,0.5,0,0,0.5,0,0,0,0,0,0.45999998,0.2,0.336,0,0.5,0.5,0,0,0,0,0,0,0.5,0,0.276,0.54,0.344,0.8,0,0.952,0.212,0.27200004,0.80799997,0.47200003,0,1,0.25,0.25,0.25,0.25,0,1,0,1,0,1,0,1
16,1,11,67,104,111,105,114,32,79,111,104,32,49,0.3,0.5,0.5,1,0,0.09677419,0,1,0.314,0,0,0,0.5,0,0.844,1,0,0,1,0,0,0.248,0.040000003,1,1,0.156,1,0,0.348,1,0.73999995,0.748,0.496,0.036,0,0,0.041666668,0.041666668,0,0,0.3,0.5440001,0,0.04,0.564,0,0,0,1,1,0,0,0.29200006,0.192,0.016,1,0.5,0.5,0,0,0.5,0,0,0,0,0,0.45999998,0.2,0.336,0,0.5,0.5,0,0,0,0,0,0,0.5,0,0.08,0.24399999,0,0.8,1,0.952,0.252,0.27200004,0.80799997,0.45600003,0,1,0.25,0.25,0.25,0.25,0,1,0,1,0,1,0,1
16,1,11,67,104,111,105,114,32,79,111,104,32,50,0.42000002,0.756,0.5,1,1,0.09677419,0,1,0.314,0,0,0,0.25,0,0.636,1,0,0,1,0,0,0.248,0.040000003,1,1,0.156,1,0,0.08000001,1,0.73999995,0.444,0.764,0,0,0,0.041666668,0.041666668,0,0,0.3,0.5600001,0,0.04,0.076000005,0,0,0,1,1,0,0,0.29200006,0.192,0.016,1,0.5,0.5,0,0,0.5,0,0,0,0,0,0.45999998,0.2,0.336,0,0.5,0.5,0,0,0,0,0,0,0.5,0,0.08,0.24399999,0,0.8,1,0.952,0.252,0.27200004,0.80799997,0.45600003,0,1,0.25,0.25,0.25,0.25,0,1,0,1,0,1,0,1
16,11,7,67,104,111,105,114,97,104,0.2,0.5,0.5,0.7419355,0,0.06451613,0.092,1,0.634,0,0,0,0.5,0,0.5,1,1,0,1,0,0,0,0.028,0,1,0,1,0,0.052,0,0,1,0.796,0,0,0,0.041666668,0.041666668,0,0,0.3,0.352,0.768,0,0.936,0,0,0,1,0,0,0,0.54,0.072,0,0,0.5,0.5,0,1,0,0,0,0,0,0,0.5,0,0,0,0.5,0.5,0,0,0,0,0,0,0,0,0.156,0.436,0,0,0,0,0.288,0.416,0.29599997,0.616,0,0.94,0.166,0,0.34,0.25,0.276,0.704,0.232,0.68,0.252,0.744,0.256,0.748
16,3,5,70,117,97,116,104,0.5,0.5,0.5,0.2285484,0,0.22580644,0,0,0.25,0.005,0.005,0,0.7505209,0.2,0.5,1,0,0,0,1,0,0,0,0,0,0.348,0,0,0.132,0,0,0.688,0.336,0.676,0.32,0.5,0.04625,0.04625,0,0,0.3,0.444,1,0.128,0.396,0.412,0,1,1,1,0.005,0,0.616,0.58,0.724,1,0.164,0.504,0,0,0,0.5,0,0,0,0,0.572,0.172,0,0,0.5,0.5,0,0.5,0,0,0,0,0,0,0.66,0.624,0.504,0.724,0,0,0.256,0,1,0,0,0,0.25,0.25,0.25,0.25,0.5,0.5,0.5,0.5,0.5,0.5,0.5,0.5
16,3,4,72,101,108,105,0.336,0.5,0.5,0.2285484,1,0.22580644,0,0,0.25,0.005,0.005,0,0.5,0.108,0.39583334,1,0,0,0,1,0.332,0.148,0,0,0,0,0,0,1,0,0.12,0.664,0.824,0.532,0.18,0,0.04625,0.04625,0,0,0.3,0.424,0.804,0.008,0.712,0.556,1,0,1,1,0.85714287,0,0.292,0,0.18,0,0.416,0.864,0.684,0,0,0,0,0.5,0,0,0.12,0.04,0.34,0,0.5,1,0,0,0,0.5,0,0.5,0,0,0.76,0.84,0.528,0.844,1,0,0.104,0,1,0.616,0,0,0.25,0.63,0.25,0.25,0.184,0.824,0.368,0.628,0.432,0.568,0.124,0.872
16,3,9,77,105,115,115,97,32,80,114,111,0.5,0.5,0.5,0.2285484,0,0.22580644,0,0,0.25,0.005,0.005,0,0.5,0.108,0.75,1,0,0,0,0,0,0.356,0,1,0,0,1,0,0.104,0,0.492,0.664,1,0.376,0,0,0.04625,0.04625,0,0,0.3,0.58000004,0.152,0.176,0.54,0.308,1,0,1,0,0.005,0,0.58,0.184,0.084,0,0.5,0.588,0,0,0.5,0,0.5,0,0,0,0.812,0.024,0,0,0.5,0.6,0,0.5,0,0,0,0,0,0,0,0.02399996,0.24799998,0.648,0,0,0.188,0,1,0.668,0.84,0,0.25,0.25,0.25,0.25,0.5,0.5,0.5,0.5,0.5,0.5,0.5,0.5
16,3,13,87,104,111,97,44,32,69,97,115,105,101,114,33,0.3,0.5,0.5,0.2285484,0,0.22580644,0,0,0.25,0.005,0.005,0,0.499375,0.12399998,0.6464583,1,1,0,1,1,0.384,0.116,0,1,0,0.248,1,1,0.76,1,0.732,0.492,0.76,0.412,0.264,0,0.04625,0.04625,0,0,0.29999998,0.204,0.412,0.312,1,0.192,0,0,1,0,0,0,0.12399998,0.012,0.72,0.212,0.35999998,0.83199996,0,1,0.5,0.5,0,0.5,0,0,0.5,0.004,0.056,0,0.5,0.208,0,0.5,1,0,1,1,0,0,0.256,0.684,0.668,0.608,0,0,0.091999985,0.692,0.552,0.44,1,0,0.25,0.25,0.25,0.25,0,0.852,0.3,1,0.148,0.704,0.5,1
16,3,7,87,111,101,32,87,111,101,0.5,0.5,0.5,0.2285484,0,0.22580644,0,0,0.25,0.005,0.005,0,0.5,0.352,0.74583334,1,0,0,1,1,0.144,0,0,1,0,0.508,1,0,0.1,1,1,1,0.76,0.424,0,0,0.04625,0.04625,0,0,0.3,0,0,0.388,0.52,0.152,0,0,1,1,0.78571427,0,0.526599,0.668,0,0,0.5,0.868,0,0,0.5,0,0,0,0,0,0.60995924,0.224,0.4,0,0.5,0.752,0,0,0,0.5,0,0.5,0,0,0.528,0.716,0.504,0.532,0,0,0.408,0.808,0.488,0.448,0,0,0.25,0.25,0.25,0.25,0.5,0.5,0.5,0.5,0.5,0.5,0.5,0.5
16,3,7,87,111,111,45,65,97,104,0.35,0.5,0.5,0.2285484,0,0.22580644,0.74399996,0,0.25,0.005,0.005,0,0.5,0.22,0.5,1,0,1,0,1,0.188,0.32799998,0.19444445,1,0,0.624,1,0,0.111999996,0,0.392,0.752,0.908,0.68,0.24,0,0.04625,0.04625,1,0,0.024,0.24799998,0.332,0.28,0.472,0.015999999,0,1,1,1,1,0,0.428,0.536,0,0,0.5,1,0,0,0,0.5,0,0,0,0,0.5,0,0,0,0.5,0.5,0,0,0,0,0,0,0,0,0.40739,0,1,0.59999996,0.728,0,0.192,0,1,0.648,0.616,0.352,0.25,0.25,0.25,0.25,0.26,0.77599996,0.384,0.63199997,0.268,0.672,0.296,0.676
17,1,17,65,108,116,111,32,83,97,120,32,69,110,115,101,109,98,108,101,0.3,0.5,0.5,1,0,0.06451613,0,1,0.45,0,0,0,0.5,0,0.672,1,1,1,0,0,0.368,0.288,0.05199999,0,0,0.672,0,0,0.43600002,1,0.348,0.568,0.9,0.964,0,0,0.041666668,0.041666668,0,0,0.3,0.632,0.084,0,0.60400003,0,0,0,0,1,0.14285715,0,0.5,0,0,0,0.5,0.5,0,0,0,0,0,0,0,0,0.5,0,0,0,0.5,0.5,0,0,0,0,0,0,0,0,0.024810001,0.17199999,0,0.56,0.728,1,0.031999998,0.38,0.64,0.216,0.92,1,0.25,0.24999999,0.082,0.25,0.244,0.29999998,0.804,0.752,0.188,0.2,0.672,0.784
17,1,14,65,108,116,111,32,83,97,120,32,71,114,111,119,108,0.6,0.5,0.5,0.22580644,0,0.22580644,0,0,0.25,0,0,0,0.5,0,0.664,1,1,1,0,0,0.324,0.288,0.12799999,0,0,0.18,0,0,0.45200002,1,0.348,0.704,0.664,0.772,0,0,0.041666668,0.041666668,0,0,0.3,0.6560001,0.020000007,0.16,0.55200005,0,0,0,0,1,0.14285715,0,0.89199996,0.46,0.072,0,0.5,0.5,0,0,0,0.5,0.5,0,0,0,0.5,0,0,0,0.5,0.5,0,0,0,0,0,0,0,0,0.0048148856,0.136,0,0.56,0.368,1,0.036,0.38,0.64,0.216,0.78000003,1,0.25,0.174,0.25,0.25,0.5,0.5,0.5,0.5,0.5,0.5,0.5,0.5
17,1,8,65,108,116,111,32,83,97,120,0.6,0.5,0.5,0.22580644,0,0.22580644,0,0,0.25,0,0,0,0.5,0,0.672,1,1,1,0,0,0.368,0.288,0.05199999,0,0,0.672,0,0,0.43600002,1,0.348,0.648,0.80399996,0.896,0,0,0.041666668,0.041666668,0,0,0.26000002,0.664,0,0,0.592,0,0,0,0,1,0.14285715,0,0.5,0,0,0,0.5,0.5,0,0,0,0,0,0,0,0,0.5,0,0,0,0.5,0.5,0,0,0,0,0,0,0,0,0.024810001,0.17199999,0,0.56,0.728,1,0.031999998,0.38,0.64,0.216,0.92,1,0.25,0.06199999,0.106,0.25,0.5,0.5,0.5,0.5,0.5,0.5,0.5,0.5
17,1,12,66,97,114,105,116,111,110,101,32,83,97,120,0.45,0.256,0.5,0.22580644,0,0.22580644,0,0,0.25,0,0,0,0.5,0,0.63199997,1,1,1,0,0,0.408,0.20799999,0.111999996,0,0,0.19199999,0,0,0.49199998,1,0.828,0.72800004,1,1,0,0,0.041666668,0.041666668,0,0,0.3,0.63600004,0.248,0.028000003,0.30400002,0,0,0,0,1,0.14285715,0,0.8,0,0.004,0,0.5,0.5,0,0,0,0,0,0.5,0,0,0.5,0,0,0,0.5,0.5,0,0,0,0,0,0,0,0,0.012809999,0.25599998,0,0.56,0.728,1,0.023999996,0.38,0.64,0.216,0.22000003,1,0.25,0.06199999,0.106,0.25,0.5,0.5,0.5,0.5,0.5,0.5,0.5,0.5
17,1,7,66,97,115,115,111,111,110,1,0.244,0.5,0.22580644,0,0.22580644,0,0,0.25,0,0,0,0.5,0,0.62399995,1,0,1,0,1,0.696,0.168,0,0,0,0,0,0,0.352,1,0.632,0.40000004,1,1,0,0,0.041666668,0.041666668,0,0,0.22800002,0.6599999,0.23599999,0,0.428,0,0,0,1,0,0,0,0.5,0,0,0,0.5,0.5,0,0,0,0,0,0,0,0,0.5,0,0,0,0.5,0.5,0,0,0,0,0,0,0,0,0.06081,0.28399998,0,0.56,0.728,1,0.028000003,0.38,0.756,0.18800001,0.776,1,0.25,0.06599999,0.122,0.25,0.5,0.5,0.5,0.5,0.5,0.5,0.5,0.5
17,1,17,67,108,97,114,105,110,101,116,32,69,110,115,101,109,98,108,101,0.3,0.74,0.5,1,1,0.16129032,0,1,0.4,0,0,0,0.5,0,0.788,1,0,1,0,1,0.192,0.812,0.06399999,0,0,0.672,0,0,0.488,1,0.596,0.86,0.33999997,0.428,0,0,0.041666668,0.041666668,0,0,0.24400002,0.6239999,0.24399999,0.016,0.364,0,0,0,0,1,0.14285715,0,0.5,0,0,0,0.5,0.5,0,0,0,0,0,0,0,0,0.5,0,0,0,0.5,0.5,0,0,0,0,0,0,0,0,0.012810001,0.10399999,0,0.56,0.728,1,0.051999997,0.38,0.576,0.216,0.828,1,0.25,0.16999999,0.21000001,0.25,0,0.232,0.772,1,0,0.308,0.74,1
17,1,8,67,108,97,114,105,110,101,116,0.75,0.74,0.5,0.22580644,0,0.22580644,0,0,0.25,0,0,0,0.5,0,0.788,1,0,1,0,1,0.192,0.812,0.06399999,0,0,0.672,0,0,0.42799997,1,0.596,1,0.756,0,0,0,0.041666668,0.041666668,0,0,0.24400002,0.64799994,0.15599999,0.016,0.364,0,0,0,0,1,0.14285715,0,0.5,0,0,0,0.5,0.5,0,0,0,0,0,0,0,0,0.5,0,0,0,0.5,0.5,0,0,0,0,0,0,0,0,0.012810001,0.10399999,0,0.56,0.728,1,0.036,0.38,0.576,0.216,0.828,1,0.25,0.06599999,0.122,0.25,0.5,0.5,0.5,0.5,0.5,0.5,0.5,0.5
17,1,12,69,110,103,108,105,115,104,32,72,111,114,110,0.65,0.74,0.5,0.22580644,0,0.22580644,0,0,0.25,0,0,0,0.5,0,0.6119999,1,1,1,0,0,0.68799996,0,0,0,0,0,0,0,0.46400002,1,0.632,1,0,1,0,0,0.041666668,0.041666668,0,0,0.22800002,0.6319999,0.06799999,0,0.364,0,0,0,0,1,0,0,0.5,0,0,0,0.5,0.5,0,0,0,0,0,0,0,0,0.5,0,0,0,0.5,0.5,0,0,0,0,0,0,0,0,0.06881,0.28399998,0,0.56,0.728,1,0.028,0.38,0.756,0.216,0,1,0.25,0.06599999,0.122,0.25,0.5,0.5,0.5,0.5,0.5,0.5,0.5,0.5
17,8,5,70,108,117,116,101,0.6,0.5,0.5,0.22580644,0,0.22580644,0,0,0.25,0,0,0,0.5,0,0.5,1,0,1,0,0,0,0,0,1,0,0,0,0,0,0,1,1,0,0.2,0.124,0,0.041666668,0.041666668,0,0,0.3,0.108,0.036,0.292,1,0,0,1,1,0,0,0,0.5,0,0,0,0.5,0.5,0,0,0,0,0,0,0,0,0.5,0,0,0,0.5,0.5,0,0,0,0,0,0,0,0,0,0,1,0.576,0,0,0.076,0,1,0.264,0,0,0.25,0.25,0.25,0.25,0.5,0.5,0.5,0.5,0.5,0.5,0.5,0.5
17,1,4,79,98,111,101,0.6,0.74,0.5,0.22580644,0,0.22580644,0,0,0.25,0,0,0,0.5,0,0.616,1,0,1,0,1,0.612,0.42000002,0,0,0,0,0,0,0.66,1,0.632,1,0.34,1,0,0,0.041666668,0.041666668,0,0,0.22800002,0.63599986,0.20799999,0,0.364,0,0,0,0,1,0,0,0.5,0,0,0,0.5,0.5,0,0,0,0,0,0,0,0,0.5,0,0,0,0.5,0.5,0,0,0,0,0,0,0,0,0.06481,0.10399999,0,0.56,0.728,1,0.047999997,0.38,0.804,0.216,0,1,0.25,0.06599999,0.122,0.25,0.5,0.5,0.5,0.5,0.5,0.5,0.5,0.5
17,1,7,80,105,99,99,111,108,111,0.75,1,0.5,0.22580644,1,0.22580644,0,0,0.25,0,0,0,0.5,0,0.5,1,0,1,0,0,0,0,0.17999999,0,0,0.164,1,0,0,1,1,0.43999997,1,0,0,0,0.041666668,0.041666668,0,0,0.20400001,0.70400006,0,0.13599999,0.696,0,0,0,0,1,0.14285715,0,0.508,0,0.236,0,0.5,0.5,0,0,0,0,0,0,0.5,0,0.5,0,0,0,0.5,0.5,0,0,0,0,0,0,0,0,0.000000000000000006938894,0.16000001,0,0.576,0,1,0.12799999,0,1,0.148,0.68,1,0.25,0.25,0.25,0.25,0.5,0.5,0.5,0.5,0.5,0.5,0.5,0.5
17,11,6,82,101,101,100,101,114,0.5,1,0.5,0.032258064,0,0.032258064,0.388,1,0.014,0,0,0,0,0,0.6325857,1,0,0,0,0,0,0,0.356,0,1,0,1,0,0.7,1,1,1,1,0,0,0,0.041666668,0.041666668,0,0,0.3,0.024,0,0.81200004,0.81200004,0,0,0,1,0,0,0,0.508,0.016,0,0,0.5,0.5,0,0,0.5,0,0,0,0,0,0.608,0,0,0.5,0.5,0,1,0,0,0.5,0,0,0,0,0.072000004,0.352,0.52,0.368,1,0.676,0,0.276,0.896,0.444,0.016,0,0.25,0,0.42000002,0,0.40399998,0.596,0.352,0.588,0.324,0.63199997,0.34,0.624
17,1,11,83,111,112,114,97,110,111,32,83,97,120,0.6,0.74,0.5,0.22580644,0,0.22580644,0,0,0.25,0,0,0,0.5,0,0.68,1,1,1,0,0,0.392,0.288,0.02799999,0,0,0.672,0,0,0.344,1,0.24,0.824,0.96799994,1,0.032,0,0.041666668,0.041666668,0,0,0.24800001,0.67999995,0.276,0.016,0.472,0,0,0,0,1,0.14285715,0,0.5,0,0,0,0.5,0.5,0,0,0,0,0,0,0,0,0.5,0,0,0,0.5,0.5,0,0,0,0,0,0,0,0,0.012810001,0.10399999,0,0.56,0.728,1,0.036,0.38,0.576,0.216,0.828,1,0.25,0.06599999,0.122,0.25,0.5,0.5,0.5,0.5,0.5,0.5,0.5,0.5
17,1,18,84,101,110,111,114,32,83,97,120,32,69,110,115,101,109,98,108,101,0.3,0.5,0.5,1,0,0.06451613,0,1,0.346,0,0,0,0.5,0,0.63199997,1,1,1,0,0,0.436,0.20799999,0.08399999,0,0,0.19199999,0,0,0.492,1,0.828,0.712,0.52,0.764,0.063999996,0,0.041666668,0.041666668,0,0,0.3,0.64,0.15599999,0.04,0.536,0,0,0,0,1,0.14285715,0,0.5,0,0,0,0.5,0.5,0,0,0,0,0,0,0,0,0.5,0,0,0,0.5,0.5,0,0,0,0,0,0,0,0,0.02481,0.25599998,0,0.56,0.728,1,0.047999997,0.38,0.64,0.216,0.684,1,0.25,0.24999999,0.074,0.186,0.252,0.608,0.736,0.28,0.256,0.784,0.44,0.736
17,1,14,84,101,110,111,114,32,83,97,120,32,83,111,102,116,0.65,0.5,0.5,0.22580644,0,0.22580644,0,0,0.25,0,0,0,0.5,0,0.63199997,1,1,1,0,0,0.396,0.22799999,0.08399999,0,0,0.19199999,0,0,0.49199998,1,0.948,0.776,0.604,0.612,0.08400001,0,0.041666668,0.041666668,0,0,0.23200001,0.64799994,0.15200001,0.02,0.504,0.04,0,0,0,1,0.14285715,0,0.5,0,0,0,0.5,0.5,0,0,0,0,0,0,0,0,0.5,0,0,0,0.5,0.5,0,0,0,0,0,0,0,0,0.02481,0.25599998,0,0.56,0.728,1,0.067999996,0.324,0.288,0.216,0.748,1,0.25,0.06199999,0.106,0.25,0.5,0.5,0.5,0.5,0.5,0.5,0.5,0.5
17,1,9,84,101,110,111,114,32,83,97,120,0.55,0.5,0.5,0.22580644,0,0.22580644,0,0,0.25,0,0,0,0.5,0,0.63199997,1,1,1,0,0,0.436,0.20799999,0.08399999,0,0,0.19199999,0,0,0.492,1,0.828,0.7,0.992,0.74,0.063999996,0,0.041666668,0.041666668,0,0,0.3,0.644,0.111999996,0.02,0.676,0,0,0,0,1,0.14285715,0,0.5,0,0,0,0.5,0.5,0,0,0,0,0,0,0,0,0.5,0,0,0,0.5,0.5,0,0,0,0,0,0,0,0,0.02481,0.25599998,0,0.56,0.728,1,0.043999996,0.38,0.64,0.216,0.60400003,1,0.25,0.06199999,0.106,0.25,0.5,0.5,0.5,0.5,0.5,0.5,0.5,0.5
17,0,12,86,117,118,117,122,101,108,97,32,74,97,109,0.55,0.5,0.5,0.22580644,0,0.032258064,0,1,0.174,0.6666667,0,0,0.5,0,0.75,1,1,0,0,1,0,0.552,0.044,1,0,0.104,1,0,0,0,0,1,0.408,0,0,0,0.041666668,0.041666668,0,0,0.452,0.328,0.06,1,0.46,0,0,0,0,0,0,0,0.628,0.324,0.336,1,0.5,0.53599995,0,0,1,0.5,0,0.5,0,0,0.5,0,0,0,0.5,0.5,0,0,0,0,0,0,0,0,0,0.376,0.004,0.304,0,0.36,0.072,0,1,0.332,0,0.132,0.25,0.25,0.25,0.25,0.5,0.5,0.5,0.5,0.5,0.5,0.5,0.5
