240,67,0,9,32,0
7,64,45,99,45,99,0,0,0,0,0,0,56,0,99,0,0,10,64,49,99,46,99,0,0,0,0,0,0,56,0,99,4,0,13,64,49,99,46,99,0,0,0,0,0,0,56,0,99,0,0,15,64,49,99,44,99,0,0,0,0,0,0,56,0,99,4,0,25,64,49,99,50,99,0,0,0,0,0,0,56,0,99,0,0,70,40,49,99,99,92,0,0,0,0,0,0,56,0,99,2,0,99,99,99,99,50,50,50,50,31,15,35,0,0,0,49,24,83,97,121,32,65,103,97,105,110,46
72,76,10,32,99,85,80,0,49,0,0,0,56,8,84,20,0,76,73,10,28,99,92,90,0,50,0,0,0,24,4,90,4,0,49,74,10,32,98,98,98,0,41,61,64,10,72,8,71,4,0,55,15,10,47,99,92,92,0,56,91,0,3,112,4,99,4,0,55,32,32,29,93,94,90,0,68,0,99,2,0,4,88,4,1,55,56,10,47,99,98,64,0,39,99,0,15,88,8,98,4,1,98,98,98,98,53,49,50,50,14,15,33,35,16,0,16,12,76,65,85,82,73,69,32,32,32,32
99,46,54,85,99,96,99,0,57,0,0,0,58,4,99,5,75,99,46,34,91,99,95,99,0,0,0,0,0,115,0,78,7,49,88,73,53,93,99,77,0,0,0,0,0,0,114,28,91,16,3,88,56,60,93,99,77,0,0,0,0,0,0,83,20,79,2,28,88,56,60,93,99,77,0,0,0,0,0,0,35,24,83,2,98,78,32,44,60,99,85,0,0,0,0,0,0,42,0,99,0,7,86,93,99,99,0,52,0,93,17,15,35,0,0,0,49,0,66,101,97,116,109,101,104,114,100,114
99,38,25,41,99,72,72,0,39,0,1,15,112,4,82,4,0,99,39,25,33,99,71,64,0,39,0,0,15,112,0,52,4,0,99,76,99,47,99,88,96,0,39,0,0,15,112,0,92,2,0,99,39,25,33,99,71,64,0,39,0,1,15,56,4,99,4,0,99,38,25,36,99,72,72,0,39,0,0,15,56,0,78,8,0,99,76,99,47,99,88,96,0,39,0,0,15,56,0,0,2,0,84,95,95,60,50,50,50,50,31,14,37,0,0,0,64,24,80,72,65,82,79,72,32,32,32,32
99,48,1,24,94,79,0,0,60,54,0,1,71,12,99,30,0,95,35,8,28,99,70,0,0,52,0,35,3,92,16,79,6,0,95,32,25,33,99,70,0,0,0,0,0,0,27,23,99,2,0,85,50,2,10,99,70,0,0,58,0,37,0,11,0,79,18,0,75,46,16,12,99,70,0,0,52,8,0,3,43,12,79,4,0,74,30,27,31,99,70,0,0,60,0,0,0,99,23,99,2,0,94,67,95,60,50,50,50,50,2,14,34,33,0,0,25,12,67,104,114,111,109,97,32,53,32,92
85,62,24,45,99,99,0,0,32,0,0,3,20,3,76,10,81,84,58,18,36,99,93,0,0,32,0,18,0,59,28,89,4,0,87,45,27,45,99,99,0,0,32,99,0,3,2,16,99,2,0,85,62,24,46,99,99,0,0,32,0,0,3,12,0,71,10,1,86,58,18,36,99,93,0,0,32,0,18,0,3,20,89,4,1,88,45,27,45,99,99,0,0,32,99,0,3,2,16,99,2,1,0,0,0,0,50,50,50,50,3,8,25,0,10,0,8,12,76,97,118,105,116,97,114,32,32,92
0,0,16,31,99,99,99,0,0,0,4,0,80,3,80,2,0,70,0,16,21,91,99,99,0,0,0,0,0,80,0,78,2,0,46,0,15,38,92,99,99,0,0,0,0,0,80,0,99,2,0,0,0,0,32,99,99,99,0,0,0,0,0,40,2,80,0,99,50,0,9,18,96,99,99,0,24,0,5,0,56,0,82,0,99,46,0,28,38,93,99,99,0,0,0,0,0,0,0,99,1,5,99,99,99,99,50,50,50,50,3,11,23,0,15,0,17,12,83,108,111,83,119,108,32,47,47,92
78,95,70,11,99,96,75,0,55,0,27,0,113,0,63,4,0,40,30,25,36,99,90,90,0,51,0,0,0,17,3,99,2,0,62,95,70,12,99,96,79,0,48,0,30,0,25,0,68,4,0,40,30,25,36,99,90,90,0,51,0,0,0,97,23,99,2,1,57,95,70,11,99,96,91,0,34,0,34,0,105,0,72,2,0,40,30,25,36,99,90,90,0,51,0,0,0,9,19,99,2,0,57,83,80,84,43,51,50,50,5,5,28,48,34,99,40,24,79,66,32,71,101,110,118,105,118,92
99,23,11,14,99,89,92,0,15,0,0,4,86,0,53,52,1,66,14,11,28,94,89,90,0,15,0,0,4,86,4,72,6,0,88,14,67,38,99,89,71,0,15,0,0,4,46,0,88,46,0,88,14,71,39,99,89,88,0,15,0,0,4,62,0,97,2,0,98,96,27,42,99,28,82,0,15,0,14,4,112,0,96,4,127,99,10,7,44,99,96,89,0,15,0,14,4,112,0,99,0,0,99,99,99,99,39,50,53,46,14,15,5,0,99,0,116,0,83,65,87,32,69,77,32,85,80,32
51,42,35,17,99,99,99,0,30,0,6,0,96,3,44,2,0,51,17,34,22,99,99,99,0,30,0,17,0,96,2,99,2,0,42,38,20,30,99,99,99,0,32,0,0,0,96,8,99,2,0,53,42,37,25,99,99,99,99,30,0,3,0,64,3,62,0,99,53,17,34,23,99,99,99,0,30,0,13,0,64,2,98,0,99,42,38,20,31,99,99,99,0,32,0,0,0,64,8,99,0,99,99,99,83,99,47,55,50,50,3,13,1,0,0,85,8,12,76,70,79,82,101,122,32,43,43,92
99,24,99,40,0,0,99,0,0,0,0,0,57,0,0,2,0,99,32,99,40,0,0,99,0,0,0,0,0,57,0,99,0,51,99,35,99,40,0,0,98,0,0,0,0,0,57,0,99,0,0,99,39,99,40,0,0,99,0,0,0,0,0,57,0,99,2,0,99,45,99,40,0,0,99,0,0,0,0,0,57,0,99,2,26,99,35,99,40,99,71,0,0,0,0,0,0,57,0,99,2,13,99,99,99,40,50,50,50,50,31,8,20,79,30,2,23,24,69,78,67,79,85,78,84,69,82,83
11,15,23,56,78,75,99,0,0,0,0,0,112,0,99,5,37,99,99,99,55,99,99,99,0,0,0,0,0,112,0,94,0,0,11,15,23,57,78,75,99,0,0,0,0,0,24,0,99,5,38,99,99,99,56,99,99,99,0,0,0,0,0,0,0,94,0,0,11,15,23,54,78,75,99,0,0,0,0,0,112,0,99,5,38,99,99,99,53,99,99,99,0,0,0,0,0,56,0,94,0,0,99,28,99,99,50,50,50,50,4,15,46,0,14,45,53,24,84,104,117,110,100,101,114,32,32,51
0,85,13,43,50,99,0,0,14,0,0,0,78,0,83,8,0,12,87,37,43,53,99,0,0,14,0,0,0,16,0,99,4,0,25,87,34,43,58,99,0,0,14,0,0,0,96,0,99,4,0,0,87,43,43,47,99,0,0,14,0,0,0,56,0,95,4,0,0,89,60,43,65,99,0,0,14,0,0,0,96,0,82,12,0,79,21,60,43,99,80,0,0,14,0,0,0,56,0,99,4,0,0,0,0,0,50,50,50,50,21,15,26,20,35,0,17,12,69,99,104,111,69,99,104,111,32,51
53,7,34,44,99,84,30,0,49,2,0,3,80,4,53,16,0,18,11,41,38,99,59,28,0,50,0,36,3,64,8,92,2,0,22,8,37,43,99,87,45,0,53,17,0,3,73,8,68,10,0,32,17,27,43,99,74,64,0,42,0,0,0,40,5,96,2,0,18,18,26,28,99,71,52,0,46,4,35,3,18,6,82,2,0,60,6,21,37,99,94,53,0,98,0,0,15,88,9,99,2,0,99,99,99,99,50,50,50,50,8,7,42,0,0,0,49,12,45,65,78,65,76,79,71,32,49,45
36,25,49,31,99,68,0,0,0,0,0,0,56,8,62,32,75,37,22,22,50,99,22,15,0,0,0,0,0,104,15,99,10,0,36,36,22,44,99,42,37,0,0,0,0,0,88,1,44,56,0,42,16,33,41,99,32,0,0,0,0,5,0,48,3,99,10,0,25,24,22,27,99,66,0,0,0,0,0,0,88,0,36,30,0,35,18,22,35,99,80,43,0,0,0,0,0,0,3,99,10,0,99,99,99,99,50,50,50,50,4,12,39,0,6,0,24,19,80,46,73,67,69,32,50,53,46,49
99,60,40,49,99,95,0,0,0,0,0,0,56,0,78,7,46,99,60,35,49,99,95,0,0,0,0,0,0,40,0,87,7,46,99,60,32,49,99,95,0,0,0,0,0,0,56,0,83,7,16,90,7,3,7,99,94,0,0,0,0,0,0,59,0,56,6,49,99,49,38,28,99,94,0,0,0,0,0,0,59,0,80,2,127,99,27,53,43,99,91,0,0,0,0,0,0,56,0,99,2,0,99,58,45,24,50,48,92,50,2,8,35,0,0,0,49,24,70,76,69,88,73,32,32,32,32,52
99,85,99,46,77,92,98,0,39,53,20,0,63,0,14,4,0,99,90,22,55,80,93,85,0,48,99,16,2,63,0,74,2,0,99,42,22,70,99,97,60,0,39,92,75,9,63,0,74,2,0,99,83,22,67,99,92,80,0,34,9,0,0,63,0,89,2,0,99,68,39,99,99,99,99,97,0,0,65,0,63,0,82,2,0,83,39,34,61,96,99,93,0,0,0,0,0,63,0,99,2,0,94,67,95,60,50,50,50,50,17,7,51,39,0,0,57,24,65,82,80,32,50,54,48,48,32,32
99,46,0,28,99,93,87,0,54,0,0,0,49,0,71,4,0,99,46,0,28,99,93,87,0,54,0,0,0,57,0,77,2,0,99,46,0,28,99,93,87,0,54,0,0,0,41,4,84,2,0,46,33,20,35,99,92,84,0,0,0,0,0,2,12,99,1,0,99,99,99,25,99,99,99,0,40,20,7,0,112,0,93,0,0,50,99,99,30,99,99,99,0,0,0,0,0,112,0,99,4,0,99,99,99,99,50,50,50,50,1,6,38,33,0,0,57,24,65,114,112,43,66,117,122,122,82,115
78,95,70,29,99,96,75,0,55,0,75,0,57,2,99,4,0,25,25,12,61,99,99,99,0,51,0,0,0,57,0,85,2,0,33,95,70,29,99,99,99,0,48,0,30,0,113,0,90,4,0,50,25,12,70,99,90,97,0,51,0,0,0,57,20,99,2,1,28,95,70,29,99,96,79,0,48,0,67,0,1,4,90,4,0,34,25,12,33,99,99,57,0,51,0,0,0,57,8,99,2,0,10,5,6,6,50,50,50,50,22,45,37,42,38,36,24,24,84,82,87,32,32,32,32,32,32,32
83,13,58,17,99,90,90,0,32,1,0,0,33,0,81,34,0,82,12,31,16,99,88,88,0,37,1,0,0,33,0,59,14,0,89,99,56,36,99,99,99,0,0,0,2,0,41,0,83,0,0,17,31,22,33,99,99,99,0,0,0,7,0,41,0,99,2,0,78,14,11,25,99,82,87,47,12,0,0,0,81,0,65,34,0,17,32,34,30,99,99,99,0,0,0,0,0,81,0,99,2,0,99,99,99,66,51,50,50,50,7,13,99,3,30,0,18,24,77,73,82,73,68,79,82,32,49,32
94,44,41,46,99,63,54,0,35,66,5,14,57,2,79,16,0,95,33,49,35,99,51,54,0,41,0,4,12,59,18,82,6,0,94,23,64,53,99,51,54,0,71,48,7,4,58,18,71,4,0,66,22,42,39,99,51,53,0,39,39,7,12,5,14,99,2,1,99,21,99,28,99,0,0,0,47,30,10,8,70,18,76,2,1,99,21,99,28,99,0,0,0,10,30,10,8,110,22,99,2,1,77,91,56,60,51,50,50,50,7,13,64,0,0,99,51,24,68,69,86,73,76,32,84,65,67,75
11,26,5,28,99,95,0,0,0,0,0,0,59,0,75,5,35,10,25,0,42,99,94,0,0,0,0,0,0,56,0,70,4,99,9,25,0,42,99,94,0,0,0,0,0,0,56,0,79,3,78,12,16,17,7,99,94,0,0,0,0,0,0,59,127,86,0,64,17,0,8,28,99,97,86,0,0,0,0,0,59,0,80,3,53,26,11,26,23,99,0,0,0,0,0,0,0,56,0,99,0,69,82,0,0,14,50,52,48,50,16,6,35,0,0,0,59,0,82,85,77,66,76,69,32,32,32,49
99,16,14,16,50,34,99,0,39,0,0,0,32,0,68,32,0,7,15,17,36,99,85,58,0,39,0,0,0,32,0,99,16,0,6,13,11,24,54,85,99,0,39,0,0,0,56,0,91,4,0,24,15,17,39,99,85,32,0,39,0,0,0,56,0,99,4,0,8,12,15,21,52,85,99,0,39,0,0,0,72,0,86,12,0,33,20,26,39,99,85,53,0,39,0,0,0,72,0,99,6,0,99,99,99,99,50,50,50,50,5,12,12,12,5,0,40,12,67,65,83,67,65,68,69,32,50,49
99,99,99,99,99,99,99,0,67,99,0,0,112,3,99,7,16,99,99,99,99,99,99,99,0,67,99,99,0,0,3,93,0,32,99,99,99,68,99,99,99,0,43,99,99,0,8,3,99,7,12,99,99,99,99,99,99,99,0,43,99,99,0,24,3,99,4,32,99,99,99,99,99,99,99,0,20,0,99,0,16,3,99,7,8,83,99,99,99,99,99,99,0,20,0,99,0,0,3,90,12,77,99,99,99,99,50,50,50,50,31,9,0,0,0,0,51,24,67,44,68,44,69,98,44,70,32,32
24,88,46,37,60,99,0,0,0,0,0,0,56,3,99,18,7,28,88,48,37,60,99,0,0,0,0,0,0,56,3,99,14,9,32,88,46,37,60,99,0,0,0,0,0,0,56,3,99,10,15,36,89,46,37,60,99,0,0,0,0,0,0,56,3,99,10,0,45,88,46,37,60,99,0,0,0,0,0,0,56,3,99,4,11,99,88,47,38,99,99,0,0,0,0,0,0,56,3,99,4,0,99,99,99,99,50,50,50,50,31,8,99,0,0,0,55,12,84,117,110,100,83,116,97,116,99,94
34,30,18,37,99,71,24,0,38,0,65,12,19,16,57,26,8,23,30,26,46,99,81,53,0,50,70,0,15,98,9,44,4,0,30,38,51,45,99,72,28,0,43,61,20,3,26,17,57,2,0,45,23,36,43,99,75,53,0,0,0,0,0,51,6,99,2,0,99,27,60,26,73,99,0,0,0,31,9,3,24,13,99,2,0,99,21,37,42,99,99,91,0,0,0,0,0,100,9,99,2,0,99,99,99,99,50,50,50,50,6,15,24,57,9,25,49,12,45,87,79,66,66,76,69,32,49,45
57,32,77,30,99,99,58,0,10,0,0,4,56,8,99,0,0,11,30,25,28,99,99,0,0,10,0,0,4,56,8,92,10,0,26,71,20,39,99,99,0,0,0,0,0,4,56,8,93,4,0,10,99,20,41,99,99,0,0,0,0,0,0,56,4,93,0,1,18,99,20,99,99,99,0,0,0,0,0,0,56,8,90,4,0,28,99,20,35,99,99,17,0,0,0,0,0,56,4,99,0,0,99,98,75,60,50,50,50,50,16,3,35,89,0,0,8,24,70,73,76,84,69,82,45,83,87,80
20,10,28,24,94,83,64,0,42,54,0,1,56,12,64,6,0,31,8,23,28,99,87,66,0,44,5,14,3,56,8,92,2,0,74,48,12,36,81,99,68,0,47,8,13,0,56,20,99,2,0,24,42,13,10,99,92,66,0,45,9,12,0,56,0,61,4,0,30,46,8,12,99,99,67,0,45,8,12,1,56,0,84,2,0,76,18,4,44,84,99,70,0,44,10,13,0,112,20,99,2,0,94,67,95,60,50,50,50,50,2,14,56,68,0,63,23,24,83,65,72,65,82,65,32,32,32,32
99,99,20,57,99,99,10,0,0,0,0,0,56,0,59,34,99,7,99,99,25,99,99,99,0,0,0,0,0,56,0,45,22,53,35,99,99,29,99,99,99,0,0,0,0,0,56,0,99,10,42,23,99,99,25,99,99,99,0,0,0,0,0,56,0,99,14,71,27,22,99,42,85,99,99,0,0,0,0,0,56,0,82,34,0,40,99,99,36,99,99,99,0,0,0,0,0,80,0,99,20,6,65,99,99,99,50,50,50,50,14,6,35,0,0,0,49,0,69,76,69,67,84,82,79,78,32,49
99,0,0,0,99,99,99,0,15,0,0,4,7,0,76,2,0,75,42,71,34,99,99,99,0,15,0,0,4,115,0,99,2,0,99,72,31,17,0,70,0,0,15,0,0,4,63,0,99,16,0,99,99,36,35,99,99,0,0,15,0,0,4,59,0,99,2,0,99,0,0,0,99,99,99,0,15,0,0,4,103,0,85,0,0,52,42,71,34,99,99,99,0,15,0,0,4,99,0,99,2,0,99,99,99,99,50,50,50,50,23,15,27,40,16,0,32,24,66,65,78,75,83,44,32,84,46,32
24,99,99,25,29,27,31,99,0,0,0,0,112,0,88,0,0,99,99,99,26,70,53,52,99,0,0,0,0,8,0,70,1,0,13,99,99,23,77,77,79,0,0,0,0,0,56,0,77,12,0,58,99,99,37,99,99,99,0,0,0,0,0,56,0,99,2,0,99,99,99,23,77,77,79,99,0,0,0,0,56,0,69,12,24,25,99,99,37,99,99,99,0,0,0,0,0,24,0,86,4,24,99,99,99,99,50,50,50,50,8,14,9,3,7,0,16,12,83,108,111,119,51,68,32,80,97,100
57,32,77,30,99,99,58,0,10,0,0,4,48,4,99,1,25,11,30,25,28,99,99,0,0,10,0,0,4,56,4,92,8,0,26,71,20,39,99,99,0,0,0,0,0,4,72,4,93,51,5,8,10,20,41,99,99,0,0,0,0,0,0,56,5,93,14,0,18,99,20,36,99,99,0,0,0,0,0,0,64,5,90,4,0,28,99,20,35,99,99,17,0,0,0,0,0,56,5,99,12,0,98,98,75,60,50,50,50,50,16,3,35,99,10,8,48,12,76,70,79,32,83,87,69,69,80,32
88,247
240,67,0,9,32,0
80,73,15,10,99,19,0,0,53,0,0,12,115,20,84,0,0,98,20,6,2,91,90,0,0,41,0,27,3,98,4,87,2,0,90,64,28,45,99,97,0,0,46,0,0,0,115,8,95,2,0,94,80,19,12,83,67,0,0,43,9,20,3,91,12,97,14,0,98,36,6,32,91,90,0,0,50,22,50,3,114,0,85,2,0,90,30,28,45,99,95,0,0,32,0,0,0,83,12,86,2,0,0,0,0,0,50,50,50,50,2,12,45,0,0,0,64,24,80,73,65,78,79,32,32,32,51,32
95,72,71,99,99,97,91,98,64,0,55,0,113,0,87,12,0,95,28,27,47,99,90,0,0,49,0,0,0,107,12,83,8,0,95,72,71,99,99,97,91,98,64,0,46,0,113,0,99,6,0,95,28,27,47,99,90,0,0,49,0,0,0,107,8,85,2,0,95,72,71,99,99,97,91,98,49,0,0,0,113,0,99,0,0,95,28,27,47,99,90,0,0,49,0,0,0,115,8,89,8,0,0,0,0,0,50,50,50,50,4,9,35,0,0,0,32,24,72,65,82,80,83,73,67,72,32,49
68,97,64,54,90,94,15,0,0,0,0,0,115,12,60,38,0,99,97,62,54,99,99,90,0,0,0,0,0,115,0,87,41,0,55,25,25,65,99,99,93,0,0,0,0,0,114,0,80,4,0,60,97,71,54,90,94,50,0,0,0,0,0,115,0,80,16,0,99,97,62,54,99,99,90,0,0,0,0,0,115,0,77,2,0,55,25,25,65,99,99,93,0,0,0,0,0,114,0,80,4,0,94,67,95,60,50,50,50,50,2,15,34,33,0,0,24,24,80,73,80,69,83,32,32,32,50,32
99,41,26,10,99,98,0,0,15,0,0,4,114,12,37,18,0,99,77,26,7,99,98,0,0,15,0,0,4,74,8,87,2,0,99,41,42,7,99,98,0,0,15,0,0,4,90,4,90,14,0,99,77,26,28,99,98,0,0,15,0,0,4,114,8,91,2,0,99,41,26,7,99,98,0,0,15,0,0,4,114,8,97,2,0,99,77,26,42,99,98,0,0,15,0,0,4,114,4,73,40,0,99,99,99,99,50,50,50,50,7,8,28,0,0,0,32,24,83,73,84,65,82,32,32,32,32,32
95,46,28,24,94,79,0,0,0,0,0,0,63,25,90,6,0,95,35,99,28,99,70,0,0,52,0,35,3,116,16,79,6,0,95,32,49,33,99,70,0,0,0,0,0,0,83,28,99,2,0,95,50,44,10,99,70,0,0,58,0,37,0,67,0,62,6,0,95,46,99,12,99,70,0,0,52,8,0,3,99,12,79,4,0,95,32,45,31,99,70,0,0,0,0,0,0,115,28,99,2,0,94,67,95,60,50,50,50,50,2,14,34,33,0,0,25,24,72,65,82,80,32,32,32,32,50,32
16,99,12,28,99,99,80,0,0,0,0,0,114,0,90,2,0,38,98,0,35,99,99,72,0,0,0,0,0,82,8,99,2,0,98,12,71,28,99,0,0,0,0,0,0,0,98,0,75,4,75,95,33,71,25,99,0,0,0,0,0,0,0,74,0,95,2,0,98,29,71,28,99,0,0,0,0,0,0,0,114,0,82,4,75,95,20,19,25,99,0,0,0,0,0,0,0,114,0,95,2,0,67,95,95,60,50,50,50,50,4,5,35,55,0,0,40,24,84,46,66,76,45,69,88,80,65,32
89,22,20,41,99,92,0,0,0,0,0,0,112,0,99,0,0,88,24,23,37,99,90,0,0,0,0,0,0,112,0,96,4,1,13,14,20,30,99,95,99,0,0,0,0,0,112,0,99,0,0,76,35,99,11,67,38,73,0,0,0,0,0,112,0,99,12,1,82,80,19,14,80,95,0,0,0,0,0,0,112,0,96,2,0,9,14,17,34,61,96,0,0,0,0,0,0,112,0,99,8,1,32,30,94,16,50,7,81,99,9,8,65,0,0,0,85,0,84,65,75,69,32,79,70,70,32,32
9,99,60,81,0,99,0,0,39,0,0,0,112,0,99,24,0,14,99,60,80,0,99,0,0,39,0,0,0,112,0,93,12,0,20,99,60,80,0,99,0,0,39,0,0,0,112,0,95,4,50,25,99,60,77,0,99,0,0,39,0,0,0,112,0,99,4,0,40,99,60,72,0,99,0,0,39,0,0,0,112,0,99,2,50,99,99,60,65,0,99,0,0,39,0,0,0,112,0,99,2,0,50,95,95,60,50,50,50,50,31,11,36,0,1,0,16,24,87,65,84,69,82,32,71,68,78,32
32,0,10,21,99,99,0,0,46,27,0,0,61,20,99,1,64,28,0,0,33,99,95,0,0,38,99,0,0,60,16,97,4,0,99,96,65,43,99,95,0,0,32,0,18,0,59,16,99,15,83,99,62,42,32,99,99,0,0,32,0,0,3,58,20,99,4,0,75,0,0,33,99,99,0,0,32,21,13,0,27,8,99,1,78,28,45,27,37,99,99,0,0,39,99,0,0,26,16,99,4,0,0,0,0,0,50,50,50,50,4,8,32,0,0,0,40,24,103,108,97,115,115,98,101,108,108,32
36,25,49,31,99,68,0,0,0,0,0,0,56,8,62,32,75,37,22,22,50,99,22,15,0,0,0,0,0,40,12,99,10,0,36,36,22,44,99,42,37,0,0,0,0,0,24,1,44,56,0,42,16,33,41,99,32,0,0,0,0,5,0,48,0,99,10,0,25,24,22,27,99,66,0,0,0,0,0,0,119,0,36,30,0,35,18,22,35,99,80,43,0,0,0,0,0,0,0,99,10,0,99,99,99,99,50,50,50,50,4,12,39,0,6,38,24,8,103,108,97,115,115,109,97,110,32,32
99,0,0,0,99,99,99,0,15,0,0,4,7,0,77,2,0,78,42,16,34,99,99,80,0,15,0,0,4,52,0,99,2,0,99,72,31,17,0,70,0,0,48,99,99,15,63,0,99,26,12,99,99,36,35,99,99,0,0,45,0,99,12,59,0,99,4,0,99,0,0,0,99,99,99,0,39,32,0,7,55,0,71,6,0,71,42,17,34,99,99,74,0,99,99,0,7,59,0,99,2,0,99,99,99,99,50,50,50,50,4,15,34,40,43,0,16,24,97,109,117,115,101,117,109,32,32,32
99,99,62,99,99,99,0,0,0,0,0,0,60,8,99,12,0,99,99,38,99,99,99,0,0,0,0,0,0,61,12,70,18,0,59,99,41,71,99,99,0,0,0,0,0,0,53,16,63,18,0,59,99,99,71,99,99,99,0,0,0,0,0,61,0,75,0,0,59,99,22,71,99,86,0,0,0,0,0,0,37,8,69,1,60,99,64,33,71,99,86,0,0,0,0,0,0,8,0,99,2,0,99,99,99,99,50,50,50,50,16,15,35,0,0,0,49,24,97,110,110,97,98,101,108,108,101,32
95,29,20,50,99,95,0,0,41,0,19,0,51,24,99,2,0,95,20,20,50,99,95,0,0,0,0,0,0,3,0,99,1,8,95,29,20,50,99,95,0,0,0,0,0,0,59,16,99,2,0,95,20,20,50,99,95,0,0,0,0,0,0,59,8,99,1,0,95,50,35,78,99,75,0,0,99,0,0,0,59,28,85,28,0,96,25,25,67,99,75,0,0,0,0,0,0,19,8,99,2,0,94,67,95,60,50,50,50,50,4,4,34,33,0,0,56,12,114,104,111,100,111,115,32,32,32,32
99,80,80,80,99,99,99,99,39,10,15,3,96,0,76,2,0,99,80,80,80,99,99,99,99,39,4,0,3,56,4,81,1,27,99,80,80,80,99,99,99,99,0,0,0,0,56,0,73,1,5,55,80,80,39,99,99,99,0,0,0,0,0,56,0,94,1,0,99,24,99,25,99,0,0,0,46,16,39,3,59,8,75,6,0,85,16,99,40,99,0,0,0,0,0,0,0,20,4,99,2,0,99,99,99,99,50,50,50,50,1,5,32,0,0,0,32,12,82,79,77,65,78,84,73,67,32,32
58,27,99,0,99,89,88,0,39,0,0,15,9,0,78,2,1,58,27,99,0,99,89,87,0,39,4,0,15,113,0,78,2,0,58,27,99,0,99,99,95,0,39,8,0,15,57,0,78,2,0,55,99,99,53,99,99,99,0,39,99,0,15,58,0,99,2,0,58,27,99,47,99,89,88,0,39,2,0,15,57,0,80,2,1,69,99,99,47,99,99,99,0,39,99,0,15,58,0,99,2,1,94,67,95,60,50,50,50,50,1,7,38,0,2,71,40,12,79,66,56,32,66,82,65,83,83,32
99,20,0,0,99,80,0,99,41,99,70,6,0,4,76,2,1,99,38,18,20,99,80,99,99,0,0,0,0,88,4,87,2,0,68,99,99,46,99,99,99,0,48,60,0,2,0,4,98,2,1,61,25,35,0,99,84,73,0,0,0,0,0,64,4,84,4,1,99,22,40,0,99,99,94,0,0,0,0,0,0,4,79,2,1,47,25,20,50,96,95,12,0,0,0,0,0,32,0,99,2,1,99,99,99,99,50,50,50,50,2,6,15,0,10,0,17,24,68,73,71,73,76,79,71,32,50,32
78,45,32,46,87,75,0,91,46,28,0,0,60,4,94,31,69,70,38,42,99,82,81,0,62,62,7,13,3,59,12,95,10,0,98,33,24,35,94,90,83,0,50,0,0,4,43,28,81,6,0,74,42,30,55,99,95,0,0,27,72,10,3,58,8,98,2,0,99,38,44,82,0,0,0,71,26,0,59,0,72,0,99,20,21,75,59,24,59,99,27,0,0,25,0,11,0,57,8,92,5,10,99,99,99,99,50,50,50,50,0,13,31,0,0,0,89,12,65,99,46,83,116,108,71,116,114,49
99,72,48,17,99,99,99,0,0,0,0,0,64,0,51,46,2,35,21,36,47,99,90,85,0,0,0,0,0,48,4,53,2,1,72,19,41,14,48,58,20,9,0,0,0,0,80,4,99,2,2,40,20,53,39,99,94,97,0,0,0,0,0,112,12,99,2,0,19,26,53,25,51,61,76,51,0,0,0,0,56,10,99,2,0,78,20,53,57,99,94,97,0,0,0,0,0,0,0,87,2,0,18,60,95,98,48,51,50,50,6,15,35,35,11,2,64,24,70,46,67,72,79,82,85,83,32,49
99,51,60,0,99,99,97,0,32,0,21,0,59,0,84,20,0,99,70,97,0,99,65,60,0,32,0,0,0,26,0,99,4,0,67,92,28,60,99,90,0,0,48,0,60,0,62,0,59,8,0,54,87,0,0,87,86,0,0,32,0,21,0,59,8,99,4,0,55,95,0,0,99,96,89,0,32,0,0,0,50,4,68,20,0,50,0,12,58,99,90,97,0,32,0,0,0,65,16,99,4,0,99,99,99,99,50,50,50,50,16,7,35,42,20,99,40,12,68,98,108,32,70,97,110,116,97,121
99,42,99,99,99,99,0,0,51,11,99,12,64,0,99,1,8,99,21,99,99,99,80,80,0,51,0,25,12,64,0,85,2,1,99,50,55,99,99,99,0,0,0,0,0,0,65,0,99,2,99,99,99,99,99,99,99,99,0,0,0,0,0,56,1,95,2,0,99,99,99,99,99,99,99,0,0,0,0,0,56,2,85,2,50,99,99,99,99,99,99,99,0,0,0,0,0,56,0,99,0,0,99,99,99,99,51,50,50,50,30,15,34,0,2,60,41,24,42,72,97,109,109,111,110,100,32,51
99,57,28,0,97,84,0,0,30,35,0,3,100,20,80,12,0,99,63,13,0,99,99,0,0,42,5,15,0,50,4,71,2,0,67,36,18,36,97,75,0,0,46,85,0,2,77,20,72,12,0,99,50,21,53,99,95,0,0,25,0,0,0,75,8,99,2,0,67,72,21,39,99,75,0,0,44,99,17,3,51,16,99,2,0,81,75,30,50,61,99,0,0,0,0,0,0,106,12,99,2,0,99,99,99,99,50,50,50,50,6,11,35,0,0,0,49,12,42,75,117,114,122,119,101,105,108,50
81,55,35,38,99,79,0,0,60,54,0,1,119,7,94,4,23,81,35,35,28,99,70,0,0,52,0,35,3,100,31,81,4,0,79,32,49,33,99,70,0,0,0,0,0,0,43,19,99,2,0,76,81,70,72,99,70,0,0,58,0,0,12,114,16,97,63,25,68,46,43,35,99,70,0,0,52,8,0,3,27,28,79,2,0,61,25,30,30,99,94,0,0,60,0,0,0,59,24,99,0,0,58,67,95,60,48,51,50,50,16,7,34,33,0,0,25,24,78,117,32,73,115,108,97,110,100,92
99,61,10,99,99,0,0,0,42,99,99,12,63,4,99,11,57,56,17,20,99,99,97,92,58,46,0,12,0,92,4,92,0,0,81,23,16,99,99,96,95,60,46,0,0,3,116,12,81,6,0,75,30,10,99,99,99,99,60,47,14,15,3,92,8,75,12,0,60,20,14,99,99,99,99,61,35,0,21,3,89,0,99,0,0,99,0,99,99,99,0,0,0,0,0,0,8,62,2,91,2,0,98,98,98,98,51,50,50,50,15,10,65,0,0,99,3,36,83,84,82,85,77,66,65,78,74,79
73,72,77,99,76,61,96,0,9,99,0,0,56,0,99,37,52,76,62,0,62,99,0,0,0,14,99,99,0,63,16,99,37,22,97,79,19,84,99,43,0,0,45,0,61,0,56,4,99,2,70,90,49,0,48,99,0,0,0,21,99,0,0,58,12,99,0,0,91,99,99,98,99,0,0,0,3,0,0,0,56,0,94,45,42,89,60,67,63,99,95,0,0,3,99,99,3,56,4,99,3,65,50,50,50,50,50,50,50,50,4,15,13,0,50,0,115,0,52,66,68,45,83,68,45,84,68,32
99,99,99,40,99,99,99,0,67,0,50,0,72,0,68,16,0,99,99,99,17,99,99,99,0,0,0,0,0,56,0,62,10,0,99,99,99,35,99,99,99,0,67,0,80,0,72,0,60,22,0,99,99,99,38,99,99,99,0,0,0,0,0,56,16,99,2,0,53,21,44,31,24,75,78,99,0,0,0,0,56,0,76,6,0,71,99,99,51,99,99,99,0,0,0,0,0,56,12,99,2,0,99,99,99,99,50,50,50,50,12,12,26,17,0,0,57,24,87,72,73,84,69,45,69,65,71,76
99,99,0,44,99,99,0,0,31,31,37,3,56,0,85,4,1,67,99,39,46,99,99,0,0,0,0,0,0,56,11,92,4,0,52,99,32,14,99,99,47,0,0,0,0,0,56,8,99,1,35,99,99,35,46,99,99,0,0,27,99,0,2,56,8,73,10,0,99,99,35,46,99,99,0,0,39,99,0,2,56,4,81,2,0,99,99,35,46,99,99,0,0,0,0,0,0,58,4,99,4,0,99,99,99,99,50,50,50,50,9,7,35,0,0,99,57,24,67,76,65,86,69,82,81,85,65,78
99,0,0,0,99,99,99,0,15,0,0,4,119,0,77,0,0,40,42,71,25,99,99,99,0,15,0,0,4,115,0,99,0,0,99,0,0,0,99,99,99,0,15,0,0,4,119,12,92,0,0,40,42,71,28,99,99,99,0,15,0,0,4,59,0,99,0,0,99,0,0,0,99,99,99,0,15,0,0,4,63,4,82,0,0,40,42,71,27,99,99,99,0,15,0,0,4,3,0,99,2,0,99,99,99,99,50,50,50,50,4,15,27,40,16,0,32,24,71,82,68,86,76,78,46,50,45,68
99,99,99,40,99,99,99,0,56,0,52,0,72,0,67,16,0,99,99,99,17,99,99,99,0,0,0,0,0,56,0,53,10,0,99,99,99,35,99,99,99,0,51,0,50,0,72,0,78,22,0,99,99,99,38,99,99,99,0,0,0,0,0,56,16,99,2,0,53,21,28,56,24,75,99,99,63,0,75,0,56,0,76,12,0,71,99,99,39,99,99,99,0,0,0,0,0,56,12,99,2,0,99,99,99,99,50,50,50,50,11,14,26,17,10,99,57,24,83,65,71,65,32,32,32,32,32,32
72,38,10,32,99,85,75,0,0,0,0,0,56,0,85,12,0,57,73,10,48,99,92,0,0,0,0,0,0,0,0,84,4,0,56,74,10,32,98,98,36,0,98,0,0,0,112,0,76,2,99,65,15,10,47,99,92,0,0,0,8,0,0,56,0,99,9,7,81,12,7,25,99,99,99,0,0,0,0,0,0,0,77,4,1,65,56,10,47,99,99,99,0,98,0,0,0,56,0,99,41,0,84,95,95,60,50,50,50,50,5,7,30,0,8,0,40,12,71,79,83,73,69,82,32,32,32,32
99,0,0,0,99,99,99,99,0,0,0,0,40,0,66,0,0,99,0,0,0,99,99,99,99,0,0,0,0,48,0,91,0,0,99,0,0,0,99,99,99,99,0,0,0,0,64,0,78,0,0,37,42,71,42,99,99,99,0,0,0,0,0,96,0,99,0,0,99,0,0,0,99,99,99,99,0,0,0,0,56,0,80,0,0,42,42,71,42,99,99,99,0,0,0,0,0,16,0,99,2,0,99,99,99,99,50,50,50,50,7,15,30,45,12,0,33,24,86,73,79,76,76,85,83,81,85,69
99,76,26,0,99,95,65,0,39,2,32,3,23,16,72,14,0,99,19,18,0,99,90,61,0,51,0,50,0,76,4,85,2,0,80,99,20,49,99,99,0,0,0,0,0,0,79,12,99,2,0,99,99,18,0,99,99,46,0,39,10,21,3,41,12,80,2,0,99,46,17,0,99,92,66,0,39,9,27,3,52,12,88,2,0,80,99,23,42,99,99,0,0,0,0,0,0,52,12,99,2,0,99,99,99,99,50,50,50,50,2,12,35,0,0,0,1,12,83,89,78,80,73,65,46,51,45,68
99,51,52,99,99,73,41,0,0,0,0,0,56,8,90,2,0,99,99,33,18,99,99,0,0,0,0,0,0,56,0,78,2,0,99,99,33,42,99,99,0,0,0,0,0,0,56,0,99,1,10,99,99,33,99,65,64,65,73,0,0,0,0,56,8,89,10,0,99,57,41,33,99,99,99,0,0,0,0,0,56,0,99,2,0,99,99,46,42,99,99,0,0,0,0,0,0,56,4,99,57,0,99,99,99,99,50,50,50,50,2,13,35,0,0,0,56,24,83,89,78,32,67,76,65,86,67,78
115,247
240,67,0,9,32,0
8,47,96,99,0,99,0,0,0,0,0,0,0,0,0,4,53,46,38,85,90,96,62,18,0,0,0,0,15,112,0,99,11,99,46,80,54,0,98,59,0,0,58,0,0,10,0,0,99,1,0,99,53,4,89,98,0,0,0,0,0,0,0,64,0,90,20,99,99,53,57,97,99,92,0,0,0,0,0,14,80,0,92,13,10,31,57,76,97,38,99,0,0,0,0,0,15,0,0,82,29,60,73,62,53,99,45,50,36,46,9,15,99,9,56,0,104,12,42,39,87,104,97,116,39,32,32,32
99,80,25,0,99,73,60,0,0,4,2,0,56,16,99,54,0,82,23,14,28,99,80,45,0,0,0,3,15,56,12,72,10,0,82,23,16,32,82,23,16,0,0,0,0,0,56,12,92,2,0,88,23,18,38,99,80,31,0,0,0,6,0,56,16,99,4,0,74,40,54,23,99,4,63,0,0,0,0,0,56,8,86,2,0,99,80,25,30,99,73,60,0,0,0,0,0,56,4,99,6,1,85,29,3,50,50,50,50,50,0,15,42,93,0,93,120,12,67,72,73,78,69,83,69,32,49,32
98,91,0,28,99,99,99,0,0,0,0,0,2,3,85,4,0,76,78,71,70,99,99,99,0,0,0,0,0,58,23,99,5,51,98,12,71,28,99,99,99,0,0,0,0,0,42,3,75,4,75,95,33,71,25,99,99,99,0,0,0,0,0,18,3,99,2,0,98,12,71,28,99,99,99,0,0,0,0,0,82,3,78,4,75,95,33,71,25,99,99,99,0,0,0,0,0,74,3,95,2,0,67,95,95,60,50,50,50,50,4,7,69,0,0,99,18,24,83,67,72,76,66,69,76,76,32,32
99,72,48,18,99,99,99,99,0,0,0,0,112,0,76,16,0,99,40,36,27,99,70,57,0,0,0,0,0,112,4,70,2,1,99,60,41,10,86,70,66,9,0,0,0,0,112,4,99,2,0,59,20,53,38,99,94,97,0,0,0,0,0,112,12,99,8,0,78,47,56,28,99,71,85,61,0,0,0,0,112,10,99,4,0,79,20,53,40,99,94,97,0,0,0,0,0,0,0,80,8,0,18,60,95,60,48,51,50,50,6,15,12,10,99,4,0,48,32,32,53,40,99,94,97,32,32,32
96,26,22,30,74,82,67,0,39,0,9,3,113,0,99,4,0,96,64,87,21,75,91,78,0,36,1,13,3,1,0,89,0,0,78,64,87,38,99,91,90,0,34,0,0,3,1,0,99,0,1,96,26,22,30,72,82,67,0,43,0,9,3,25,0,99,4,0,96,64,87,21,82,91,78,0,41,1,13,3,1,0,89,0,0,78,64,87,38,99,91,90,0,36,0,0,3,57,0,99,0,0,20,67,95,60,50,50,50,50,3,8,15,23,0,0,9,36,79,66,56,32,80,65,68,32,32,32
70,42,7,40,99,94,94,0,43,5,0,0,56,0,69,14,0,91,39,15,42,99,95,95,0,36,0,10,4,56,0,64,2,0,79,68,62,40,99,99,99,0,50,12,10,7,56,0,81,2,0,48,45,22,47,99,98,94,0,0,0,0,0,57,16,99,2,0,91,29,15,25,99,97,96,0,25,5,5,2,65,0,86,2,0,48,45,22,47,99,98,92,0,0,0,0,0,57,16,99,2,0,84,95,95,60,50,50,50,50,1,12,33,55,10,0,25,24,86,73,79,76,73,78,32,32,49,52
34,22,16,4,88,1,0,0,0,99,0,0,87,28,74,28,0,69,55,19,35,99,94,0,0,12,0,0,0,27,12,88,2,0,80,28,17,35,99,33,0,0,99,0,0,15,43,4,99,2,1,60,53,22,4,99,91,0,0,8,0,0,3,25,12,85,2,0,74,38,17,35,99,95,0,0,99,0,0,7,65,8,74,0,99,79,28,24,33,99,97,0,0,0,0,0,3,11,8,99,2,0,99,99,99,99,50,50,50,50,3,11,35,0,0,0,49,12,69,88,80,82,69,83,83,72,85,78
99,57,45,71,99,36,31,0,27,0,45,7,56,0,67,26,0,65,39,79,71,99,99,99,0,39,0,14,15,56,0,98,8,0,99,39,79,71,99,99,99,0,39,0,14,15,56,0,99,4,0,64,39,79,71,99,99,99,0,39,0,14,15,56,0,99,2,0,99,42,53,71,99,56,56,0,41,0,45,15,63,28,78,6,0,99,76,99,71,99,88,96,0,39,0,14,15,56,3,99,6,0,99,95,95,60,50,50,50,50,21,15,32,0,0,0,72,12,83,89,78,79,82,71,65,78,74,76
64,61,22,20,99,99,99,0,46,0,56,0,56,0,39,7,61,50,38,57,20,47,82,93,0,0,0,0,0,106,4,78,2,1,99,68,34,30,85,91,98,0,0,0,0,0,72,8,99,6,0,21,37,22,20,56,99,99,0,46,0,0,0,56,4,40,31,44,42,34,41,20,85,88,99,34,0,0,18,0,17,4,99,2,0,99,33,34,30,99,99,98,0,36,0,0,0,32,4,99,4,0,99,95,80,99,10,32,50,50,3,5,35,48,49,0,32,12,84,101,110,86,111,120,32,32,32,53
60,45,29,99,99,91,0,87,46,14,42,0,62,0,65,40,0,99,38,20,99,99,96,0,99,46,6,0,3,57,4,98,2,0,99,99,22,52,99,96,0,0,46,3,0,0,63,20,99,2,0,99,82,29,99,99,65,0,87,46,14,99,12,58,0,91,14,0,99,38,20,99,99,96,0,99,27,0,7,3,60,4,99,0,0,73,99,17,64,99,99,0,0,63,4,0,12,61,20,97,2,0,99,99,99,53,50,50,50,50,2,0,35,31,0,0,17,24,67,69,77,66,65,76,79,32,32,32
84,32,24,93,94,94,89,0,32,45,0,0,95,0,74,7,30,89,26,41,90,84,93,95,0,46,49,29,10,24,0,83,0,99,82,39,99,76,99,0,0,0,58,69,39,10,67,0,99,8,0,99,32,24,93,94,94,89,0,32,45,0,0,71,0,78,7,30,99,26,41,90,88,93,95,0,46,49,29,10,96,0,83,0,99,99,39,99,76,99,0,0,0,58,69,39,10,59,0,78,8,0,99,52,99,99,47,50,50,50,9,15,30,0,53,0,16,12,69,77,85,46,83,78,68,46,32,77
35,44,1,71,99,99,75,0,41,0,12,3,56,8,52,17,34,58,98,12,65,99,99,84,0,60,0,0,3,56,12,86,2,0,92,98,16,82,99,99,75,0,60,0,0,3,56,0,92,1,0,21,46,35,71,91,82,0,0,39,0,1,3,56,0,36,7,78,58,40,18,64,99,98,82,48,48,0,1,3,113,0,85,2,0,83,98,98,87,99,99,99,0,0,0,0,15,56,8,99,9,0,98,98,98,98,51,50,50,50,2,7,41,0,0,0,33,24,83,121,110,72,97,114,109,111,49,32
95,49,17,54,99,95,0,99,0,0,0,4,74,28,64,2,0,95,33,18,56,99,95,0,82,0,0,0,4,60,12,93,0,0,95,50,21,53,99,95,0,0,0,0,0,4,44,8,99,1,0,95,17,17,71,99,95,0,99,38,99,99,6,96,24,73,14,0,99,39,21,65,99,85,0,99,0,0,0,4,72,8,87,0,0,80,32,18,56,99,95,0,0,0,0,0,0,60,8,99,1,17,99,98,75,60,50,50,50,50,3,5,37,0,0,0,0,24,77,69,84,76,32,75,69,84,76,32
19,26,58,27,99,62,28,0,0,0,0,0,104,12,99,4,0,70,82,50,33,99,99,99,0,0,0,0,0,112,0,99,2,0,57,26,58,27,99,62,28,0,0,0,0,0,0,12,99,4,0,70,82,50,33,99,99,99,0,0,0,0,0,16,0,99,2,0,46,26,58,27,99,62,28,0,0,0,0,0,56,12,99,4,0,70,82,50,33,99,99,99,0,0,0,0,0,80,0,99,2,0,99,99,99,99,50,50,50,50,4,8,27,46,16,0,49,12,80,85,82,71,65,84,79,82,89,32
99,60,99,99,99,76,92,0,62,0,99,0,98,12,63,10,0,99,99,99,99,99,73,99,0,62,0,0,0,18,0,99,2,0,98,61,99,99,99,99,99,0,39,0,0,0,42,27,99,0,1,66,99,99,99,99,99,99,0,39,0,0,0,58,3,99,1,29,99,90,99,99,99,58,94,0,0,0,0,0,90,16,89,2,0,99,99,99,99,99,57,99,0,62,0,73,0,26,4,99,2,0,99,99,99,99,50,50,50,50,5,15,35,0,0,0,49,24,68,66,76,32,79,82,71,89,32,32
97,43,17,35,99,56,0,0,0,0,0,0,62,20,83,34,0,97,23,17,35,99,40,0,0,0,0,0,0,61,8,46,14,0,97,24,17,35,99,40,0,0,0,0,0,0,59,8,70,2,0,92,31,53,82,99,50,0,0,0,0,0,0,56,4,99,2,0,97,87,18,35,99,0,0,0,0,0,0,0,58,8,86,7,0,93,75,54,82,99,0,0,0,0,0,0,0,59,16,95,6,0,99,99,99,99,51,50,50,50,1,8,35,0,0,0,49,12,70,109,82,104,111,100,101,115,49,56
37,54,30,25,99,84,83,0,43,19,14,3,89,0,57,22,0,30,60,29,25,99,90,90,0,45,6,14,3,104,0,71,4,0,28,53,38,14,99,74,98,0,45,0,19,0,24,0,80,4,0,24,33,60,22,99,99,99,0,0,0,0,0,82,8,99,4,1,94,45,37,25,99,95,93,0,51,14,8,2,112,0,85,4,0,97,42,71,28,99,99,99,0,0,0,0,0,2,8,99,1,0,84,71,66,60,54,49,50,50,8,6,35,25,50,0,16,12,66,108,117,101,83,119,111,114,100,32
87,65,14,31,99,84,0,0,32,0,0,4,88,4,65,18,51,75,28,21,35,99,92,0,0,42,0,19,0,32,8,99,0,52,95,38,25,47,99,92,0,0,35,0,0,3,88,8,99,1,34,87,65,14,31,99,84,0,0,32,0,0,4,48,4,70,18,0,75,28,21,35,99,92,0,0,42,0,19,0,72,8,99,0,1,95,38,25,37,99,92,0,0,35,0,0,3,88,12,99,1,10,94,3,95,60,50,50,50,50,2,12,60,0,6,0,72,24,87,77,51,32,77,97,106,53,116,104
90,52,25,25,99,99,98,0,7,0,0,0,58,0,71,1,36,73,49,20,30,99,99,99,0,39,88,0,0,59,0,85,1,38,97,41,13,30,99,81,0,0,51,99,0,2,59,16,64,18,0,95,27,20,33,99,80,0,0,36,36,0,0,115,16,94,2,0,95,99,0,21,99,99,75,0,0,0,0,0,59,12,76,4,0,96,23,25,29,99,75,0,0,0,0,0,0,59,16,95,2,0,0,0,1,0,50,50,50,50,15,0,34,33,0,0,22,24,77,69,82,77,65,73,68,83,32,32
76,70,14,35,99,66,0,0,32,0,0,4,88,0,67,18,0,65,32,21,39,99,78,0,0,42,0,19,0,24,8,99,0,0,84,43,25,51,99,97,0,0,35,0,0,3,56,8,93,1,0,76,69,14,35,99,66,0,0,32,0,0,4,48,4,70,18,0,65,32,21,39,99,78,0,0,42,0,19,0,72,8,99,0,1,84,43,25,51,99,97,0,0,35,0,0,3,56,8,94,1,0,94,3,95,60,50,50,50,50,2,2,40,0,6,0,72,36,88,97,110,97,100,117,50,32,32,32
75,76,10,32,99,91,0,0,0,0,0,0,96,28,92,8,0,78,73,10,28,99,92,0,0,0,0,0,0,40,0,68,12,0,64,71,10,76,99,99,98,0,41,56,0,2,32,0,66,4,0,57,56,38,47,99,88,99,0,56,91,69,3,80,0,99,4,0,99,71,35,51,82,92,87,0,60,3,0,3,56,0,82,4,0,52,30,25,43,99,92,90,0,39,0,39,3,56,0,99,4,1,99,86,98,98,52,48,50,50,14,15,30,35,14,0,27,12,83,116,114,105,110,103,70,108,101,120
99,65,0,0,78,0,0,0,0,0,0,0,56,16,99,35,0,99,79,55,0,96,0,0,0,0,0,0,0,56,8,79,6,15,90,88,60,74,82,48,0,0,53,0,14,0,56,12,78,7,20,95,70,49,76,99,92,0,0,0,0,0,0,59,8,99,2,1,89,82,70,0,99,48,0,0,53,0,14,0,56,12,84,8,10,95,60,44,50,99,92,0,0,0,0,0,0,58,8,99,1,0,99,99,99,99,50,50,50,50,6,8,34,33,0,0,24,48,67,72,73,80,83,32,50,32,32,32
99,61,55,29,99,90,0,0,2,0,0,10,2,0,70,5,7,99,61,50,47,99,90,0,0,2,0,0,10,58,0,99,0,99,98,13,71,27,99,0,32,0,2,0,0,10,42,0,75,4,75,95,33,71,24,99,0,32,0,2,0,0,10,18,0,99,2,0,98,13,71,27,99,0,32,0,2,0,0,10,82,0,78,4,75,95,34,71,24,99,0,32,0,2,0,0,10,74,0,95,2,0,67,95,95,61,50,50,50,50,4,7,35,0,0,0,18,12,70,111,114,109,97,110,116,32,32,32
95,29,20,50,99,95,0,0,41,0,19,0,115,24,87,2,0,95,20,20,50,99,95,0,0,0,0,0,0,3,0,99,2,0,95,29,20,50,99,95,0,0,0,0,0,0,59,24,89,2,0,95,20,20,50,99,95,0,0,0,0,0,0,59,8,99,2,0,95,50,35,78,99,75,0,0,39,54,0,3,59,24,63,28,0,96,25,25,67,99,75,0,0,0,0,0,0,83,8,99,2,0,94,67,95,60,50,50,50,50,4,6,25,6,3,0,56,24,69,46,45,80,73,65,78,79,32,32
99,40,71,53,99,99,68,0,0,0,0,0,56,4,99,4,0,88,44,78,56,99,99,83,0,39,0,0,0,48,20,69,2,0,80,80,39,99,99,64,0,0,36,60,15,12,60,24,72,8,32,90,99,99,99,99,99,99,0,0,0,0,0,32,8,75,2,0,90,99,99,99,99,99,99,0,42,25,0,3,16,8,75,2,0,82,99,99,85,99,99,99,0,0,0,0,0,56,0,99,1,38,99,99,99,99,50,50,50,50,15,15,45,0,0,0,49,24,77,97,103,105,99,32,79,114,103,50
99,80,22,90,99,99,99,0,0,0,0,0,56,0,96,2,50,94,80,22,90,99,99,99,0,0,0,0,0,56,0,96,2,0,94,80,22,90,99,99,99,0,0,0,0,0,96,0,96,0,0,91,80,54,82,99,99,99,0,0,0,0,0,88,0,96,2,50,94,20,22,90,99,99,97,0,0,0,10,0,8,0,99,2,1,94,80,22,90,99,99,99,0,0,0,0,0,40,0,99,0,0,75,80,75,60,50,50,50,50,31,1,9,98,13,38,24,24,72,65,77,77,79,78,68,50,32,32
95,48,28,24,94,79,0,0,64,99,0,2,64,8,82,2,0,95,35,23,28,99,70,0,0,52,0,35,3,60,8,60,52,0,74,99,23,43,81,99,0,0,50,14,0,3,3,8,99,2,0,95,50,29,10,99,99,0,0,58,0,37,0,11,0,60,6,0,95,46,16,12,99,99,0,0,52,8,0,3,43,4,80,0,0,45,95,20,40,65,99,0,0,87,0,0,4,117,8,98,1,32,99,99,99,99,50,50,50,50,9,13,35,0,0,0,49,24,78,73,71,72,84,76,73,71,72,84
99,99,99,99,99,80,80,0,99,0,30,0,112,0,99,2,0,99,78,99,99,99,0,0,0,0,0,0,0,56,0,99,2,0,99,60,99,99,99,0,0,0,0,0,0,0,0,0,58,4,50,99,60,99,99,99,0,0,0,0,0,0,0,56,0,99,4,50,99,99,99,99,99,99,99,0,42,2,6,3,56,0,78,0,0,99,99,99,99,99,99,99,0,0,0,0,15,112,0,99,0,0,99,99,99,99,50,50,50,50,4,14,35,6,5,0,9,24,69,46,79,82,71,65,78,32,50,32
74,71,18,67,93,94,0,0,0,0,0,0,61,0,88,22,0,81,27,20,67,99,96,93,97,0,0,0,0,84,24,87,6,0,69,21,14,67,99,46,0,0,38,0,32,0,46,8,90,14,0,80,27,14,67,99,27,75,0,0,0,0,0,116,24,99,1,21,90,32,28,99,99,90,3,0,0,0,0,0,67,24,99,2,0,82,27,17,67,99,94,95,0,0,0,0,0,53,0,96,8,0,99,99,99,99,50,50,50,50,6,14,44,0,0,0,49,12,80,79,87,69,82,67,76,65,86,32
99,39,21,11,99,99,99,0,0,0,0,0,56,0,67,45,99,99,42,22,13,99,99,0,0,0,0,0,0,56,0,59,61,92,99,44,23,20,99,99,99,0,0,0,0,0,56,4,54,7,39,45,99,35,32,85,99,99,99,0,0,0,0,57,0,66,21,82,87,99,51,53,91,99,0,0,0,0,0,0,56,0,97,61,65,57,99,52,80,96,99,0,0,0,0,0,0,60,24,99,31,96,99,75,64,99,50,50,50,50,17,15,87,0,99,99,66,24,77,97,114,97,99,97,115,32,49,32
77,56,20,70,99,0,0,0,0,0,0,0,63,0,84,14,21,48,55,22,50,98,61,62,0,0,0,0,0,48,1,70,6,6,66,34,22,50,99,65,62,0,0,0,0,0,56,21,73,2,0,46,35,17,56,99,86,91,0,35,0,16,0,114,12,78,2,0,45,34,50,64,99,97,95,0,0,0,0,0,114,9,82,2,0,57,24,19,60,99,86,92,0,0,0,0,0,58,0,93,2,0,94,67,95,60,53,50,50,50,17,15,38,0,0,0,48,12,84,114,111,109,98,111,110,101,32,92
11,0,0,0,99,95,76,0,0,0,20,0,115,8,99,2,0,95,20,79,34,99,95,0,0,0,0,0,0,33,16,99,2,0,95,29,21,20,99,95,66,0,0,0,0,0,91,20,99,2,0,95,20,20,34,99,95,0,0,0,0,0,0,3,12,99,2,0,76,50,28,35,99,75,34,0,27,10,57,4,3,28,19,26,0,0,25,47,35,99,75,33,0,0,0,0,0,83,16,88,1,0,0,0,0,98,51,50,50,50,4,5,34,0,2,0,57,24,75,69,89,83,89,78,84,83,45,65
57,247
240,67,0,9,32,0
99,60,40,49,99,95,0,0,49,0,0,0,56,0,78,7,46,99,60,35,49,99,95,0,0,49,0,0,0,40,0,87,7,46,99,60,32,49,99,95,0,0,49,0,0,0,56,0,83,7,16,90,7,3,7,99,94,0,0,49,0,0,0,59,0,56,6,49,99,49,38,28,99,94,0,0,49,0,0,0,59,0,80,2,27,99,27,53,43,99,91,0,0,49,0,0,0,56,0,99,2,0,99,58,45,24,50,48,92,50,2,8,35,0,0,0,49,24,70,76,69,88,73,32,32,32,32,52
90,35,20,54,99,80,0,0,0,0,0,0,58,8,71,2,43,25,35,20,40,99,80,0,0,0,0,0,0,58,0,97,2,43,18,10,0,30,99,80,0,0,0,0,0,0,58,2,95,12,0,21,30,0,22,99,26,0,0,0,0,0,0,58,8,97,0,91,90,17,0,27,99,86,0,0,0,0,0,0,58,16,89,0,90,98,29,0,28,99,80,57,0,0,0,0,0,58,24,99,0,91,94,67,95,60,50,50,50,50,4,6,70,32,99,96,52,21,83,72,73,77,77,69,82,32,51,32
75,28,16,20,90,99,94,0,0,0,17,0,8,0,99,6,0,75,75,17,20,90,99,95,0,0,0,0,0,112,0,57,2,0,75,28,16,20,90,99,94,0,0,0,0,0,8,0,70,2,0,60,40,23,38,99,97,94,0,0,0,0,0,56,0,99,2,0,62,35,9,20,94,99,94,0,24,0,5,0,112,0,82,2,0,71,99,99,38,99,99,99,0,0,0,0,0,104,0,99,2,0,0,0,0,0,50,50,50,50,8,14,23,0,11,0,33,24,65,110,108,103,83,121,110,46,50,54
90,52,25,54,99,99,99,0,7,0,0,0,58,28,99,0,0,98,10,6,62,98,99,99,0,0,0,0,0,112,3,54,10,16,98,14,7,64,99,99,99,0,0,0,0,0,56,2,60,0,0,99,16,14,64,99,99,98,0,36,0,0,0,56,1,76,0,0,95,0,25,54,99,99,99,0,39,0,53,0,59,1,90,0,0,64,11,7,65,99,99,99,0,0,0,0,0,0,3,99,2,0,94,67,95,60,50,50,50,50,17,7,36,56,71,15,25,36,83,97,120,32,109,101,100,54,98,99
98,49,98,44,99,83,98,0,32,99,19,1,98,0,92,6,0,87,77,79,33,41,98,90,0,32,0,0,0,45,0,99,0,0,99,49,99,44,99,83,98,0,48,0,0,0,50,0,76,4,0,87,77,79,33,41,98,90,0,32,0,0,1,59,0,95,0,0,99,31,0,0,99,0,0,0,32,0,0,0,88,0,90,0,0,99,0,12,70,99,99,99,0,32,0,0,0,65,0,95,0,0,0,0,0,0,50,50,50,50,13,10,33,42,4,99,64,24,72,69,65,86,89,77,69,84,65,76
95,48,28,24,94,79,0,0,60,54,0,1,71,12,92,6,0,95,35,23,28,99,70,0,0,52,0,35,3,92,16,79,6,0,74,99,23,39,81,99,0,0,0,0,0,0,27,20,99,2,0,95,61,53,10,99,89,77,0,58,0,37,0,9,0,99,4,0,94,46,40,12,99,99,72,0,99,8,0,3,43,0,73,4,0,34,95,13,37,67,99,43,0,60,0,0,0,101,20,99,2,0,94,67,95,60,50,50,50,50,3,6,16,0,0,99,7,36,78,117,65,103,101,68,101,108,121,115
38,62,85,73,99,28,0,0,36,51,11,1,112,0,85,4,11,99,50,78,50,99,21,11,0,48,99,99,6,112,0,94,2,0,99,75,79,85,99,26,18,0,36,51,0,1,56,0,77,0,11,99,99,35,37,99,99,80,0,48,99,99,6,56,0,93,0,0,99,63,85,73,99,28,0,0,36,51,32,1,0,0,86,12,11,99,9,34,57,98,99,90,0,48,0,99,15,0,0,99,2,0,78,77,99,99,52,50,50,50,17,0,45,0,0,0,48,24,68,105,103,105,116,97,108,46,68,32
99,99,99,9,99,99,99,0,0,0,0,0,56,4,74,2,0,99,99,99,17,99,99,99,0,0,0,0,0,56,0,71,2,0,99,99,99,23,99,99,99,0,0,0,0,0,56,4,74,2,0,99,34,99,35,99,0,0,0,0,0,0,0,56,8,99,1,0,49,29,14,28,99,0,0,0,0,0,0,0,112,4,79,2,0,99,17,99,35,99,0,0,0,0,0,0,0,56,8,99,1,23,99,99,99,99,50,50,50,50,1,7,35,0,0,0,49,12,66,82,46,65,78,65,76,79,71,49
99,99,99,47,99,99,99,0,0,0,0,0,56,0,72,50,0,99,99,99,47,99,99,99,0,0,0,0,0,56,0,85,2,1,99,99,99,47,99,99,99,0,0,0,0,0,0,0,90,2,0,99,99,99,47,99,99,99,0,0,0,0,0,56,0,78,2,1,99,99,99,47,99,99,99,0,0,0,0,0,56,0,99,18,1,99,99,99,47,99,99,99,0,0,0,0,0,56,0,99,2,0,57,60,99,68,50,60,60,0,9,8,35,0,0,0,49,12,83,79,85,82,66,76,65,68,69,83
64,59,31,9,94,92,91,0,47,0,0,3,80,8,91,0,1,99,31,2,99,99,0,0,0,0,0,0,0,56,4,99,2,0,76,99,30,57,0,99,0,0,0,0,0,0,57,4,99,0,0,38,88,94,19,83,81,99,70,30,99,99,14,61,0,96,0,1,89,49,99,28,91,80,88,85,39,4,65,4,100,0,73,2,51,76,99,9,32,0,99,0,12,0,0,0,0,57,12,99,0,0,44,17,56,0,51,51,50,50,18,13,1,0,1,2,25,24,82,101,118,101,114,98,32,32,32,32
60,45,29,0,99,91,70,0,46,14,20,0,78,0,65,40,0,99,38,20,0,99,96,37,0,46,6,78,15,73,4,92,2,0,70,17,26,21,99,99,99,0,46,2,0,12,79,20,97,2,0,60,45,29,0,99,91,48,0,46,14,42,0,47,0,65,40,0,99,38,20,0,99,96,99,0,46,6,7,3,41,4,92,2,0,70,17,26,19,99,99,99,0,46,2,0,12,47,20,97,1,24,99,0,0,99,50,50,50,50,2,7,35,46,44,3,17,12,83,80,79,84,78,73,75,83,32,32
95,29,20,50,99,95,0,0,39,99,99,11,91,28,85,2,0,95,20,20,44,99,95,0,0,39,0,40,4,27,8,99,2,0,95,84,20,35,99,0,0,46,39,0,0,9,59,20,99,16,0,96,25,25,49,99,75,0,0,39,0,0,7,59,0,99,2,0,99,46,35,35,80,75,55,0,39,99,99,8,60,28,99,52,0,96,25,25,49,99,75,0,0,39,0,0,7,59,8,99,2,0,94,67,95,60,50,50,50,50,4,1,22,0,9,0,49,24,68,89,78,79,32,77,89,84,69,32
99,49,28,12,91,82,0,0,0,0,0,0,59,12,72,5,60,99,40,38,0,91,82,0,0,0,0,0,0,59,8,66,8,33,99,56,50,21,91,83,0,0,0,0,0,0,115,12,98,4,0,46,30,35,42,99,92,0,0,0,0,0,0,59,20,99,2,0,99,19,20,9,99,87,0,0,57,0,71,2,58,16,67,2,70,99,40,33,38,99,92,0,0,0,0,0,15,60,16,99,0,0,50,50,50,50,50,50,50,50,14,15,25,0,10,99,40,36,83,84,69,69,76,32,68,82,85,77
99,99,99,99,99,99,99,0,39,99,99,12,0,0,99,12,0,99,99,99,99,99,99,99,0,67,99,99,12,112,0,99,39,99,99,54,99,99,99,0,0,0,99,0,0,0,0,0,50,53,39,93,86,99,99,99,99,0,0,53,44,0,3,112,0,91,0,0,87,67,99,99,99,99,0,0,42,99,0,3,63,0,99,0,0,75,32,99,99,99,0,0,0,42,99,0,3,21,0,99,0,0,99,87,50,99,50,0,0,50,17,12,35,0,0,0,49,24,65,78,65,76,79,71,32,75,73,84
71,41,23,43,99,95,0,0,41,0,21,0,14,12,93,4,1,99,35,21,51,99,95,0,0,0,0,0,0,43,12,99,2,0,72,29,21,41,99,95,0,0,36,0,9,0,59,12,93,2,1,99,20,21,49,99,95,0,0,0,0,0,0,43,4,99,1,25,71,52,29,50,99,94,0,0,23,0,9,0,4,12,95,4,0,99,18,21,52,99,75,0,0,0,0,0,0,67,12,99,2,0,94,67,95,60,50,50,50,50,4,0,34,33,0,0,56,12,83,85,80,69,82,84,82,65,77,80
45,71,17,45,82,92,62,0,39,0,12,0,59,0,83,2,0,45,24,20,45,99,85,70,0,49,0,0,0,59,0,99,2,0,45,19,20,40,99,92,80,0,48,0,40,0,25,0,84,4,75,30,45,30,40,99,85,90,0,56,0,97,0,96,0,99,2,0,45,71,17,40,82,92,80,0,48,0,40,0,89,0,83,4,75,45,24,20,40,99,85,85,0,49,0,0,0,9,0,99,2,0,94,67,95,60,50,50,50,50,4,15,30,0,1,0,32,24,83,84,71,45,84,85,66,32,70,49
42,78,28,18,99,99,55,0,0,0,0,0,48,16,54,8,12,40,78,76,9,99,99,99,0,0,0,0,0,40,8,80,2,0,44,78,76,29,99,99,99,0,0,0,0,0,0,8,99,1,1,28,71,84,7,99,99,99,0,39,0,14,0,88,11,69,4,0,38,81,84,16,99,99,99,0,49,18,0,3,72,7,71,4,0,39,78,76,30,99,99,99,0,0,0,0,0,56,8,99,1,9,99,99,99,99,50,50,50,50,3,0,22,16,0,0,40,12,68,110,97,45,82,117,110,49,32,32
90,42,6,43,90,30,0,0,39,0,0,0,61,4,95,10,0,88,96,21,30,83,65,0,0,39,0,0,0,59,4,99,6,0,99,20,0,24,99,0,0,0,39,0,0,0,59,0,85,0,0,95,62,17,47,99,95,32,0,0,99,0,3,2,0,99,0,0,95,79,32,44,99,99,0,0,48,0,0,0,114,3,90,0,0,95,62,17,46,99,95,32,0,0,63,0,3,90,3,99,0,0,50,50,50,50,50,50,50,50,8,13,15,19,0,0,40,24,62,32,70,77,46,66,65,83,83,32
99,30,20,40,99,70,95,0,0,0,0,0,56,8,99,2,0,99,99,99,45,99,99,99,0,0,0,0,0,56,0,90,2,0,30,25,99,25,99,80,80,0,0,0,0,0,56,4,99,28,0,95,99,99,39,99,99,99,0,0,0,0,0,56,0,99,4,80,99,99,99,30,99,99,99,0,0,0,0,0,56,0,95,4,6,90,99,99,40,99,99,99,0,0,0,0,0,56,4,85,2,0,99,99,99,99,50,50,50,50,4,4,80,0,10,0,26,24,83,79,85,70,70,76,69,50,68,88
99,99,99,36,99,99,99,0,0,0,0,0,48,0,69,2,0,99,99,99,35,99,99,99,0,0,0,0,0,64,0,50,2,0,99,99,99,46,99,99,99,0,0,0,0,0,80,0,57,2,1,40,31,48,35,55,99,81,0,0,0,0,0,56,0,99,2,0,99,99,99,99,99,99,99,0,0,0,0,0,112,3,61,24,0,39,48,57,50,99,48,97,0,62,22,0,8,72,3,69,32,0,99,99,99,99,50,50,50,50,0,8,38,86,0,99,11,24,83,112,97,99,101,77,117,115,105,99
99,43,50,36,99,99,99,0,33,5,62,3,24,0,76,8,0,99,50,55,26,99,95,92,0,38,7,44,3,58,0,67,16,0,62,30,0,27,99,98,90,0,46,6,13,3,19,0,78,4,0,25,7,17,29,99,97,0,0,50,0,0,0,84,8,90,4,0,77,12,7,23,99,98,97,0,39,4,6,3,33,0,78,4,1,27,11,17,32,99,97,0,0,50,0,0,0,4,8,87,1,21,87,94,0,0,47,51,50,50,1,7,35,0,18,0,25,12,77,117,115,104,83,116,114,105,110,103
75,49,32,36,99,95,0,0,35,13,27,3,51,16,78,12,0,82,56,13,39,99,92,0,0,48,2,6,3,42,8,78,2,0,99,32,24,47,99,90,0,0,35,99,0,3,106,12,99,2,0,88,60,25,69,90,77,0,78,21,19,17,3,68,20,99,12,1,98,71,24,42,89,88,0,72,21,10,10,3,90,4,89,2,1,99,33,20,54,99,94,0,0,29,99,0,3,25,12,99,2,0,94,67,95,60,50,50,50,50,2,8,35,0,0,0,16,12,75,117,114,122,119,101,105,108,51,32
99,72,20,20,89,48,0,0,54,0,0,0,57,0,99,11,45,99,95,61,75,99,92,0,0,0,0,0,0,57,0,99,7,38,99,72,20,20,89,48,0,0,54,0,0,0,57,0,99,11,54,99,95,61,75,99,92,0,0,0,0,0,0,57,0,99,31,38,99,72,20,20,89,48,0,0,54,0,0,0,57,0,99,11,54,99,95,61,75,99,92,0,0,0,0,0,0,57,16,99,7,38,94,67,95,60,50,50,50,50,5,10,0,0,0,0,117,36,67,108,97,118,101,115,32,32,32,32
99,57,99,75,99,0,0,0,39,53,20,0,112,27,99,24,14,81,87,22,75,99,92,0,0,0,0,15,0,100,28,99,6,0,81,87,22,75,99,92,0,0,0,0,14,0,76,16,99,10,1,78,87,31,42,99,92,10,0,34,9,0,0,83,4,99,2,0,91,25,41,60,99,86,74,0,43,60,99,10,58,4,55,40,0,99,99,34,70,99,99,1,0,0,0,0,0,28,4,99,0,1,75,80,75,60,50,50,50,50,14,7,35,0,1,3,56,24,83,84,69,69,76,32,75,69,89,32
99,84,26,31,99,86,85,0,3,0,0,8,56,0,99,17,67,99,99,26,37,99,99,99,0,80,0,0,7,16,0,99,21,0,99,98,17,49,99,84,84,0,80,0,0,7,80,0,99,31,37,99,59,99,61,99,0,81,0,0,0,0,4,16,3,99,21,66,99,45,20,0,99,99,0,0,41,0,0,4,80,0,99,47,71,99,51,33,48,99,0,0,0,69,99,0,12,56,0,99,1,0,98,98,98,98,50,50,50,50,6,15,74,0,0,99,3,24,84,89,80,69,87,82,73,84,69,82
89,99,54,28,60,96,0,0,32,0,0,0,59,16,75,62,38,99,80,24,39,99,89,66,0,40,6,9,3,56,4,81,24,0,57,99,18,28,88,99,0,0,29,0,0,0,60,20,75,2,1,66,99,66,52,70,93,0,0,43,0,0,12,59,28,99,16,8,99,78,57,50,80,99,60,0,29,0,0,0,59,28,85,4,99,52,99,35,44,64,99,0,0,0,0,0,0,60,28,99,4,0,99,99,99,99,50,50,50,50,7,12,37,0,3,0,33,12,84,104,117,109,98,112,105,99,107,50
99,99,99,99,99,99,99,0,0,0,0,0,56,0,57,0,0,99,99,99,99,99,99,99,0,0,0,0,0,56,0,67,2,0,99,99,99,99,99,99,99,0,0,0,0,0,56,0,99,0,0,99,99,99,99,99,99,99,0,0,0,0,0,56,0,79,2,0,99,99,99,99,99,99,99,0,0,0,0,0,56,0,87,2,0,99,99,99,99,99,99,99,0,0,0,0,0,56,0,99,2,0,99,99,99,99,50,50,50,50,14,14,35,0,0,0,49,24,80,79,76,89,46,83,89,78,32,50
99,90,34,44,99,78,11,0,31,99,0,3,3,4,99,20,0,99,28,37,41,99,85,0,0,46,0,0,0,42,16,91,4,0,99,42,21,44,99,78,11,0,46,0,0,0,91,16,82,6,0,99,26,29,41,99,85,0,0,0,0,0,0,108,4,99,2,0,99,90,34,44,99,78,11,0,46,0,0,0,99,8,99,20,0,99,28,37,41,99,85,0,0,0,0,0,0,99,12,94,4,0,99,67,95,60,50,50,50,50,4,8,34,82,0,99,40,12,78,73,67,69,32,77,73,75,69,32
72,76,10,32,99,92,0,0,0,0,0,0,56,0,0,16,0,76,73,10,28,99,92,0,0,0,0,0,0,56,0,0,4,0,49,74,10,32,98,98,36,0,98,0,0,0,56,0,76,4,0,57,15,10,47,99,92,0,0,0,0,0,0,104,0,99,4,0,81,13,7,25,99,92,28,0,0,0,0,0,8,0,74,4,0,56,56,10,47,98,98,36,0,98,0,0,0,56,0,99,4,0,84,95,95,60,50,50,50,50,4,15,30,81,8,0,40,0,77,69,82,73,78,71,85,69,32,32
99,78,32,99,99,80,40,80,99,0,0,0,61,4,90,24,0,99,45,26,99,99,85,80,90,0,0,10,0,56,12,50,18,0,99,99,70,99,99,98,0,0,0,0,0,0,69,4,85,5,22,21,80,20,99,0,99,50,0,0,0,10,0,60,12,93,2,0,90,70,25,99,99,60,0,0,0,0,0,0,52,4,99,1,31,65,40,16,60,99,90,0,0,0,0,3,0,61,12,99,2,0,99,99,99,99,50,50,50,50,16,2,6,0,0,0,1,24,84,45,69,46,80,105,97,110,111,50
51,22,99,39,90,45,0,0,0,0,0,0,40,19,89,2,0,92,26,99,39,99,57,0,0,0,0,0,0,75,23,99,0,0,91,40,99,38,99,51,0,0,0,0,0,0,72,15,98,2,0,58,32,99,38,99,24,0,0,0,0,0,0,0,15,93,2,0,38,95,29,37,65,99,0,0,0,0,0,0,114,0,99,4,0,97,34,99,40,99,14,0,0,0,0,0,0,2,0,99,4,0,99,99,99,99,51,50,50,50,28,15,30,58,16,0,33,24,76,101,98,97,110,110,111,110,32,32
18,47,48,21,99,99,99,0,0,0,0,0,56,0,73,1,46,85,45,45,14,49,50,50,0,0,0,0,0,56,0,89,18,0,32,49,46,29,99,99,99,0,0,0,0,0,56,0,94,4,0,19,45,45,14,49,50,50,0,0,0,0,0,24,0,0,2,0,33,45,45,14,49,50,50,0,0,0,0,0,88,0,0,2,0,62,21,46,29,99,99,99,0,0,0,0,0,56,0,99,2,0,99,99,99,99,50,50,50,50,2,0,35,0,0,0,49,24,71,108,105,100,101,32,32,32,32,32
60,247
240,67,0,9,32,0
92,64,24,70,35,99,82,20,39,0,10,0,59,4,92,2,0,44,33,16,99,99,92,94,0,51,15,0,0,60,9,82,2,0,52,99,35,99,99,99,95,0,39,0,0,7,59,0,99,2,0,99,99,37,70,99,99,27,20,43,31,0,3,56,0,72,4,63,99,32,35,99,99,83,78,0,27,0,0,0,56,0,90,2,0,54,99,42,99,99,99,83,0,39,38,0,12,59,20,91,2,0,82,99,99,99,52,50,50,50,3,12,40,68,13,32,24,24,39,65,108,116,111,83,120,39,72,77
99,44,59,50,99,96,0,0,0,0,0,0,60,0,99,42,7,99,44,59,50,99,96,0,0,0,0,0,0,83,20,99,10,99,99,54,71,55,99,94,0,0,0,0,9,0,27,8,99,1,0,89,54,37,40,99,96,0,0,0,0,0,0,3,4,99,0,0,99,54,37,39,99,96,0,0,0,0,0,0,57,28,99,0,0,89,54,37,39,99,96,0,0,0,0,0,0,57,0,99,6,0,0,0,1,0,50,50,50,50,27,15,35,0,0,0,113,24,76,73,79,78,32,87,65,76,75,32
69,64,45,56,83,42,0,69,35,0,35,0,119,0,95,18,0,75,25,14,41,99,94,0,35,0,0,0,0,45,16,64,2,0,85,32,35,82,99,96,0,81,38,0,60,0,46,4,79,4,0,58,26,15,40,90,80,53,63,42,0,15,0,61,4,82,2,0,58,26,15,53,90,80,53,63,32,0,32,0,100,8,84,2,0,88,32,17,54,99,93,0,0,0,0,9,0,39,4,99,2,0,99,99,99,99,50,50,50,50,16,7,23,0,0,0,49,12,78,69,87,66,65,83,83,45,48,50
99,84,22,36,99,96,39,0,51,0,99,0,56,3,99,2,50,99,84,22,36,99,96,39,0,0,0,0,0,56,0,99,2,0,99,84,22,36,99,96,39,0,0,0,0,0,56,0,99,2,0,99,84,22,36,99,96,39,0,51,0,99,0,112,3,99,2,50,99,84,22,36,99,96,39,0,0,0,0,0,112,0,99,2,0,99,84,22,36,99,96,39,0,0,0,0,0,112,0,99,2,0,99,99,99,99,50,50,50,50,3,8,33,0,0,99,11,24,83,45,72,32,90,73,66,66,76,69
92,86,99,99,99,0,0,0,42,0,0,0,58,11,99,14,79,99,78,36,89,99,62,0,99,39,12,56,12,56,24,68,39,67,99,68,17,57,99,90,0,0,46,0,44,0,8,8,90,2,0,97,50,17,61,99,98,0,0,0,0,0,0,58,7,99,9,21,99,68,17,90,99,87,0,94,39,0,8,0,50,8,95,2,0,97,50,17,67,99,98,0,0,0,0,0,0,58,7,99,1,1,99,99,99,99,50,50,50,50,27,6,35,0,0,0,1,12,69,46,80,78,79,32,49,51,46,50
79,38,0,39,99,39,0,0,0,0,0,0,112,0,99,2,0,99,59,19,18,99,69,8,0,0,0,0,0,56,0,70,22,0,99,29,18,38,99,49,0,0,0,0,0,0,58,16,90,6,17,59,29,19,32,99,60,0,0,0,0,0,0,88,0,99,0,0,99,57,99,99,99,59,0,99,0,0,0,0,59,12,99,8,0,79,38,0,39,99,39,0,0,0,0,0,0,0,0,99,2,0,99,99,99,99,50,50,50,50,27,15,35,0,0,0,49,24,70,97,105,114,121,108,97,110,100,32
99,69,58,39,99,48,99,0,0,0,0,0,56,0,99,0,0,79,0,29,18,99,59,9,0,0,0,0,0,106,12,88,2,0,49,18,0,29,99,39,9,0,0,0,0,0,56,0,70,1,67,48,29,0,39,99,19,0,0,43,99,0,0,72,0,99,2,0,99,48,39,29,99,49,0,0,0,0,0,0,56,0,60,20,0,68,49,59,39,99,39,0,0,0,0,0,0,16,0,99,4,0,99,99,99,99,50,50,50,50,27,14,35,0,0,0,49,24,71,108,97,115,115,66,114,97,115,115
49,99,28,68,98,98,91,0,39,54,50,5,60,8,63,2,0,77,36,41,71,99,98,98,0,39,0,0,15,64,8,98,2,0,77,36,41,71,99,98,98,0,39,0,0,15,56,8,99,2,0,77,76,82,71,99,98,98,0,39,0,0,15,40,8,99,2,0,69,51,29,71,82,95,96,0,27,0,7,7,112,0,84,2,0,72,76,99,71,99,88,96,0,39,0,14,15,112,0,98,2,0,84,95,95,60,50,50,50,50,21,15,37,0,5,0,56,24,66,82,65,83,83,32,32,32,32,32
99,99,69,99,99,99,83,0,28,46,24,15,72,8,84,4,0,67,99,99,68,99,99,99,0,0,0,0,0,96,8,95,4,0,99,99,74,99,99,99,68,0,57,99,0,10,48,8,96,2,0,67,64,99,68,71,99,99,0,0,0,0,0,0,8,99,0,0,99,99,74,99,99,99,90,0,50,99,60,3,56,8,80,0,0,67,99,99,68,99,99,99,0,0,0,0,0,56,8,13,2,0,99,99,99,99,50,50,50,50,4,8,29,0,0,0,33,24,80,105,112,101,79,114,103,97,110,32
99,48,26,42,99,88,0,0,28,39,0,0,112,4,78,18,1,99,32,34,45,99,92,0,0,0,0,0,0,72,0,99,4,0,99,48,26,42,99,88,0,0,28,39,0,0,24,8,83,18,1,99,32,34,44,97,92,0,0,0,0,0,0,80,0,99,4,1,99,48,26,42,99,81,0,0,42,0,0,0,32,4,83,8,1,89,32,34,37,97,91,0,0,0,0,0,0,113,0,99,0,1,99,99,99,99,50,50,50,50,5,8,47,0,0,99,50,12,77,101,116,97,108,108,115,32,50,32
86,38,44,44,99,46,0,0,0,0,0,0,58,12,50,44,0,86,38,44,44,99,46,0,0,0,0,0,0,56,0,99,4,0,55,38,44,44,99,46,0,0,0,0,0,0,2,4,99,4,0,86,38,44,44,99,46,0,0,0,0,0,0,56,0,99,0,99,86,38,44,44,99,46,0,0,2,0,0,0,10,4,72,2,0,86,38,44,44,99,46,0,0,0,0,0,0,112,0,99,2,0,99,99,99,99,50,50,50,50,21,8,35,0,0,0,49,24,84,114,101,101,32,112,105,97,110,111
95,29,20,40,99,95,0,0,41,0,19,0,115,16,79,2,0,95,20,20,39,99,95,0,0,0,0,0,0,3,16,99,2,0,95,29,20,34,99,95,0,0,0,0,0,0,59,19,67,8,51,95,20,20,32,99,95,0,0,0,0,0,0,59,0,99,2,0,95,50,35,34,99,75,0,0,0,0,0,0,59,16,92,28,0,96,52,99,33,99,75,99,0,0,0,0,0,83,8,99,2,0,94,67,95,60,50,50,50,50,4,6,31,33,0,60,57,24,83,80,65,67,73,78,79,32,49,32
85,99,99,7,99,99,99,0,0,0,0,0,0,0,81,1,0,86,99,99,15,99,99,99,0,0,0,0,0,112,0,99,1,0,88,99,99,36,99,99,99,0,0,0,0,0,56,0,78,2,22,89,99,99,35,99,99,99,0,0,0,0,0,56,0,99,0,16,89,99,99,36,99,99,99,0,0,0,0,0,56,0,78,4,0,89,99,99,36,99,99,99,0,0,0,0,0,56,0,99,2,0,99,99,99,99,51,50,50,50,7,15,0,0,99,0,123,24,82,97,110,100,111,109,105,122,101,51
73,76,10,32,99,92,0,0,0,0,0,0,96,8,75,16,0,76,74,10,28,99,92,0,0,0,0,0,0,40,8,71,4,0,50,74,10,32,98,98,98,0,41,56,0,2,72,8,72,2,0,95,20,20,50,99,95,0,0,0,0,0,0,59,8,99,2,0,95,51,35,78,99,75,0,0,0,0,0,0,59,28,58,28,0,96,26,25,67,99,75,0,0,0,0,0,0,83,8,99,2,0,94,68,95,60,50,50,50,50,4,6,15,33,0,0,40,24,65,110,110,105,101,39,115,67,114,121
71,64,98,61,99,67,52,0,75,9,0,15,64,16,82,6,76,65,38,0,61,99,0,0,0,53,0,43,3,56,16,84,4,0,61,25,25,60,99,99,97,0,60,0,0,0,3,0,75,4,0,53,38,75,61,88,44,24,0,46,0,0,3,112,0,67,4,99,75,53,62,54,99,60,0,0,0,0,0,0,60,8,86,8,14,60,71,66,65,82,75,95,0,41,0,0,0,56,8,98,4,0,94,67,95,60,50,50,50,50,15,13,30,23,0,0,32,24,73,78,67,65,78,84,65,84,73,79
99,77,99,99,99,86,85,0,51,0,22,0,24,1,92,2,0,99,58,99,99,99,88,88,0,58,12,26,0,56,1,45,10,47,99,99,99,99,99,99,99,0,0,0,0,0,80,8,99,2,0,99,99,99,99,99,99,99,0,53,53,34,0,56,3,90,1,88,99,81,99,99,99,92,91,0,53,14,13,3,80,1,78,6,0,99,74,99,99,99,82,82,0,0,0,0,0,24,8,99,6,0,99,99,99,99,50,49,50,50,10,13,42,19,15,0,24,24,71,111,111,100,76,111,118,105,110,39
95,50,18,39,99,81,0,0,43,0,14,12,115,8,86,6,0,68,40,19,28,99,91,0,0,22,0,16,3,90,4,92,0,0,51,75,26,39,70,99,0,0,60,0,0,0,80,23,99,0,0,95,50,18,39,99,81,0,0,43,0,14,12,27,0,86,6,0,68,40,19,28,99,91,0,0,22,0,16,3,26,4,92,0,0,51,75,26,39,70,99,0,0,60,0,0,0,32,23,99,0,0,78,92,95,27,57,51,50,50,10,15,43,55,99,0,17,24,78,111,66,111,75,117,116,111,49,92
90,99,80,99,99,99,90,0,49,0,0,0,56,12,80,4,50,99,99,99,99,99,99,99,0,49,0,0,0,56,3,99,1,46,99,99,99,99,99,99,99,0,49,0,0,0,56,16,83,2,0,99,99,99,99,99,99,99,0,49,0,0,0,56,3,99,1,27,99,99,99,99,99,99,99,0,49,0,0,0,56,16,91,0,0,99,99,99,99,99,99,99,0,49,0,0,0,56,3,99,1,0,99,99,99,99,50,50,50,50,4,15,35,0,0,0,49,36,69,46,79,82,71,32,49,51,46,51
92,71,58,36,99,0,0,0,36,0,7,0,58,4,81,22,0,99,55,33,31,99,0,0,0,27,0,99,2,59,20,94,20,0,99,27,10,25,99,86,48,0,30,0,99,0,75,24,71,12,0,47,24,10,50,99,68,89,0,32,99,0,0,13,8,79,2,0,64,20,25,0,99,0,0,0,0,0,10,0,116,12,72,2,0,99,39,27,63,99,88,0,0,50,0,7,0,59,8,81,2,0,94,67,95,60,50,50,50,50,17,7,30,0,0,0,32,12,83,80,76,73,84,32,49,32,32,32
98,15,10,50,90,92,68,0,47,9,0,3,16,0,54,12,0,63,15,10,46,99,92,68,0,48,0,17,3,56,0,85,2,0,55,15,10,69,99,92,99,0,0,0,0,0,0,8,97,2,0,87,15,10,46,99,92,71,0,54,0,0,3,56,0,48,12,1,91,15,10,70,99,92,71,0,52,0,36,0,32,0,90,0,1,55,15,10,76,99,92,82,0,68,0,68,0,80,8,94,2,1,84,95,95,60,50,50,50,50,2,15,35,0,7,0,24,24,80,67,77,45,65,75,75,79,82,46
99,80,22,30,99,99,99,0,30,0,9,0,63,0,85,2,0,69,80,22,60,99,99,99,0,41,0,0,0,62,0,99,4,0,60,20,22,50,99,99,97,0,20,0,0,0,63,0,52,2,0,63,80,22,60,99,99,99,0,33,0,1,0,62,1,57,2,0,68,20,22,60,99,99,97,0,27,0,31,0,63,0,99,10,0,64,80,22,60,99,99,99,0,33,22,0,0,63,0,99,6,0,75,80,75,60,50,50,50,50,22,13,39,33,0,38,40,0,66,65,83,83,79,79,78,32,32,49
62,25,25,70,99,99,99,0,46,0,0,12,59,8,83,20,0,61,25,25,61,99,99,93,0,64,0,89,0,115,0,91,16,0,61,25,25,50,99,99,97,0,60,10,66,0,75,0,99,4,0,99,97,62,47,99,99,90,0,46,17,40,3,117,0,99,4,0,99,97,62,47,99,99,90,0,0,0,0,0,4,0,99,0,0,48,25,25,45,99,99,98,0,59,0,28,0,77,0,99,0,0,99,99,99,99,50,50,50,50,31,15,25,33,4,0,56,24,80,79,82,84,65,84,73,86,69,32
94,99,0,85,99,99,0,0,34,0,40,2,60,0,86,2,0,94,38,34,68,87,55,0,0,0,0,0,4,75,24,53,22,0,95,61,50,78,99,0,0,0,0,0,0,12,3,28,93,0,2,80,70,35,55,99,90,0,0,0,0,0,8,66,12,99,2,0,99,85,34,54,99,93,0,0,32,0,0,2,82,8,75,2,0,90,85,20,54,99,93,0,0,0,0,0,3,50,4,99,2,0,75,80,75,60,50,50,50,50,11,7,17,0,0,0,24,24,32,45,82,72,79,68,69,83,45,32
57,77,50,41,99,27,0,0,15,0,0,4,66,0,98,2,0,57,64,50,41,99,95,0,0,15,0,0,4,52,0,97,6,0,99,19,50,9,12,99,99,0,15,0,0,4,60,0,99,2,0,99,85,99,32,12,99,99,0,15,0,0,4,99,0,99,2,0,19,45,17,13,85,87,98,0,15,0,0,4,4,0,89,2,0,72,32,50,25,99,87,86,0,15,0,0,4,3,0,99,2,0,99,99,99,99,51,50,50,50,0,15,27,0,0,0,16,24,82,105,115,105,110,103,72,114,109,32
88,64,43,42,99,96,72,0,63,99,99,7,81,4,99,0,0,85,36,51,48,99,94,90,0,51,46,36,2,58,4,99,0,0,88,64,27,25,99,96,72,0,44,99,62,7,57,12,99,2,0,85,36,32,39,99,94,90,0,38,0,55,4,35,0,91,1,36,73,19,23,25,99,96,72,0,44,99,62,6,86,16,99,0,0,85,45,14,39,99,94,90,0,0,0,3,0,59,0,98,1,0,88,98,75,60,49,51,50,50,5,9,11,0,16,0,32,24,80,82,67,86,32,79,82,71,78,49
61,65,59,53,99,69,25,0,0,0,17,0,8,20,71,30,0,72,62,34,34,90,99,95,0,0,0,0,0,112,8,99,2,0,85,72,61,20,90,63,33,0,0,0,0,0,8,8,59,44,0,66,43,6,38,98,90,94,0,61,0,77,0,56,8,99,4,0,54,87,19,20,99,96,94,0,24,0,5,0,112,8,70,0,0,70,99,99,33,99,99,99,0,62,0,56,0,104,8,99,1,0,99,99,99,99,50,50,50,50,5,6,23,0,11,0,33,24,82,105,103,101,108,32,55,32,32,32
94,67,42,33,76,97,86,0,34,49,10,12,105,0,65,31,57,84,0,5,8,99,99,99,0,28,0,14,0,97,0,78,2,1,46,13,19,40,96,99,99,0,47,0,0,0,73,1,88,4,1,58,35,53,10,76,99,86,0,34,49,0,12,1,0,53,7,57,62,0,13,26,99,99,99,0,28,0,11,0,65,0,87,2,0,44,13,19,42,96,99,99,0,47,0,0,0,25,1,90,1,39,99,68,99,0,56,49,50,50,3,13,37,0,12,1,41,12,42,80,80,71,42,86,111,108,46,54
99,56,27,55,99,93,0,0,36,0,0,0,7,0,88,1,0,99,0,0,0,99,99,0,0,46,0,0,0,116,0,32,1,0,99,43,7,55,99,99,0,0,38,0,0,0,68,0,41,28,0,99,99,40,37,99,99,0,0,51,0,0,0,83,0,60,4,0,99,64,6,5,99,99,0,0,32,0,0,0,119,4,83,2,0,99,64,10,60,99,99,82,0,45,0,14,0,119,0,99,1,0,99,67,95,60,48,50,50,50,15,15,0,50,0,0,48,12,67,72,79,82,85,83,70,69,78,68
62,32,13,36,99,96,99,0,48,0,0,0,24,3,77,4,0,59,72,75,44,99,99,99,0,0,0,0,0,72,3,92,4,0,56,32,23,45,99,96,79,0,0,0,0,0,80,3,76,4,0,55,67,35,44,99,99,90,0,0,0,0,0,80,3,92,4,0,85,99,71,35,99,55,75,0,48,0,0,0,49,4,99,2,0,51,99,0,42,99,99,90,0,51,0,0,0,81,8,99,2,0,0,0,0,0,51,50,50,50,4,6,24,42,7,0,56,24,68,111,110,39,116,32,89,111,117,32
92,71,58,16,99,0,0,0,36,0,98,0,67,8,78,0,0,90,71,33,26,99,0,0,0,27,0,26,2,59,12,99,0,0,97,27,10,41,99,86,48,0,0,0,0,0,51,8,72,2,0,90,27,20,49,99,85,0,0,32,0,27,0,69,8,76,8,0,95,0,25,0,99,75,0,0,0,0,10,0,74,4,94,2,0,80,24,0,46,99,62,0,0,0,0,0,0,59,12,89,2,0,94,67,95,60,50,50,50,50,17,6,30,0,0,0,32,12,48,48,50,32,32,32,32,32,80,70
99,92,22,41,99,0,0,0,28,0,0,0,56,0,98,0,0,99,10,22,40,99,0,0,0,0,0,0,0,56,0,99,10,0,99,57,22,41,99,0,0,0,0,0,0,0,56,0,99,2,0,99,80,54,38,99,99,99,0,32,0,31,0,56,0,76,2,50,99,35,22,38,99,0,0,0,0,0,0,0,56,0,95,0,0,99,80,22,38,99,99,99,0,0,0,0,0,56,0,99,0,0,98,98,98,98,50,50,50,50,3,15,40,0,0,0,48,12,77,69,84,65,76,66,65,83,83,32
99,99,34,32,99,99,99,0,75,10,0,6,56,0,81,2,0,49,42,25,99,99,99,99,0,10,0,0,4,56,0,57,1,17,35,64,33,32,99,99,99,0,75,90,0,6,57,15,90,1,27,94,92,24,41,99,87,40,0,46,75,99,6,16,8,86,6,0,99,39,26,30,99,85,75,0,0,0,0,4,16,0,88,0,0,80,32,13,36,99,95,0,0,0,0,0,0,16,16,99,0,0,98,98,75,60,50,50,50,50,10,5,35,30,0,0,16,24,76,97,121,101,114,32,35,54,32,32
90,247
240,67,0,9,32,0
99,99,99,99,99,99,99,0,0,0,0,0,56,0,77,12,0,65,99,99,99,99,99,99,0,0,0,0,0,112,0,78,4,20,99,99,99,99,99,99,99,0,0,0,0,0,96,0,99,2,20,99,99,99,99,99,99,99,0,0,0,0,0,24,0,77,10,0,65,99,99,99,99,99,99,0,0,0,0,0,88,0,78,4,0,99,99,99,99,99,99,99,0,0,0,0,0,56,0,99,2,0,99,0,0,99,50,50,50,50,2,8,35,0,0,0,49,30,84,82,65,70,70,73,67,74,65,77
99,77,55,0,78,78,0,0,41,24,0,3,63,0,98,60,0,99,64,0,8,82,48,0,0,32,0,0,0,61,20,99,6,0,90,65,0,82,82,48,0,0,0,0,7,0,57,20,99,14,0,99,30,34,46,99,80,0,0,0,0,0,0,57,8,99,2,0,75,45,36,19,99,87,0,0,0,0,5,3,43,20,79,6,0,99,33,35,38,99,80,0,0,43,99,0,3,59,8,99,2,0,94,67,95,60,50,50,50,50,8,15,21,0,0,0,33,12,80,76,85,67,86,73,66,69,32,49
28,15,10,27,99,92,0,0,0,0,0,0,24,0,76,8,0,33,25,32,20,99,92,0,0,0,0,0,0,72,0,80,4,0,43,15,10,18,99,92,0,0,0,0,0,0,0,4,74,2,0,28,15,10,28,99,92,0,0,62,0,98,0,56,16,99,2,0,84,15,10,26,99,92,0,0,0,0,0,0,112,4,75,2,0,27,15,10,27,99,92,0,0,0,0,0,0,56,12,99,2,0,84,95,95,60,50,50,50,50,1,15,35,45,14,0,24,12,67,73,65,78,73,65,32,32,32,32
99,45,50,85,99,95,85,14,53,13,62,3,59,0,67,42,0,99,80,32,83,99,90,70,15,28,0,0,0,57,0,68,16,0,99,99,32,85,99,99,90,13,51,10,0,1,57,4,70,2,0,99,45,34,72,99,95,85,16,17,0,0,0,59,4,92,4,0,99,99,38,85,99,99,90,15,51,0,0,0,57,0,74,2,0,99,45,0,85,99,95,85,15,99,0,0,2,59,12,99,4,0,0,0,0,0,50,50,50,50,1,4,37,42,0,0,24,12,72,89,80,69,32,66,65,83,83,50
99,42,50,59,99,99,99,0,33,0,45,3,96,20,51,15,82,99,49,55,46,99,90,80,0,38,0,22,0,82,9,83,24,0,61,30,0,35,99,98,90,0,46,4,13,3,59,15,86,4,0,53,18,17,56,99,95,92,0,0,0,0,0,50,30,99,2,99,99,0,0,30,99,98,97,0,39,1,6,3,1,19,81,4,0,41,25,22,45,99,97,86,0,0,0,0,0,52,8,99,1,10,87,94,0,0,51,50,50,50,8,7,35,48,45,0,25,0,110,97,115,97,108,32,83,84,71,32
88,27,20,67,99,70,0,0,0,0,0,0,61,12,69,20,0,88,27,20,67,99,70,0,97,0,0,0,0,84,20,74,6,0,59,53,51,67,99,46,0,0,38,0,66,0,46,20,62,55,78,88,27,20,67,99,70,0,0,0,0,0,0,116,0,99,2,0,96,32,34,99,94,76,0,0,0,0,0,0,75,8,96,6,0,88,27,20,67,99,70,0,0,0,0,0,0,5,0,76,2,2,99,99,99,99,50,50,50,50,7,8,35,0,0,0,49,12,80,76,73,78,71,32,32,32,32,65
99,77,50,21,99,97,68,0,15,0,0,4,65,0,41,22,2,99,87,29,41,99,27,0,0,15,0,0,4,53,0,81,6,4,99,58,50,50,99,27,0,0,15,0,0,4,80,0,99,0,2,99,77,82,37,99,0,0,0,0,0,0,0,57,8,60,1,56,99,99,99,99,99,99,0,0,0,0,0,0,56,0,75,0,0,99,39,37,44,99,0,0,0,0,0,0,0,60,0,91,0,0,98,98,98,98,50,50,50,50,16,15,1,0,0,80,1,24,67,79,78,71,65,83,32,32,32,50
99,63,99,30,54,80,78,0,0,0,0,0,56,28,71,12,0,90,71,60,48,50,39,99,0,0,0,0,0,56,8,70,6,0,60,72,58,43,86,51,99,0,0,0,0,0,56,4,76,8,0,56,34,44,49,88,66,69,0,0,0,0,0,56,31,99,24,0,49,53,44,15,99,81,89,0,0,0,0,0,56,12,81,2,0,64,60,50,41,80,71,71,0,0,0,0,0,56,2,99,2,0,99,99,99,99,52,48,50,50,3,15,42,56,2,99,49,24,79,82,73,69,78,84,65,76,49,32
99,77,55,53,78,78,0,0,41,24,0,3,63,0,99,60,0,99,64,0,45,82,48,0,0,32,0,0,0,61,20,99,6,0,90,65,0,82,82,48,0,84,0,0,7,0,11,20,99,18,0,99,30,34,46,99,80,0,0,0,0,0,0,57,8,99,2,1,75,45,36,19,99,87,0,0,0,0,5,3,43,20,89,18,0,99,33,35,45,99,80,0,0,43,99,0,3,107,8,99,2,0,94,67,95,60,50,50,50,50,8,15,21,0,0,0,33,24,100,101,116,117,110,101,86,105,98,101
99,72,48,0,99,99,99,0,56,0,99,1,98,13,60,10,2,35,21,36,0,99,93,85,0,41,30,0,3,40,5,55,2,1,72,19,65,0,60,60,70,0,63,0,0,0,96,5,99,2,2,33,20,53,38,99,94,97,0,67,0,35,0,104,4,99,2,1,19,49,53,0,72,75,75,0,60,0,0,0,16,3,93,2,2,43,20,53,39,99,85,85,0,60,0,30,0,0,2,90,2,1,96,99,99,99,51,50,50,50,6,7,30,30,16,26,26,24,71,76,69,69,32,67,76,85,66,32
99,67,21,28,99,48,80,83,51,0,17,0,81,12,88,20,0,99,59,9,7,99,99,0,0,50,0,0,0,82,8,86,6,0,69,51,40,34,82,99,0,0,49,0,82,0,83,12,85,40,0,77,32,33,36,96,99,0,0,56,0,0,0,75,8,88,2,0,82,36,12,7,92,97,0,0,55,10,9,4,90,8,90,2,0,87,77,32,38,99,98,0,0,46,29,3,15,52,4,99,2,0,99,99,99,99,50,50,50,50,8,12,28,0,0,0,32,24,83,105,116,97,114,32,32,50,32,32
67,24,4,7,99,89,0,0,14,0,13,0,2,28,99,4,0,73,33,10,25,99,92,0,0,0,0,0,0,5,4,99,2,0,67,20,21,25,99,94,0,0,15,0,22,0,117,17,99,6,0,72,33,10,25,99,92,0,0,0,0,0,0,77,4,99,2,0,75,51,24,0,99,88,0,0,0,0,0,0,59,31,99,10,20,81,41,20,25,99,86,0,0,0,0,0,0,5,8,99,2,1,94,68,95,60,50,50,50,50,21,5,21,50,34,0,0,24,78,117,104,115,97,66,101,108,52,32
99,99,0,0,99,78,0,0,41,24,0,3,60,0,53,6,0,96,99,0,0,94,99,0,0,39,0,15,0,60,28,81,6,0,90,0,0,0,99,0,0,0,0,0,17,0,97,8,58,12,0,82,96,0,0,99,87,0,0,51,46,19,2,60,0,77,6,0,99,54,50,0,99,0,0,0,51,46,19,2,44,12,84,18,0,72,11,8,33,99,79,60,0,0,0,0,0,84,16,99,1,0,94,67,95,60,50,50,50,50,16,10,33,0,4,0,49,5,68,88,47,69,120,112,114,115,118,51
80,31,10,18,99,95,93,99,59,12,0,0,113,0,99,3,19,77,51,28,23,99,83,0,0,42,0,11,0,97,8,70,32,0,67,29,19,45,80,99,90,0,22,0,4,0,89,6,87,2,0,74,15,10,42,99,94,40,0,0,0,3,0,91,8,99,2,0,67,29,19,45,80,99,90,0,22,0,4,0,1,2,83,2,0,74,15,10,42,99,94,40,0,0,0,3,0,3,12,99,2,0,46,51,7,43,50,50,50,50,7,6,15,4,25,0,16,12,82,97,109,97,69,110,115,46,49,66
38,36,16,48,47,99,91,0,0,0,0,0,8,8,99,2,50,70,27,16,40,90,99,91,0,0,0,0,0,8,4,45,7,34,70,27,16,57,90,99,91,0,0,0,0,0,40,4,77,0,0,64,40,23,42,99,97,94,0,0,0,0,0,48,0,99,0,0,40,26,9,55,94,99,93,0,24,0,7,0,48,4,93,0,0,65,99,99,45,99,99,99,0,0,0,0,0,40,0,99,1,0,99,99,0,0,50,50,50,50,27,14,14,0,13,0,17,24,60,70,77,62,97,108,111,103,32,51
94,41,24,55,96,78,0,0,0,0,0,0,57,28,82,6,84,99,99,0,0,99,99,36,0,41,0,0,0,56,20,63,0,0,94,69,24,55,96,76,0,0,99,0,0,0,57,8,97,0,0,84,29,28,76,99,89,0,0,36,0,0,0,60,4,60,6,0,80,40,28,54,99,89,0,0,0,0,0,0,60,8,72,0,0,84,30,28,76,99,27,0,0,46,3,32,3,60,0,99,2,0,94,67,95,60,50,50,50,50,16,15,34,33,0,0,24,24,123,69,46,66,97,115,115,46,75,125
22,30,28,27,99,0,25,0,42,0,0,0,59,19,88,10,25,29,14,0,40,99,46,25,0,37,0,16,4,73,28,95,8,0,36,28,0,34,99,46,25,0,0,0,0,0,40,0,99,2,13,31,31,0,34,99,46,25,0,0,0,0,0,40,0,99,2,14,45,0,0,34,99,46,25,0,99,0,0,0,80,0,99,0,1,46,0,0,34,99,46,25,0,0,0,0,0,56,24,99,0,0,97,99,99,99,52,50,50,50,30,0,23,32,3,23,25,36,65,100,100,105,116,118,83,119,101,112
99,1,36,67,99,99,0,0,0,0,0,0,85,0,65,30,15,99,14,21,44,99,99,0,0,0,0,0,0,63,4,67,2,50,99,99,99,90,99,99,0,0,0,0,0,0,85,4,99,46,0,95,21,18,66,99,99,0,0,0,0,0,0,44,12,62,8,38,99,79,0,46,99,99,0,0,0,0,0,0,61,12,96,0,0,97,98,15,46,99,99,0,0,0,0,0,0,117,12,99,0,0,98,98,75,60,50,50,50,50,15,0,35,30,1,0,0,24,70,85,76,76,32,32,67,76,65,86
94,99,56,99,99,99,0,0,0,0,7,0,60,28,80,38,95,75,99,38,99,99,99,0,0,0,0,0,0,58,28,73,6,50,99,99,49,71,99,99,0,0,41,21,0,0,53,4,63,0,0,59,55,52,71,99,99,99,0,0,0,0,0,58,0,71,0,50,59,99,54,71,76,86,0,0,0,0,47,0,101,12,85,34,59,99,40,27,71,99,86,0,0,0,0,0,0,72,4,99,2,50,99,99,99,99,50,50,50,50,15,15,35,0,0,0,49,17,76,111,126,72,105,45,66,97,115,115
90,99,80,99,99,99,90,0,0,0,0,0,56,12,82,2,99,99,99,99,99,99,99,99,0,0,0,0,0,56,3,99,41,59,99,99,99,99,99,99,99,0,0,0,0,0,56,16,85,0,0,99,99,99,99,99,99,99,0,0,0,0,0,56,3,99,41,39,99,99,99,99,99,99,99,0,0,0,0,0,56,16,93,2,0,99,99,99,99,99,99,99,0,0,0,0,0,56,3,99,17,44,99,99,99,99,50,50,50,50,4,15,35,0,0,0,49,24,79,67,84,79,82,71,65,78,32,32
93,60,46,39,99,0,0,0,15,0,18,4,56,5,88,34,0,99,31,12,39,99,0,0,0,84,5,99,0,57,0,86,8,0,93,60,46,39,99,0,0,0,15,0,18,4,112,5,88,34,0,99,31,12,39,99,0,0,0,84,5,99,0,89,0,86,8,0,97,17,26,35,99,0,0,0,15,0,0,4,56,2,99,2,0,97,17,26,35,99,0,0,0,15,0,0,4,96,2,99,2,0,99,99,99,99,50,50,50,50,28,0,35,0,0,0,56,24,80,108,105,99,107,32,50,46,32,32
99,41,26,70,99,99,0,0,0,0,0,0,66,12,53,40,0,99,77,26,26,99,99,0,0,0,0,0,0,18,8,79,8,0,99,41,42,33,99,99,0,0,0,0,0,0,34,4,93,4,0,99,77,26,40,99,99,0,0,0,0,0,0,58,8,71,2,0,99,70,26,21,99,99,0,0,0,0,0,0,33,16,75,4,0,99,77,26,42,99,99,0,0,0,0,0,0,56,4,99,2,0,99,99,99,99,50,50,50,50,2,0,28,0,0,0,32,24,69,76,79,68,73,69,32,50,32,32
90,57,24,55,93,28,0,0,10,0,0,0,63,20,85,12,0,99,0,0,0,99,0,0,0,52,74,0,0,63,12,99,0,0,90,43,7,55,90,30,0,0,0,0,0,0,61,16,81,10,0,82,98,41,30,99,95,17,0,0,0,0,0,62,12,85,6,0,99,21,0,0,99,0,0,0,41,0,0,0,63,0,80,0,0,64,62,17,58,99,95,32,0,36,54,14,3,63,0,99,0,0,96,68,95,60,50,50,50,50,15,15,35,0,0,0,48,24,66,97,115,115,65,105,114,77,97,110
96,57,30,22,91,71,0,0,0,0,0,0,112,8,30,32,7,99,32,24,28,82,82,0,0,0,0,0,0,32,4,82,4,0,65,21,41,33,99,82,0,9,0,0,0,0,40,12,67,10,45,99,71,48,32,99,85,0,0,35,0,99,0,112,12,80,0,52,99,63,53,29,76,93,72,46,25,0,99,0,72,4,79,42,0,76,55,32,40,99,98,75,0,0,0,0,0,0,0,99,9,29,18,60,95,60,48,51,50,50,17,7,57,35,5,2,41,0,73,78,68,85,83,84,82,73,65,76
76,25,99,35,99,0,0,0,39,0,0,0,61,0,60,12,0,74,25,99,35,99,0,0,0,39,0,0,0,45,0,99,0,51,75,25,99,35,99,0,0,0,39,0,0,0,26,0,94,2,50,76,25,99,37,99,0,0,0,39,0,0,0,69,0,60,10,0,74,25,99,35,99,0,0,0,39,0,0,0,37,0,99,0,0,75,25,99,35,99,0,0,0,39,0,0,0,58,0,94,2,0,99,99,99,99,50,50,50,50,3,11,34,0,0,0,49,24,68,73,71,73,32,67,32,32,32,32
85,14,75,61,88,0,25,0,15,0,0,4,64,0,74,20,0,85,38,75,61,88,59,25,0,15,0,34,4,56,0,76,12,0,85,38,36,61,88,89,89,0,15,0,34,4,88,0,97,0,0,98,27,46,61,99,89,89,0,15,0,0,4,48,0,98,0,0,99,61,55,50,99,80,0,0,15,0,20,4,68,0,68,14,0,99,31,50,46,99,80,0,0,15,0,20,4,59,0,98,2,0,99,99,99,99,50,50,50,50,8,15,30,23,0,0,64,24,80,69,82,67,45,67,76,65,86,50
90,52,25,42,99,99,99,0,7,0,0,0,58,28,99,4,0,98,52,55,20,98,64,85,0,0,0,0,0,112,3,88,4,50,98,14,7,31,99,99,99,0,0,0,0,0,56,2,82,0,0,99,16,14,64,99,99,98,0,36,0,0,0,56,0,76,0,0,95,0,25,54,99,99,99,0,39,0,53,0,72,9,99,0,0,64,11,7,41,99,99,99,0,0,0,0,0,0,16,99,2,0,94,67,95,60,50,51,50,50,3,7,60,33,0,0,56,24,87,72,84,69,68,71,69,32,65,86
37,32,24,28,99,96,92,0,54,0,0,0,51,4,72,22,0,37,32,24,28,99,96,92,0,54,0,0,0,89,16,85,14,0,37,32,24,28,99,96,92,0,54,0,0,0,43,8,95,2,0,99,34,20,35,99,92,84,0,0,0,0,0,2,0,67,8,0,99,46,0,28,99,93,87,0,54,0,0,0,9,11,90,4,0,47,33,20,35,99,92,84,0,0,0,0,0,2,4,99,1,28,94,67,95,60,50,50,50,50,2,7,38,33,0,0,40,8,67,65,82,76,51,65,86,32,32,32
33,21,19,25,52,99,49,99,0,0,0,0,88,0,73,4,0,22,17,7,34,99,93,28,0,0,0,0,0,80,0,97,2,0,49,15,7,11,60,99,60,99,0,0,0,0,56,0,62,14,0,20,99,99,30,99,99,99,0,0,0,0,0,48,0,99,8,0,54,17,7,14,60,99,60,99,0,0,0,0,24,0,82,8,0,35,29,23,33,99,95,0,0,0,0,0,0,32,0,99,4,0,73,67,99,99,52,49,50,50,4,15,26,32,13,0,16,24,69,116,104,101,114,105,97,108,32,97
99,70,20,99,99,91,0,0,23,1,29,3,51,20,96,2,0,99,99,46,99,99,98,99,65,11,0,18,3,60,12,99,10,0,67,81,37,99,99,79,31,42,34,0,0,3,5,12,66,7,76,77,42,26,78,99,89,77,0,28,0,3,3,57,24,99,2,0,74,99,1,90,99,78,88,48,0,0,0,3,51,8,99,4,0,99,39,12,63,99,97,0,0,32,0,0,3,50,8,99,1,0,94,67,95,60,50,50,50,50,16,5,40,0,0,0,40,24,83,121,110,116,104,32,50,32,32,32
97,76,81,36,99,0,99,99,36,0,0,0,67,0,79,21,41,90,66,33,67,99,45,0,0,46,34,52,1,59,4,78,0,29,97,27,10,25,99,86,48,0,0,0,0,0,43,4,82,2,0,90,27,12,50,99,85,0,0,32,99,29,2,45,16,88,10,0,95,0,25,0,99,75,0,0,14,0,99,7,34,4,89,2,0,80,24,10,50,99,62,0,0,0,0,0,0,83,12,99,2,0,94,67,95,60,50,50,50,50,17,8,30,0,0,0,16,12,80,73,65,78,69,84,32,32,32,32
81,42,41,45,78,85,99,0,27,80,85,14,56,3,95,40,0,39,42,41,45,99,85,99,56,0,82,84,0,56,0,0,2,0,42,42,41,45,99,85,99,0,0,83,82,3,56,0,99,32,0,52,54,47,35,99,85,99,0,0,78,82,15,56,0,72,8,0,35,35,33,31,99,85,99,0,0,80,89,0,56,3,85,4,0,39,42,41,41,99,85,99,0,0,78,85,15,56,0,99,20,0,99,99,99,99,50,50,50,50,24,13,58,0,82,87,54,12,83,80,65,82,75,76,69,32,49,32
108,247
240,67,0,9,32,0
61,99,57,60,99,99,50,0,45,34,0,0,17,0,46,12,98,82,60,99,99,99,0,0,0,41,96,0,3,75,17,97,2,57,70,99,99,59,99,99,99,0,44,36,0,3,49,26,73,2,0,64,99,99,75,99,99,99,0,0,0,0,0,56,0,99,2,0,66,60,47,99,99,99,99,0,0,0,0,0,112,4,99,63,99,58,52,39,99,99,81,0,0,55,20,0,0,58,8,90,4,0,54,99,99,99,50,50,50,48,11,7,35,42,83,0,17,24,80,89,82,65,77,70,76,73,84,69
64,61,22,53,99,99,99,0,46,0,56,0,56,0,39,7,46,50,38,57,99,47,82,93,0,0,0,0,0,42,4,74,2,1,52,68,34,65,85,91,95,0,0,0,0,0,8,11,99,6,0,21,53,22,45,56,99,99,0,46,0,0,0,56,4,40,31,49,42,34,41,53,85,88,27,34,0,0,18,0,17,4,97,2,0,53,33,34,60,99,99,95,0,36,0,0,0,32,7,99,4,0,99,99,99,99,50,50,50,50,3,5,31,29,49,0,32,12,86,111,105,99,101,115,32,50,32,32
0,64,0,16,99,99,11,77,3,0,0,0,2,0,93,0,0,0,0,16,27,99,11,77,0,3,0,0,0,58,0,80,20,0,24,99,20,27,99,99,78,0,3,0,0,0,82,0,99,0,0,23,99,21,28,99,99,78,0,3,0,0,0,42,0,94,2,0,24,99,20,27,99,99,78,0,3,0,0,0,34,0,99,0,0,23,99,21,27,99,99,78,0,3,0,0,0,33,0,99,2,0,99,99,99,99,50,50,50,50,19,8,29,66,13,0,49,24,42,74,101,97,110,45,77,105,99,104
26,86,16,48,39,95,0,0,0,10,0,0,56,0,85,2,0,66,93,16,43,93,96,0,0,0,10,0,4,56,0,95,1,16,25,84,0,36,49,97,97,0,36,10,99,0,103,3,95,4,0,25,25,16,36,49,92,92,0,36,10,99,0,104,3,99,1,3,56,49,48,44,95,97,45,0,39,13,14,0,15,0,86,32,0,76,56,44,52,95,98,42,0,55,10,0,0,82,4,91,16,0,94,67,95,60,50,50,50,50,5,15,38,0,20,99,3,24,67,72,65,83,69,84,105,109,101,55
66,36,27,11,99,87,84,79,70,1,0,0,25,0,71,30,36,64,20,20,19,99,83,71,69,39,8,1,0,1,8,73,4,0,71,23,26,16,99,92,83,97,67,4,0,0,81,4,65,2,0,62,19,6,37,99,96,92,0,0,0,3,0,49,12,99,4,0,69,57,4,0,99,94,64,89,31,5,25,3,112,4,90,32,50,65,48,34,39,99,91,55,0,70,9,1,0,42,8,99,32,0,54,56,15,43,54,41,50,50,8,5,99,0,20,0,20,12,83,116,97,99,46,72,101,97,118,110
99,50,70,35,80,78,60,5,41,0,0,0,59,8,85,20,0,90,50,99,30,82,48,60,5,54,90,46,2,57,8,85,14,0,90,99,99,45,93,48,45,5,54,0,46,0,59,8,99,8,0,80,45,40,45,99,92,90,5,0,0,0,0,56,4,80,4,0,80,90,50,45,85,70,50,5,54,0,46,0,57,8,80,6,0,85,45,90,45,99,92,90,5,0,0,0,0,57,3,99,0,0,94,67,95,60,50,50,50,50,6,8,23,0,0,0,1,24,83,89,78,67,46,80,69,82,67,32
99,78,35,26,99,72,0,0,32,0,0,15,58,12,76,62,0,99,82,27,49,99,78,0,0,32,0,0,0,59,28,99,12,0,99,45,27,46,99,99,0,0,32,0,0,3,58,16,99,4,0,99,78,35,26,99,72,0,0,32,0,0,15,34,12,95,62,1,99,82,27,49,99,78,0,0,32,0,0,0,35,20,99,12,1,99,45,27,46,99,99,0,0,32,0,0,3,34,16,99,4,1,0,0,0,0,50,50,50,50,3,14,34,0,0,0,8,12,84,97,99,107,32,80,105,97,110,111
99,42,50,59,99,99,99,0,33,0,45,3,96,0,44,15,31,99,49,55,46,99,90,80,0,51,56,22,1,82,20,75,16,0,61,30,0,35,99,98,90,0,46,4,13,3,59,0,87,4,0,53,18,17,56,99,95,92,0,0,0,0,0,50,28,99,4,0,99,0,0,30,99,98,97,0,39,1,6,3,1,0,75,4,0,41,25,22,45,99,97,86,0,0,0,0,0,52,8,99,1,10,99,99,99,99,49,51,50,50,1,7,35,0,11,0,25,12,68,89,78,65,83,84,82,73,78,71
82,66,10,27,99,92,0,0,57,4,26,0,115,12,86,20,0,82,17,16,25,99,74,0,0,46,0,0,0,60,12,69,6,0,75,71,37,78,99,71,0,0,46,0,0,12,57,12,75,22,58,81,44,18,39,99,90,0,0,34,0,7,0,66,20,99,2,0,51,23,13,28,85,99,89,0,38,0,2,0,96,6,77,2,0,76,35,15,43,82,99,55,0,34,0,7,0,112,8,99,2,0,99,99,99,99,50,50,50,50,8,7,12,9,23,0,24,24,76,46,65,46,80,97,100,32,52,66
99,57,99,75,99,0,0,0,39,53,20,0,56,20,75,28,0,81,87,22,75,99,92,0,0,0,0,15,0,60,28,92,6,0,81,87,22,75,99,92,0,0,0,0,14,0,60,16,90,0,75,99,77,26,23,99,72,0,0,0,0,0,4,35,0,85,0,36,99,76,26,23,99,72,27,0,41,0,0,4,84,4,80,0,0,91,36,98,33,99,0,0,0,0,0,0,0,59,28,99,0,0,98,98,75,60,50,51,50,50,15,15,11,0,16,0,32,24,80,76,85,67,75,69,68,82,85,77
52,16,48,17,53,99,57,0,0,0,0,0,112,8,84,32,1,49,45,24,37,71,72,85,0,0,0,0,0,32,4,92,0,0,44,79,41,12,48,58,20,9,0,0,0,0,40,4,95,4,45,39,71,53,42,99,94,97,0,0,0,0,0,112,4,95,1,6,51,63,53,25,46,56,85,46,0,0,0,0,72,4,99,5,55,46,55,53,42,99,94,97,0,0,0,0,0,0,0,93,9,53,18,60,95,60,48,51,50,50,15,15,96,50,31,99,88,24,109,101,116,97,67,76,65,83,77,32
30,0,21,31,99,99,0,0,0,0,0,0,0,0,70,2,0,45,0,19,31,99,99,0,0,0,0,0,0,56,0,99,1,15,30,0,21,31,99,99,0,0,0,0,0,0,56,20,70,2,0,36,0,22,31,99,99,0,0,0,0,0,0,112,0,99,1,8,30,0,24,31,99,99,0,0,0,0,0,0,56,0,70,2,0,69,0,25,31,99,99,0,0,0,0,0,0,0,0,99,1,0,99,99,99,99,50,50,50,50,5,8,0,0,0,20,48,24,87,82,77,83,80,32,77,67,75,32
99,99,99,0,99,99,99,0,0,0,0,0,56,0,69,2,0,99,99,99,0,99,99,99,0,0,0,0,0,56,0,83,1,0,60,99,99,35,99,99,99,0,46,14,0,0,56,0,99,1,75,99,99,99,0,99,99,99,0,46,7,22,3,56,0,87,2,0,99,99,99,0,99,99,99,0,46,4,6,3,56,0,70,4,0,64,99,99,99,99,99,99,0,0,0,0,0,56,0,0,4,0,99,99,99,99,36,50,50,50,3,4,35,25,12,0,49,24,39,74,117,99,104,104,101,39,72,77
36,25,49,20,99,68,0,0,0,0,0,0,56,8,62,32,75,25,22,22,25,99,22,0,0,0,0,0,0,104,12,99,10,0,36,36,22,20,99,42,0,0,0,0,0,0,88,1,44,56,0,25,16,33,26,99,32,0,0,0,0,5,0,48,0,99,10,0,26,26,22,20,56,66,0,0,0,0,0,0,88,0,36,30,0,25,18,22,25,99,50,0,0,0,0,0,0,0,0,99,10,0,37,80,75,6,45,45,45,50,4,12,39,0,6,38,24,20,74,85,80,73,84,69,82,32,32,32
99,77,55,0,78,78,0,0,50,0,0,10,56,4,87,14,0,99,64,0,10,82,48,0,0,54,0,46,0,56,8,55,14,0,90,57,0,35,82,48,0,0,62,0,0,10,56,12,91,16,0,99,31,50,40,99,80,0,0,2,0,0,10,27,28,99,2,0,99,33,46,50,99,80,0,0,54,0,46,0,60,24,60,10,0,99,33,50,35,99,80,0,0,2,0,0,10,83,28,99,2,0,94,67,95,60,50,50,50,50,15,15,35,0,0,0,7,24,68,85,76,67,89,32,50,32,32,32
89,22,39,42,99,67,76,0,0,0,73,0,25,8,73,0,0,92,22,39,42,99,67,76,0,53,99,20,0,89,8,72,6,0,66,40,24,13,99,61,99,0,0,0,0,0,58,8,94,0,0,50,22,39,42,99,67,76,0,0,0,0,0,57,8,99,0,0,66,40,24,13,99,61,99,0,0,0,0,0,26,8,82,4,0,62,58,39,42,99,67,76,0,0,0,0,0,89,8,99,4,0,99,99,99,99,50,50,50,50,7,13,35,57,25,0,49,36,83,84,65,82,68,85,83,84,32,32
55,20,20,30,99,49,99,0,0,0,0,0,26,11,78,0,0,30,20,20,30,99,49,99,0,0,0,0,0,114,11,99,0,0,40,99,99,57,99,99,99,0,0,0,0,0,56,28,99,1,73,90,35,72,49,99,50,50,0,0,0,0,0,112,0,99,2,0,40,99,99,57,99,99,99,0,0,0,0,0,56,28,99,1,72,90,35,72,49,99,50,50,0,0,0,0,0,0,0,99,2,0,99,99,99,99,50,50,50,50,4,15,35,0,0,0,49,24,80,111,108,121,32,97,102,116,114,32
85,60,20,65,99,0,0,90,41,0,0,0,56,0,70,40,0,95,20,20,50,99,95,0,0,0,0,0,0,59,0,82,2,0,95,29,20,50,99,95,0,0,81,0,10,2,59,28,80,20,0,95,25,30,50,99,95,0,0,0,0,0,0,80,16,78,2,0,95,29,20,50,99,95,0,0,39,0,10,3,56,0,85,2,0,85,25,25,67,99,75,0,0,0,0,0,0,59,4,99,2,0,94,67,95,60,50,50,50,50,17,7,34,33,0,0,56,12,75,73,78,75,69,89,83,32,32,32
57,75,52,38,99,97,70,0,0,0,0,0,87,0,61,4,0,74,90,50,41,87,27,0,0,0,0,0,0,31,0,97,2,0,89,40,52,41,96,25,0,0,0,0,0,4,86,0,93,0,0,81,36,44,43,97,29,0,0,0,0,0,0,60,0,99,0,0,99,75,49,30,99,0,0,0,0,0,0,0,56,8,99,0,0,88,35,39,46,99,0,0,0,0,0,0,0,63,0,99,2,0,99,99,99,99,50,49,50,50,13,15,33,14,2,0,80,12,42,68,73,83,67,79,66,65,83,83
25,21,98,38,99,0,99,0,36,17,87,6,64,0,59,2,1,66,69,60,35,0,0,98,0,0,0,4,0,64,4,90,2,0,25,21,98,38,99,0,99,2,35,15,79,7,49,0,91,1,0,97,69,60,35,99,91,98,0,0,0,0,0,56,4,68,44,0,78,63,53,28,99,52,62,3,38,11,80,3,0,0,77,14,0,98,56,63,23,99,89,74,2,0,4,1,0,56,0,99,2,0,99,99,99,99,50,50,50,50,3,10,29,99,1,0,16,24,77,97,105,97,114,32,32,32,32,32
99,61,10,75,99,0,0,0,42,99,99,12,63,4,99,11,57,56,17,0,25,99,97,0,0,46,0,12,0,92,4,92,0,0,99,23,16,39,99,90,0,0,46,0,0,3,116,12,99,6,0,99,30,10,18,99,0,0,0,47,14,15,3,92,8,72,12,0,60,0,14,42,99,97,0,0,35,0,21,3,89,0,90,0,0,45,23,17,25,99,90,0,0,0,0,0,8,63,0,99,2,0,79,99,99,99,44,51,50,50,15,14,35,0,0,0,49,24,66,87,65,78,71,79,32,32,32,32
99,99,99,99,99,99,99,0,0,0,0,0,56,0,64,32,0,32,60,59,99,50,99,0,0,0,0,0,0,56,0,99,12,0,99,99,99,48,99,99,99,0,0,0,0,0,56,0,70,16,0,37,95,58,69,50,99,0,0,0,0,0,0,56,0,99,16,0,99,99,99,46,99,99,99,0,0,0,0,0,56,0,67,28,0,75,61,71,67,99,68,0,0,0,0,0,0,56,0,99,14,0,66,15,89,99,57,61,0,50,4,15,53,32,18,0,121,24,83,97,108,39,115,66,105,114,100,32
99,57,99,75,99,0,0,0,39,53,20,0,56,24,92,28,0,81,87,22,75,99,92,0,0,0,0,15,0,76,28,99,6,0,81,87,22,75,99,92,0,0,0,0,14,0,76,16,90,6,0,99,87,22,75,99,92,0,0,34,9,0,0,59,12,99,2,0,91,25,39,60,99,86,0,0,0,0,65,0,58,16,97,6,0,99,85,27,70,99,95,0,0,0,0,0,0,60,12,99,2,0,75,80,75,60,50,50,50,50,7,7,39,0,1,3,56,12,74,65,90,90,32,71,85,73,84,49
94,1,33,12,4,19,0,0,53,0,38,0,58,4,67,10,0,98,20,6,2,91,90,0,0,36,0,0,15,58,4,75,2,0,70,30,23,30,99,85,0,0,32,0,0,0,60,12,99,2,0,94,21,33,12,74,19,0,0,38,0,20,0,59,28,92,6,0,98,36,6,32,91,90,0,0,50,22,50,3,58,4,72,2,0,70,30,23,30,99,85,0,0,32,0,0,0,60,12,99,2,0,0,0,0,0,50,50,50,50,2,14,30,0,0,0,32,24,87,69,84,32,80,73,65,78,79,32
70,27,16,31,90,99,94,0,0,0,17,0,8,0,99,6,0,70,27,16,40,90,99,95,0,0,0,0,0,112,0,65,2,0,70,27,16,39,90,99,94,0,0,0,0,0,8,0,82,0,0,64,40,23,42,99,97,94,0,0,0,0,0,56,0,99,0,0,50,26,9,36,94,99,94,0,24,0,5,0,112,4,70,10,0,65,99,99,41,99,99,99,0,0,0,0,0,104,0,99,0,0,99,99,99,99,50,50,50,50,8,14,23,0,11,0,33,24,68,105,103,105,32,80,97,100,32,32
99,49,98,51,99,93,98,90,42,99,29,1,3,0,89,4,1,97,77,79,51,81,98,90,89,42,0,20,0,67,0,96,0,0,17,59,99,17,99,99,98,0,58,0,20,0,3,0,96,0,0,87,77,79,51,99,98,90,89,42,0,20,1,115,0,95,0,1,99,41,0,51,99,99,99,99,42,0,20,0,115,0,89,2,0,17,10,12,17,99,99,99,0,42,0,20,0,83,0,99,0,0,1,20,20,8,50,64,54,50,10,12,73,12,4,0,118,0,72,101,97,118,121,32,77,97,99,104
81,39,99,99,99,73,0,99,0,0,0,0,58,20,88,8,0,95,34,21,35,99,35,0,0,0,0,0,0,58,8,99,2,99,95,66,21,42,99,35,0,0,0,0,0,0,58,12,99,10,0,95,34,21,47,99,35,0,0,0,0,0,0,57,8,99,2,0,81,39,99,99,99,73,0,99,0,0,0,0,58,20,77,22,0,95,34,21,42,99,35,0,0,0,0,0,0,57,0,99,0,0,99,99,99,99,50,50,50,50,5,14,35,0,0,0,49,24,66,82,65,67,75,69,84,32,32,32
99,52,64,42,99,95,91,0,31,0,0,0,56,0,99,11,99,46,99,99,99,99,0,0,0,43,0,99,0,57,0,99,3,82,73,71,76,99,99,99,99,99,53,0,0,0,56,0,94,3,51,47,41,28,62,99,99,99,99,46,0,15,0,57,3,80,7,50,64,29,71,53,99,0,0,0,48,99,0,0,56,0,99,3,45,53,47,14,55,99,0,0,0,53,99,0,0,57,0,99,4,25,99,99,95,51,68,50,71,50,4,4,12,0,3,99,116,24,66,117,103,115,38,66,105,114,100,115
99,77,55,0,78,78,0,0,41,0,0,0,0,0,87,30,3,99,64,0,8,82,48,0,0,54,0,46,0,112,0,97,14,0,90,75,0,82,82,48,0,0,54,0,0,0,56,0,91,14,0,99,31,50,46,99,80,0,0,0,0,0,0,115,0,99,2,0,99,33,46,50,99,80,0,0,54,0,46,0,116,0,60,10,0,99,33,50,46,99,80,0,0,0,0,0,0,3,0,99,2,0,94,67,95,60,50,50,50,50,6,15,21,0,0,0,33,24,67,79,87,73,77,66,65,32,32,32
99,48,20,35,99,92,0,0,48,99,0,0,58,4,72,24,0,99,48,20,35,99,92,0,0,48,99,0,0,58,8,80,14,0,99,48,20,35,99,92,0,0,48,99,0,0,18,8,99,26,0,99,48,20,35,99,92,0,0,48,99,0,0,2,0,75,8,0,99,46,0,33,99,93,87,0,54,0,0,0,9,8,74,4,0,85,33,20,43,99,92,0,0,0,0,0,0,2,4,89,2,0,20,19,17,21,50,50,50,50,5,15,38,33,0,71,24,24,74,108,121,32,66,101,97,110,115,50
56,77,48,41,99,86,53,0,99,0,60,12,7,16,60,4,4,74,87,0,41,87,48,50,0,99,0,54,12,119,8,94,4,78,90,58,53,41,96,50,67,0,99,0,63,12,3,4,94,2,0,83,20,0,41,99,99,46,0,99,0,62,8,116,12,99,0,0,99,77,0,35,99,80,57,0,99,0,71,8,7,12,99,0,99,88,47,0,46,99,85,68,0,99,0,99,8,115,20,99,0,0,99,99,99,99,50,50,50,50,13,7,36,28,0,0,1,24,42,66,97,109,98,117,42,32,32,32
99,0,0,27,99,98,97,0,42,0,0,3,1,15,82,2,0,41,25,22,37,99,97,86,0,20,64,0,0,52,11,99,1,0,95,50,35,25,99,75,0,0,0,0,0,0,59,28,85,24,0,96,25,25,25,99,75,0,0,67,82,99,1,83,8,99,4,0,98,47,0,0,99,0,0,0,0,0,0,0,119,24,99,4,0,91,84,17,58,99,95,99,0,0,0,0,3,7,0,99,0,0,94,67,95,60,50,50,50,50,5,14,35,64,16,0,40,24,80,69,82,67,69,83,84,82,65,32
111,247
240,67,0,9,32,0
98,56,20,70,99,0,0,0,0,0,0,0,63,0,79,14,21,88,55,22,50,98,61,62,0,0,0,0,0,48,0,70,6,6,79,97,22,50,53,61,62,0,0,0,0,8,56,0,79,2,0,64,36,22,50,99,86,86,0,0,0,0,0,57,4,77,2,0,79,22,15,70,85,0,0,0,0,0,0,0,58,4,70,2,0,86,0,19,55,99,86,86,0,0,0,0,0,58,8,99,2,0,94,67,95,60,50,50,50,50,17,14,35,0,5,0,48,24,83,79,76,79,32,66,82,65,83,83
27,47,34,59,93,90,82,16,0,0,0,0,56,12,99,0,0,69,56,18,35,99,78,50,0,0,0,0,0,32,0,99,0,0,32,39,58,72,97,96,81,25,0,0,0,0,8,12,99,2,0,99,64,52,56,99,31,87,10,0,0,0,0,56,16,68,26,0,99,56,8,42,99,73,62,0,0,0,0,0,56,12,99,2,0,99,61,56,37,89,84,76,0,0,0,0,0,0,0,99,1,0,99,99,99,99,50,50,50,50,18,5,35,0,0,0,49,24,84,114,105,100,101,110,116,32,32,32
39,37,34,32,99,85,0,0,39,0,0,0,59,3,99,18,5,29,33,48,61,51,99,0,0,39,0,0,4,56,0,75,3,0,99,46,32,61,99,40,74,0,39,0,86,0,57,0,90,8,0,35,36,21,37,99,63,91,0,39,0,0,4,56,3,84,4,75,71,35,35,61,99,30,99,0,39,0,0,0,56,20,98,12,0,64,44,35,43,99,30,0,0,39,0,0,0,56,0,88,18,5,99,19,17,0,50,39,75,50,11,14,61,0,0,0,56,24,83,80,65,32,50,32,65,86,32,32
42,29,25,22,99,99,50,0,0,0,0,0,98,4,99,2,0,81,67,29,24,99,92,60,0,0,0,0,0,98,4,99,2,0,82,19,0,29,99,92,91,0,0,0,13,0,98,4,98,2,0,28,13,22,39,99,92,0,0,0,0,0,0,98,14,99,2,0,85,58,23,23,99,99,63,0,0,0,0,0,17,4,88,2,0,26,30,25,42,99,92,0,0,0,0,0,0,18,6,99,2,0,99,99,99,99,50,50,50,50,14,7,28,60,24,0,25,12,76,116,115,80,104,97,122,73,116,92
99,64,99,55,99,0,0,0,27,0,0,3,8,0,89,2,0,92,64,14,48,99,0,0,0,27,0,30,3,104,0,84,6,0,92,69,14,48,99,99,99,0,39,0,10,3,56,0,99,2,0,92,67,50,48,99,90,0,0,27,0,0,3,56,0,77,4,0,92,30,14,48,99,99,99,0,27,0,15,3,56,0,80,0,0,92,30,14,48,99,99,99,0,39,0,10,3,56,0,99,0,0,99,99,99,99,50,50,50,50,9,7,35,0,0,0,49,12,84,73,71,72,84,32,66,65,83,83
94,80,25,51,77,67,0,0,43,9,20,3,115,12,84,18,0,98,36,6,50,91,90,0,0,50,22,50,3,114,4,87,2,0,90,30,28,50,99,95,0,0,32,0,0,0,115,12,99,2,0,94,80,25,51,77,67,0,0,43,9,20,3,7,12,97,14,0,98,36,6,50,91,90,0,0,50,22,50,3,2,0,85,2,0,90,30,28,50,99,95,0,0,32,0,0,0,3,12,99,2,0,0,0,0,0,50,50,50,50,2,12,45,0,0,0,0,12,72,111,110,107,121,45,80,110,77,83
99,99,99,30,99,99,99,0,0,0,0,0,56,0,77,2,0,99,99,99,38,0,0,0,99,0,0,0,0,76,0,85,1,0,99,99,99,19,99,99,99,0,0,0,0,0,56,16,39,26,0,99,99,24,75,99,79,0,0,0,0,0,0,56,0,92,2,0,99,61,36,19,99,81,0,0,0,0,0,0,56,8,68,10,0,40,0,21,33,99,99,0,0,0,0,0,0,62,12,99,2,0,99,99,99,99,48,53,50,45,15,6,35,0,0,0,49,24,67,72,69,65,80,32,68,68,76,32
53,57,37,42,99,92,56,0,55,25,0,3,18,0,99,36,0,53,67,38,42,86,92,84,0,0,0,0,0,66,0,84,4,0,67,37,20,34,74,97,94,0,0,0,0,0,2,0,75,4,0,38,36,35,30,85,96,95,0,64,98,60,3,114,4,99,1,0,93,53,31,40,82,92,90,0,54,6,0,0,1,0,88,4,0,40,30,25,29,81,98,90,0,0,0,0,0,2,4,99,9,0,94,67,95,60,50,50,50,50,14,13,33,26,8,0,40,0,83,87,73,83,72,45,83,84,82,71
99,99,99,10,99,99,99,0,60,7,0,3,24,2,74,0,2,99,99,99,10,99,99,99,0,54,2,12,3,24,3,74,0,2,99,99,99,10,99,99,99,0,53,1,0,3,112,0,76,0,0,70,40,25,30,78,83,99,0,0,0,0,0,114,12,99,0,1,99,12,17,10,98,99,99,0,41,0,2,0,0,0,78,0,0,68,40,25,30,69,83,99,0,0,0,0,0,34,12,99,2,0,99,0,99,99,50,50,50,50,1,7,42,0,7,0,16,24,78,65,82,70,83,116,114,103,115,32
91,79,99,82,86,50,0,0,0,0,0,0,114,0,99,8,0,97,99,50,82,99,90,84,0,0,0,0,0,58,28,99,10,0,79,98,99,82,99,89,80,0,0,0,0,0,42,28,99,0,0,97,97,99,82,99,99,97,0,0,0,0,0,114,0,99,2,0,97,97,99,82,99,99,97,0,0,0,0,0,74,28,82,0,0,97,97,99,82,99,99,99,0,0,0,0,0,42,0,95,0,0,4,67,95,60,50,50,50,50,4,2,33,0,0,32,24,48,46,79,82,71,65,78,32,53,32,99
98,37,10,72,99,99,99,0,36,0,0,0,48,1,90,61,89,54,4,18,75,99,99,99,27,15,0,0,15,112,1,71,21,77,64,77,43,79,99,99,99,0,48,0,0,0,64,1,99,39,12,54,60,0,83,99,99,99,0,46,0,0,2,56,1,70,16,71,39,42,0,87,99,99,0,0,43,0,0,3,112,1,75,61,99,27,57,99,85,85,99,0,0,48,0,0,15,0,3,95,63,57,27,98,75,60,50,50,50,50,16,15,69,0,0,0,21,0,67,121,109,98,97,108,114,101,118,51
72,72,10,40,99,92,0,0,51,10,51,3,48,4,99,12,84,76,73,10,25,99,92,0,0,0,0,0,0,96,0,77,4,0,77,74,10,25,98,98,98,0,19,34,0,1,96,0,72,4,0,51,15,10,35,99,92,92,0,0,0,0,0,96,4,81,4,0,92,46,99,35,99,66,68,0,68,0,99,0,112,0,83,2,0,59,56,10,35,99,98,36,0,39,99,0,15,16,8,98,2,0,98,98,98,98,53,49,50,50,14,7,33,35,31,0,32,24,65,78,71,69,76,83,32,32,32,32
89,27,22,27,99,70,0,0,0,0,0,0,70,24,79,16,0,88,33,20,30,99,70,0,97,0,0,0,0,36,20,76,2,0,99,48,52,34,99,46,0,0,48,98,32,0,47,16,77,39,78,75,32,20,30,99,70,0,0,0,0,0,0,60,2,99,2,0,99,34,32,32,92,78,0,0,48,0,61,0,60,10,99,8,1,86,40,20,31,99,99,0,0,0,0,0,0,116,23,99,2,0,99,99,99,99,50,50,50,50,29,8,31,10,0,38,24,24,42,86,105,98,114,97,116,105,111,110
90,39,25,54,99,72,72,99,39,0,0,12,56,8,77,6,0,90,40,25,55,99,71,64,85,39,0,0,15,56,0,78,2,0,99,99,99,99,99,99,99,99,3,0,15,3,63,16,0,20,0,90,35,20,45,99,75,72,0,25,0,63,3,56,28,0,10,0,90,39,29,47,27,72,72,0,39,0,44,0,56,0,76,2,0,90,39,25,56,99,92,0,0,0,0,0,3,56,12,99,4,0,84,95,95,61,50,50,50,50,15,15,37,0,0,0,64,12,80,108,111,111,107,101,121,50,32,32
99,29,57,57,99,80,56,0,61,0,99,0,2,20,92,0,0,66,66,66,66,99,99,99,0,0,0,0,0,112,0,99,0,0,93,70,30,41,99,66,0,0,53,99,96,0,58,12,95,12,0,93,30,30,57,99,99,99,0,0,0,0,0,104,0,99,0,0,93,30,30,41,99,99,99,0,38,99,0,0,104,0,99,2,0,66,66,66,66,99,99,99,0,0,0,0,0,8,0,99,2,0,99,99,99,99,50,50,50,50,30,13,28,46,11,0,49,24,119,111,111,102,101,114,50,115,112,116
99,17,17,0,99,50,0,0,0,0,0,0,56,0,64,10,0,99,31,31,0,97,50,0,0,34,20,44,7,16,0,75,4,0,99,42,30,36,98,80,50,0,41,99,0,2,58,4,93,2,0,99,30,0,0,98,70,0,0,0,0,0,0,64,0,97,0,98,39,99,99,40,97,99,99,0,0,0,0,0,64,4,90,2,0,39,99,99,40,97,99,99,0,0,0,0,0,56,12,99,0,99,94,99,99,99,54,50,50,50,25,8,35,0,0,0,0,24,67,72,73,78,65,51,80,76,85,83
97,80,80,70,99,90,80,0,51,0,0,0,57,0,58,23,60,63,0,12,70,99,90,99,0,51,0,0,0,57,1,88,2,0,60,40,20,70,99,99,90,0,51,0,0,0,59,2,86,8,0,97,80,80,70,99,90,80,0,51,0,0,0,57,1,78,14,0,63,0,12,70,99,90,99,0,51,0,0,0,57,0,75,2,0,60,40,20,70,99,99,93,0,51,0,0,0,59,3,99,8,0,0,0,0,0,50,50,50,50,2,4,37,42,0,0,24,24,79,98,111,101,32,32,54,32,66,67
99,30,33,83,99,99,99,0,48,78,4,0,32,3,84,1,90,99,54,99,83,99,89,89,0,44,17,11,0,40,1,83,4,0,93,32,34,70,99,99,99,0,41,19,0,0,88,0,99,1,1,85,35,31,82,99,99,99,0,39,31,0,3,56,0,75,0,0,99,32,28,75,99,99,99,0,0,0,0,0,32,0,99,1,1,92,82,49,65,99,80,33,0,44,99,0,0,56,0,99,6,0,99,99,99,99,50,50,50,50,25,5,31,3,5,0,24,24,72,97,109,109,111,110,100,32,83,112
99,0,0,0,99,0,0,0,52,75,0,0,63,0,62,0,0,97,52,26,43,90,30,0,0,0,0,0,0,58,16,95,10,0,90,42,7,55,90,30,0,0,0,0,0,0,61,20,96,10,0,91,73,37,80,93,28,0,0,0,0,0,0,56,12,80,14,0,99,20,0,0,99,0,0,0,41,0,0,0,71,0,82,0,0,95,24,12,46,99,93,32,0,36,57,14,3,63,0,99,0,0,94,67,95,60,50,50,50,50,15,15,35,0,0,0,48,24,72,97,114,100,66,97,115,115,49,53
99,50,99,99,99,95,42,0,0,0,0,0,56,0,99,8,0,99,58,69,99,99,95,19,99,0,0,0,0,56,0,99,15,96,99,50,11,58,99,90,69,0,0,0,0,0,56,0,99,63,59,99,51,60,53,99,88,0,0,0,0,0,0,56,16,99,31,78,74,46,25,70,99,99,99,92,0,0,0,0,56,0,99,7,0,99,91,55,50,99,95,0,0,0,0,0,0,56,1,99,31,96,99,99,99,99,50,50,50,50,14,14,99,0,51,99,122,24,83,77,65,83,72,32,51,48,46,52
72,25,25,70,99,99,99,0,46,10,1,12,59,8,76,20,0,61,25,25,61,99,99,93,0,0,0,0,0,115,0,97,4,0,61,25,25,50,99,99,97,0,60,10,10,0,115,0,88,8,0,99,97,62,47,99,99,90,0,46,17,40,3,61,0,75,2,0,99,97,62,47,99,99,90,0,0,0,0,0,60,0,90,0,0,45,25,25,36,99,99,98,0,41,0,50,0,117,0,99,0,0,98,98,98,98,50,50,50,50,31,15,34,33,0,0,8,12,80,73,80,69,32,79,82,71,46,49
99,45,20,42,99,46,0,0,46,0,44,0,96,0,99,6,0,48,24,16,33,99,48,0,0,0,0,0,0,80,0,50,0,0,94,43,20,33,99,90,27,0,0,0,0,0,56,8,89,2,0,94,43,20,31,99,90,27,0,0,0,0,0,0,0,80,0,0,94,43,20,54,99,90,27,0,0,0,0,0,8,12,86,0,0,94,43,20,42,99,90,27,0,0,0,0,0,96,0,99,2,0,99,99,99,99,50,50,50,50,16,15,35,0,0,0,49,24,83,89,78,84,65,88,69,32,32,32
68,33,21,25,99,95,67,15,45,12,39,15,24,20,61,6,0,71,45,9,28,19,99,29,0,39,27,42,3,49,8,78,2,0,50,62,43,14,95,76,50,67,39,16,0,3,81,22,71,3,98,63,20,26,41,99,45,26,0,37,0,16,0,33,24,91,2,0,24,10,19,22,99,99,57,0,45,0,0,3,56,4,67,57,55,69,7,8,49,99,99,77,0,49,13,0,0,60,8,99,2,0,99,99,99,99,50,50,50,50,15,7,26,0,0,14,49,12,70,82,69,78,67,72,72,82,78,49
99,99,99,34,99,99,99,0,0,0,0,0,56,0,99,2,0,99,99,99,34,99,99,99,0,0,0,0,0,56,0,59,0,0,99,99,99,34,99,99,99,0,0,0,0,0,56,3,99,0,0,99,99,99,34,99,99,99,0,0,0,0,0,56,0,47,20,0,99,99,99,34,99,99,99,0,0,0,0,0,56,20,83,18,0,99,99,99,28,99,99,99,0,0,0,0,0,56,3,99,22,0,99,99,99,99,50,50,50,50,2,8,45,0,0,0,55,36,66,69,65,77,69,82,32,50,32,32
92,71,58,36,99,0,0,0,34,0,98,0,117,4,69,0,99,90,71,33,31,99,0,0,0,29,0,26,2,94,4,94,0,0,97,27,10,25,99,86,48,0,3,0,0,0,38,4,84,2,0,90,27,20,50,99,85,0,0,34,0,27,0,69,4,83,10,0,95,0,25,0,99,75,0,0,3,0,10,0,77,4,86,2,0,80,24,10,50,99,62,0,0,3,0,0,0,61,8,96,1,0,94,67,95,60,50,50,50,50,17,5,30,0,0,0,64,12,72,111,110,107,121,84,111,110,107,49
86,42,99,71,99,97,96,0,27,0,12,7,56,0,84,2,0,93,76,99,71,99,88,96,0,39,0,14,15,56,0,98,2,0,91,76,99,71,99,88,96,0,39,0,0,15,56,0,99,2,0,81,76,99,71,99,88,96,0,39,0,0,15,56,0,99,2,0,78,42,53,71,99,82,85,0,27,0,20,7,56,0,83,2,0,80,76,99,71,99,88,96,0,39,0,11,15,56,0,99,2,0,84,95,95,60,50,50,50,50,21,11,37,0,0,0,72,24,83,89,78,45,76,69,65,68,51,50
99,99,63,63,99,99,0,0,0,0,0,12,56,0,99,12,34,99,99,72,68,99,99,0,0,0,0,0,12,112,0,86,2,57,71,99,51,63,99,99,0,0,0,0,0,12,0,0,37,4,39,70,99,71,68,99,99,0,0,0,0,0,12,56,0,99,2,86,99,99,63,63,99,99,0,0,0,0,0,12,56,0,97,28,12,99,99,72,68,99,99,0,0,0,0,0,12,56,0,99,8,89,36,31,28,14,50,50,50,50,4,4,56,21,60,44,122,25,75,76,73,75,32,32,32,32,32,32
70,99,99,44,99,99,99,0,0,0,0,0,56,3,75,10,0,69,99,99,44,99,99,99,0,0,0,0,0,56,0,75,6,0,99,99,99,46,99,99,99,0,0,0,0,0,56,0,91,2,0,14,99,99,44,99,99,99,0,0,0,0,0,56,3,69,10,0,99,99,99,42,99,99,99,0,0,0,0,0,56,0,71,2,50,99,99,99,44,99,99,99,0,0,0,0,0,56,0,71,2,0,99,99,99,99,50,50,50,50,19,8,71,0,0,99,11,24,70,73,76,77,32,65,84,32,49,49
66,75,49,71,51,90,78,0,43,10,8,0,58,8,67,47,32,50,57,47,71,70,99,94,0,39,0,10,0,59,12,95,2,0,54,60,25,71,70,99,88,0,0,0,0,0,58,8,99,1,3,54,75,25,71,51,83,78,0,43,18,1,0,58,8,55,7,29,55,61,42,71,70,99,98,0,39,0,10,0,40,12,91,0,0,59,63,28,66,70,99,95,0,0,0,0,0,57,8,99,1,2,99,99,99,99,50,50,50,50,2,0,35,0,0,0,41,24,83,104,111,114,103,97,110,32,32,32
74,35,32,32,99,99,99,0,10,0,8,3,56,2,70,10,0,74,30,32,20,99,99,99,0,10,0,8,3,88,2,91,2,0,74,43,0,49,99,99,99,0,39,0,40,3,48,3,92,12,0,72,24,0,45,99,99,99,0,39,0,0,15,56,0,99,2,0,84,43,32,20,99,99,99,0,10,0,8,3,8,2,84,4,0,75,24,32,45,99,99,99,0,39,0,0,15,48,0,99,2,0,99,99,67,99,50,50,50,50,8,7,32,0,0,0,40,12,79,110,101,32,111,110,32,79,110,101
95,78,69,10,99,0,99,0,39,0,0,3,61,0,63,20,74,99,46,52,37,99,0,0,0,71,59,69,7,33,4,75,18,36,99,26,34,25,99,0,0,0,27,0,0,6,61,12,88,10,0,99,35,94,41,99,0,0,0,39,0,0,6,61,12,54,2,0,63,97,54,98,99,99,0,0,27,0,0,3,59,4,53,22,0,94,29,31,39,99,69,0,0,39,0,0,6,60,12,78,44,0,99,99,99,99,50,50,50,50,20,14,23,0,0,0,113,24,66,101,108,108,116,114,101,101,32,32
51,38,36,34,99,92,0,0,0,0,13,0,74,3,82,10,0,54,27,22,34,99,95,85,0,0,0,4,0,58,2,84,2,0,51,19,27,34,99,95,83,0,0,0,4,0,42,2,83,2,0,82,19,26,32,99,94,65,0,54,0,0,0,113,0,90,0,0,51,20,8,34,99,91,85,0,0,0,2,0,2,1,78,2,0,80,14,28,32,99,94,65,0,54,0,0,0,1,0,90,0,0,94,67,95,60,50,50,50,50,11,15,32,40,32,0,24,36,80,114,110,99,108,121,66,108,115,92
39,247
240,67,0,9,32,0
82,33,35,48,86,5,0,0,15,99,33,12,54,28,39,14,7,80,17,15,42,99,77,0,0,0,99,21,8,22,8,99,2,0,74,79,10,41,86,99,0,0,15,0,67,4,118,12,95,2,0,80,15,10,42,99,77,0,0,15,0,0,4,102,12,99,2,0,99,33,21,35,99,50,0,0,0,73,0,12,74,28,96,2,0,80,25,10,42,99,77,0,0,15,0,0,4,62,8,91,2,0,99,99,99,99,50,50,50,50,4,6,28,0,0,0,48,24,68,76,32,82,72,79,68,69,83,52
32,25,32,40,90,99,40,40,0,0,0,0,112,8,90,6,0,99,35,30,40,99,95,95,0,0,0,0,0,112,8,95,2,0,99,46,30,28,99,83,70,50,51,0,25,0,72,8,90,6,0,99,35,30,40,99,95,80,0,0,0,0,0,72,8,99,2,0,99,53,30,28,80,40,40,40,51,0,25,0,16,8,70,2,0,99,35,30,40,99,95,80,0,0,0,0,0,16,8,90,0,0,99,99,99,99,50,50,50,50,4,8,20,0,12,13,57,24,60,86,97,110,103,101,108,105,115,62
80,68,8,12,90,82,2,2,14,0,0,4,104,0,96,6,7,58,48,16,45,99,92,0,0,12,0,0,4,88,0,99,1,41,80,68,8,12,96,82,2,2,14,0,0,4,104,0,94,4,58,80,48,16,45,99,92,0,0,12,0,0,4,88,0,99,1,32,99,68,8,12,90,82,2,2,14,0,0,4,96,0,89,4,56,50,15,16,45,99,92,0,0,12,0,0,4,96,0,99,9,0,97,97,97,97,49,50,50,50,5,12,30,38,11,1,57,16,84,72,79,85,71,72,84,83,45,50
59,99,99,39,99,99,99,0,0,0,0,0,90,16,82,6,33,40,39,49,29,99,48,29,0,0,0,0,0,56,0,99,4,0,69,29,39,40,97,59,49,0,0,0,0,0,56,0,99,2,0,78,60,49,38,99,58,79,0,60,0,99,0,58,12,99,14,0,78,59,49,38,99,58,39,0,0,0,0,0,56,0,99,2,0,49,19,39,39,99,19,99,0,0,0,0,0,56,0,99,2,1,99,99,99,99,52,50,50,50,22,7,35,0,0,0,49,24,121,97,110,110,105,32,32,32,32,32
95,77,56,0,78,78,0,0,41,24,0,3,63,0,98,60,0,99,65,0,8,82,48,0,0,32,0,0,0,61,0,99,6,0,90,66,0,41,82,48,0,0,0,0,7,0,57,0,99,14,0,93,30,34,46,99,80,0,0,0,0,0,0,57,0,99,2,0,92,46,36,19,99,87,0,0,0,0,5,3,43,0,82,16,0,94,34,35,38,99,80,0,0,43,99,0,3,59,0,99,2,0,94,68,95,60,50,50,50,50,8,15,21,0,0,0,1,24,84,111,114,105,109,80,108,117,107,52
73,70,60,0,99,99,97,0,32,0,21,0,59,0,47,20,0,85,70,97,0,99,65,60,0,32,0,0,0,41,0,54,16,0,95,92,28,60,99,90,0,0,48,0,60,0,62,1,59,12,0,98,87,0,0,87,86,0,0,32,0,21,0,59,8,92,8,0,95,95,0,0,99,96,89,0,32,0,0,0,51,4,68,4,0,65,99,0,70,99,99,90,0,32,0,0,0,65,16,99,2,0,0,0,0,0,50,50,50,50,16,13,37,42,7,99,24,24,67,76,65,82,73,78,69,84,32,32
90,52,25,54,99,99,99,0,7,0,0,0,83,4,99,4,0,98,10,6,62,98,99,99,0,0,0,0,0,42,16,57,4,0,80,20,16,64,99,0,44,0,0,0,0,0,63,8,75,2,0,99,45,33,64,97,95,89,0,36,0,0,0,74,1,81,2,0,95,20,25,54,99,99,99,0,39,0,20,0,60,4,93,2,0,70,11,7,65,99,99,99,0,0,0,0,0,57,12,99,2,0,94,67,95,60,50,50,50,50,17,7,40,52,40,75,40,12,66,97,115,115,111,111,110,32,55,32
99,8,18,18,0,99,73,99,39,34,17,2,16,13,77,24,0,99,15,28,14,0,88,65,99,39,34,17,2,0,9,79,10,50,78,15,20,24,77,99,90,99,44,6,6,2,32,15,83,2,50,99,26,18,36,99,90,70,0,56,0,0,3,80,8,99,1,47,71,11,31,17,86,99,87,29,55,18,25,9,88,9,92,2,0,99,24,18,36,99,88,72,0,39,0,0,7,56,12,99,0,0,97,75,94,66,50,50,50,50,14,13,33,3,0,53,2,24,82,112,116,114,82,73,83,69,32,51
98,50,98,44,99,83,98,0,32,99,19,1,98,0,92,6,0,87,77,79,34,41,98,90,0,32,0,0,0,45,0,99,0,0,51,15,11,10,0,89,98,0,48,0,0,0,50,0,76,4,0,87,77,79,33,41,98,90,0,32,0,0,1,59,0,95,0,0,29,31,0,25,99,0,0,0,32,0,0,0,88,0,99,0,0,99,0,13,35,99,99,99,0,32,0,0,0,65,0,95,0,0,0,0,0,0,51,50,50,50,13,10,33,42,4,99,64,24,71,108,101,110,100,97,39,115,32,32
71,23,18,25,99,28,0,0,51,0,0,0,57,19,79,4,0,99,23,18,25,99,28,0,0,65,0,99,0,57,0,99,2,1,99,23,18,25,99,28,0,0,0,0,0,0,114,16,90,0,99,53,23,18,25,99,28,0,0,64,0,63,0,2,0,99,2,0,99,23,18,25,99,28,0,0,0,0,0,0,82,0,99,0,0,39,23,18,25,99,28,0,0,0,0,0,0,34,0,99,0,0,99,99,99,99,50,50,50,50,28,5,81,13,9,94,51,24,67,82,69,65,84,73,79,78,85,83
94,44,41,46,99,63,54,0,5,0,0,12,57,0,79,8,0,95,33,49,35,99,51,54,0,0,0,0,12,59,16,82,2,0,94,23,64,53,99,51,54,0,0,48,0,4,58,16,71,4,0,66,22,42,39,99,51,53,0,23,39,0,12,5,12,99,2,1,99,28,32,32,99,58,95,0,0,64,0,12,64,16,76,2,1,99,21,99,28,99,36,44,0,0,30,0,8,110,20,99,2,1,25,0,2,29,50,50,50,50,8,0,35,39,0,0,49,24,66,97,114,32,84,97,99,107,110,111
64,52,13,72,99,87,61,0,41,0,6,14,45,4,94,8,28,78,58,0,54,85,73,89,0,64,13,40,0,90,4,85,42,0,65,65,22,51,99,81,35,0,51,0,37,2,89,4,75,16,0,71,36,14,44,95,92,54,0,33,0,51,4,84,4,96,0,0,78,17,7,52,87,92,97,0,39,0,52,6,74,0,74,2,0,68,60,79,56,95,77,97,0,42,0,3,3,62,4,99,0,0,82,51,46,66,50,50,50,50,17,4,26,99,7,0,49,36,77,114,76,101,97,100,66,111,100,121
99,15,15,33,99,90,80,0,0,0,0,0,58,11,80,2,1,68,20,20,34,99,90,80,0,0,0,0,0,82,11,78,2,0,99,20,20,30,99,90,80,0,0,0,0,0,58,0,97,2,0,68,20,20,33,99,90,80,0,0,0,0,0,58,4,99,0,0,99,20,20,25,99,90,80,0,0,0,0,0,58,4,99,0,0,99,20,20,25,99,90,99,0,0,0,0,0,58,0,83,2,0,94,67,95,60,50,50,50,50,2,8,25,69,15,99,49,24,32,90,90,73,78,71,32,32,32,32
0,25,0,0,99,0,0,0,41,0,0,4,56,0,0,10,0,95,25,25,62,99,95,0,0,51,0,0,3,56,0,0,2,0,65,25,30,62,99,97,95,0,0,0,0,3,56,0,71,4,0,65,25,30,62,99,97,95,0,0,0,0,3,32,0,99,4,0,87,90,0,0,99,99,0,0,41,0,0,4,80,0,99,7,47,65,58,57,62,99,60,0,0,0,0,0,3,56,28,99,2,0,99,75,75,60,50,50,50,50,8,8,55,0,0,0,7,12,70,108,117,116,101,32,32,32,50,50
99,99,84,40,99,99,0,0,0,0,0,0,56,0,86,26,0,99,99,35,40,99,99,0,0,0,0,0,0,56,3,60,8,0,37,99,35,39,45,99,35,0,0,0,0,0,56,0,99,4,0,99,20,99,31,99,0,0,0,0,0,0,0,56,0,75,20,0,99,28,99,20,99,0,0,0,0,0,0,0,56,3,55,6,0,99,31,99,33,99,0,0,0,0,0,0,0,0,0,99,4,0,99,99,99,99,50,50,50,50,2,8,48,0,0,55,51,24,84,87,73,78,67,76,69,32,32,32
80,42,38,46,99,90,0,0,51,0,17,0,56,0,63,22,1,75,24,29,6,99,89,0,0,51,0,0,0,1,4,87,0,1,57,50,56,38,99,86,99,0,17,0,0,0,43,8,99,4,1,80,42,38,46,99,90,0,0,51,0,17,0,64,0,67,22,0,75,24,29,6,99,89,0,0,51,0,0,0,41,4,87,0,0,57,50,56,38,99,86,99,0,17,0,0,0,83,8,99,4,0,0,0,0,0,50,50,50,50,2,3,19,29,35,0,24,24,83,109,111,111,116,104,111,117,116,32
56,77,50,41,99,97,68,0,15,0,0,4,119,0,10,4,2,74,87,50,41,87,27,0,0,15,0,0,4,111,0,98,2,4,90,58,50,41,96,27,0,0,15,0,0,4,118,0,98,2,2,83,20,50,41,99,27,0,0,15,0,0,4,115,0,99,0,0,99,77,42,35,99,0,0,0,0,0,0,0,112,0,99,0,0,88,47,46,46,99,0,0,0,0,0,0,0,115,0,99,0,0,99,99,99,99,50,50,50,50,13,13,36,28,2,80,112,12,76,79,71,32,68,82,85,77,32,32
99,34,27,39,99,81,0,0,21,0,70,4,68,16,83,10,0,93,69,10,47,99,97,0,0,9,0,99,4,53,4,82,2,0,80,14,13,40,99,91,0,0,15,36,30,5,63,12,99,2,0,95,28,27,47,99,90,0,0,5,0,99,4,74,12,79,10,0,88,92,71,63,99,67,91,90,39,0,99,4,74,4,88,2,0,88,28,27,50,99,90,0,0,49,32,95,9,58,16,99,2,0,0,0,0,0,50,50,50,50,3,8,35,0,0,0,7,24,80,73,65,78,79,32,32,32,32,50
48,45,46,68,99,0,0,0,0,0,0,0,64,0,84,2,0,43,50,47,99,99,0,0,0,0,0,0,0,72,0,93,2,0,43,60,47,62,99,0,0,0,0,0,0,0,48,0,99,2,0,49,45,47,68,99,0,0,0,0,0,0,0,80,3,86,2,0,39,59,47,99,99,0,0,0,0,0,0,0,48,0,93,2,0,40,54,47,62,99,0,0,0,0,0,0,0,64,0,99,2,0,99,91,31,50,50,57,46,29,20,14,4,39,67,0,113,48,66,65,66,89,32,67,65,84,32,32
77,48,28,24,99,79,0,0,60,54,0,1,119,19,99,30,0,80,35,17,28,99,70,0,0,52,0,35,3,100,20,79,6,0,80,32,32,33,99,70,0,0,0,0,0,0,43,12,99,2,0,84,50,23,10,99,70,0,0,58,0,37,0,115,19,79,18,0,86,46,23,12,99,70,0,0,52,8,0,3,27,15,79,4,0,78,32,31,31,99,70,0,0,60,0,0,0,59,12,99,0,0,94,67,95,60,50,50,50,50,2,14,34,33,0,0,25,24,67,104,111,114,109,97,32,54,32,92
71,80,74,69,99,97,99,0,0,17,0,4,56,0,66,30,0,71,80,74,69,99,97,99,0,0,0,0,0,32,0,68,6,0,71,80,74,69,99,97,99,0,0,0,0,0,56,0,87,2,0,71,80,74,69,99,97,99,0,0,0,0,0,104,0,92,2,0,71,80,74,69,99,97,99,0,0,0,0,0,0,0,89,2,0,71,80,74,69,99,97,99,0,0,0,0,0,56,0,99,2,0,84,95,95,60,50,50,50,50,1,14,0,0,0,0,32,24,79,66,69,82,72,69,73,77,46,49
99,17,17,0,99,50,0,0,0,0,0,0,56,0,64,10,0,99,31,31,0,97,50,0,0,34,20,44,7,16,0,75,4,0,99,42,30,36,98,80,50,0,41,99,0,2,58,4,93,2,0,99,30,0,0,98,70,0,0,0,0,0,0,64,0,92,0,98,99,50,36,40,98,90,0,0,22,0,25,4,66,4,90,2,0,70,40,0,45,94,50,0,0,46,20,85,1,56,28,99,0,93,94,99,99,99,54,50,50,50,25,14,35,0,0,0,0,24,32,77,79,78,71,79,76,73,65,32
99,99,34,99,99,99,99,0,0,0,0,0,112,0,58,2,0,87,99,38,99,99,99,88,0,0,0,0,0,0,0,62,0,0,99,99,99,99,99,99,99,0,0,0,0,0,112,0,91,2,0,70,99,99,99,99,99,99,0,0,0,0,0,56,0,95,1,0,99,99,99,99,99,99,99,0,0,0,0,0,64,0,66,0,0,99,99,99,99,99,99,99,0,0,0,0,0,80,0,99,2,0,99,99,99,99,50,50,50,50,0,13,35,0,0,0,49,24,76,69,65,68,32,83,78,89,84,72
97,32,45,42,99,80,0,0,0,0,0,0,88,16,83,2,0,52,32,45,42,99,80,0,0,0,0,0,0,0,11,99,1,41,97,32,45,42,99,80,0,0,45,99,0,0,56,0,52,16,0,97,32,45,42,99,80,0,0,0,0,0,0,56,0,99,0,0,34,32,45,42,99,80,0,0,56,0,99,0,56,0,99,2,50,34,32,45,42,99,80,0,0,55,0,99,0,56,0,99,2,48,99,99,99,99,50,50,50,50,28,15,35,0,0,0,49,24,83,72,73,77,77,69,82,32,32,32
99,99,58,99,99,99,0,0,0,0,0,0,59,24,87,26,0,99,99,38,99,99,84,0,0,0,0,0,0,60,28,81,30,0,59,99,41,71,99,99,0,0,0,0,0,0,52,28,67,18,0,69,99,99,71,99,99,99,0,0,0,0,0,60,8,84,0,0,59,99,22,71,99,86,0,0,0,0,0,0,35,20,69,6,0,99,64,33,71,99,89,0,0,0,0,0,0,8,0,99,1,0,99,99,99,99,50,50,50,50,15,15,36,0,0,0,33,24,84,73,71,72,84,112,108,117,107,97
51,27,34,60,99,99,99,0,30,28,6,0,105,3,66,2,0,54,17,34,50,99,99,90,0,30,23,10,3,105,0,71,2,0,59,38,20,56,99,99,0,0,32,0,0,4,104,0,99,2,0,52,27,26,60,99,99,88,0,30,22,5,0,49,1,70,6,0,52,17,24,50,99,99,90,0,30,28,0,7,81,0,61,0,99,58,38,20,56,99,99,0,0,32,0,0,4,80,0,99,0,99,99,99,99,99,47,51,50,50,3,6,32,99,5,0,33,12,83,116,114,66,114,115,32,94,47,92
25,21,98,30,99,0,99,0,34,15,82,7,57,0,58,8,0,63,69,60,30,0,0,98,0,0,3,0,0,56,4,77,0,0,99,21,98,30,99,0,99,4,99,12,80,2,48,4,93,2,0,66,69,60,30,0,0,98,0,0,4,3,0,56,0,67,0,99,25,21,98,30,99,0,99,0,43,12,87,7,8,0,86,2,0,66,69,60,30,0,0,98,1,1,0,0,0,56,0,99,0,99,99,99,99,99,50,50,50,50,2,12,27,22,5,3,38,24,65,98,97,100,111,110,32,32,32,32
16,24,35,25,71,78,99,4,15,0,0,4,71,0,78,4,0,16,49,36,34,55,87,98,0,15,0,0,4,55,0,98,0,0,78,37,85,45,86,99,79,0,15,0,0,4,86,0,76,0,0,15,85,98,45,59,67,80,0,15,0,0,4,59,3,99,0,0,46,86,68,23,99,78,70,0,0,0,0,0,46,3,89,0,0,47,57,68,46,99,95,59,0,0,0,0,2,98,18,99,50,50,13,14,98,98,50,50,50,50,13,13,71,32,68,82,85,48,67,104,105,114,112,114,117,109,32,32
90,34,26,99,99,99,97,99,49,0,0,0,57,0,89,2,0,95,28,40,40,90,76,75,0,60,0,71,0,59,0,80,16,0,90,76,30,46,99,90,0,0,49,0,0,0,58,0,83,4,0,90,34,26,99,99,99,97,99,39,0,35,0,49,0,78,6,0,95,2,86,40,90,76,75,0,49,0,0,0,59,0,94,6,0,78,74,30,46,99,90,0,0,49,0,0,0,58,0,82,2,0,0,0,0,0,50,50,50,50,2,8,30,0,0,0,32,24,72,65,82,80,83,73,67,72,32,52
99,98,91,64,55,98,98,74,31,23,16,8,65,8,99,22,1,99,73,86,34,58,98,0,94,32,26,15,4,16,4,99,2,1,73,56,62,83,30,98,43,67,32,14,17,1,89,12,99,2,1,66,20,13,32,93,98,0,0,38,20,23,1,42,12,99,8,1,90,22,21,62,25,98,0,17,30,15,18,2,43,4,76,34,1,55,48,46,47,77,98,90,0,30,20,21,0,83,8,97,6,1,99,99,99,99,50,50,50,50,11,12,44,0,10,10,25,24,70,65,78,84,79,77,69,83,32,32
75,40,48,59,99,99,99,0,33,0,0,3,0,12,9,15,47,72,48,55,33,97,87,74,0,36,0,35,0,48,20,88,16,0,81,27,28,36,99,98,89,0,46,0,0,3,27,4,86,4,0,56,16,15,58,99,95,92,0,0,0,0,2,34,24,99,4,0,71,1,2,30,99,99,99,0,39,0,0,3,1,3,75,6,0,43,23,19,47,97,97,94,0,0,0,0,0,52,16,99,1,33,99,99,97,97,48,51,50,50,21,7,39,31,20,0,25,12,79,108,100,32,80,111,110,100,32,92
96,89,26,46,99,0,0,0,15,0,0,4,64,16,84,12,0,99,56,6,42,99,71,63,0,15,0,56,4,56,12,76,10,0,99,34,26,39,99,0,0,0,84,14,99,1,58,20,82,4,0,99,15,10,47,99,92,92,0,56,91,0,3,112,4,99,4,0,21,29,7,29,88,88,28,0,68,0,99,2,0,0,81,4,1,68,56,10,47,99,98,36,0,39,99,0,15,88,8,98,4,1,98,98,98,98,53,49,50,50,14,15,33,35,15,0,16,12,77,69,84,72,69,78,89,32,32,32
107,247
240,67,0,9,32,0
84,76,32,28,85,65,83,2,27,15,11,0,56,0,78,6,35,99,30,32,5,76,47,59,0,49,0,97,12,56,0,91,0,0,97,21,61,53,99,98,88,0,32,17,56,1,56,0,65,16,0,97,48,85,31,98,99,94,0,0,0,0,2,26,0,64,0,0,97,0,87,55,99,96,92,0,37,21,80,3,56,0,69,4,0,97,58,87,75,96,97,97,0,48,0,15,0,0,0,94,1,0,94,67,95,62,48,48,48,48,15,7,31,0,0,0,17,13,83,109,111,103,32,66,97,115,32,32
78,95,66,0,99,99,99,0,55,0,0,0,57,0,93,63,81,78,56,53,0,99,87,79,0,62,42,0,12,57,4,67,6,0,78,76,49,0,99,93,76,0,41,0,0,0,57,4,95,2,50,62,61,68,70,99,97,91,0,44,0,0,0,57,16,77,1,0,78,95,62,0,99,87,62,0,55,0,16,0,57,0,99,4,0,59,0,12,70,99,99,99,0,51,0,0,0,58,10,99,2,0,0,0,0,0,50,50,50,50,0,15,33,42,21,86,24,36,80,97,110,32,80,105,112,101,32,56
99,85,43,71,99,77,0,0,0,0,0,0,62,0,87,30,0,99,77,26,48,99,98,0,0,0,0,0,0,84,0,75,2,0,99,30,20,54,99,95,0,0,0,0,0,0,43,0,78,10,0,98,36,44,56,99,99,0,0,0,0,0,0,75,0,91,2,0,99,20,0,0,99,0,0,0,41,0,0,0,63,0,80,2,6,95,62,28,58,99,60,0,0,36,57,14,3,63,0,99,2,0,94,67,95,60,50,50,50,50,7,15,6,0,1,0,48,24,66,65,78,74,79,32,32,32,32,32
99,50,28,12,91,82,0,0,0,0,0,0,59,12,64,5,60,99,41,38,0,91,82,0,0,0,0,0,0,59,8,99,8,33,99,67,50,21,91,82,0,0,0,0,0,0,115,12,97,4,0,99,30,35,42,99,92,0,0,0,0,0,0,59,20,99,4,0,99,20,20,9,99,87,0,0,57,0,71,2,58,16,61,12,70,99,41,33,38,99,90,0,0,0,0,0,15,60,16,99,2,0,50,51,50,50,50,50,50,50,14,13,25,0,10,99,40,12,83,116,101,101,108,76,105,100,115,49
86,85,25,0,99,98,0,0,15,0,0,4,66,7,90,11,38,85,85,25,0,99,98,0,0,15,0,0,4,18,15,83,3,34,99,41,26,7,99,99,99,99,0,0,0,6,32,11,94,3,81,99,80,36,0,99,99,45,99,0,0,0,2,56,7,95,59,78,99,41,26,7,99,98,46,99,0,0,0,6,56,11,94,3,29,99,80,36,0,99,98,45,99,0,0,0,2,56,15,99,3,78,98,98,98,98,50,50,50,50,15,4,63,0,84,99,112,24,72,69,76,73,67,79,80,84,69,82
60,22,90,70,99,60,60,0,0,0,0,0,80,12,99,40,0,60,22,90,70,99,60,60,0,0,0,0,0,72,0,75,0,0,60,22,90,70,99,60,60,0,0,0,0,0,40,0,90,10,0,68,22,90,70,99,60,60,0,0,0,0,0,32,0,80,50,0,60,22,90,70,99,60,60,0,0,0,0,0,72,0,99,62,21,60,22,90,70,99,60,60,0,0,0,0,0,40,0,90,0,0,75,99,83,99,55,50,82,50,3,8,35,0,0,0,49,12,83,67,82,65,84,67,72,32,77,69
25,21,98,15,99,0,99,0,0,0,0,0,56,0,84,4,1,99,82,98,15,99,0,98,0,0,0,0,0,56,0,98,0,0,99,82,98,15,99,0,98,0,0,0,0,0,56,0,98,2,11,99,82,98,17,99,0,98,0,0,0,0,0,56,0,65,0,0,99,55,75,18,99,32,99,0,0,0,0,0,56,0,86,38,2,99,38,40,15,99,0,0,0,0,0,0,0,56,0,99,10,0,29,98,35,17,56,95,45,99,30,15,43,70,98,0,116,24,76,65,83,69,82,32,80,76,85,83
95,49,28,24,94,79,0,0,64,99,0,1,47,8,99,24,0,95,36,23,28,99,70,0,0,52,0,0,3,44,12,89,10,0,75,99,23,39,81,99,0,0,50,14,0,3,43,12,91,4,0,95,50,29,42,99,99,0,85,27,0,0,0,75,16,76,12,0,95,47,16,28,99,99,0,87,52,0,0,3,75,8,75,4,0,46,95,20,40,65,99,0,0,60,0,0,0,77,0,93,8,0,98,98,95,98,49,52,50,50,3,13,35,33,0,0,57,12,90,105,116,104,101,114,94,32,32,32
79,75,25,42,41,96,92,0,54,0,0,0,59,4,75,12,0,98,33,24,42,99,96,92,0,54,0,0,0,57,8,71,32,0,76,66,24,42,99,96,92,0,54,0,0,0,59,8,99,2,0,92,34,20,38,99,92,84,0,0,0,0,0,58,0,90,2,0,99,47,0,37,99,93,87,0,99,0,0,0,57,24,91,2,0,48,33,20,39,99,92,84,0,0,0,0,0,58,4,99,2,0,94,68,95,60,50,50,50,50,2,7,38,33,6,0,49,24,84,46,67,104,97,115,115,32,32,32
99,84,31,0,99,93,0,0,0,0,0,0,58,0,99,2,0,99,11,30,0,99,93,0,0,0,0,0,0,56,0,74,2,0,99,77,31,57,99,93,0,0,0,0,0,0,56,0,99,4,0,99,84,30,0,99,93,0,0,0,0,0,0,58,0,99,2,0,99,11,30,0,99,93,0,0,0,0,0,0,56,0,81,2,0,99,77,31,57,99,93,0,0,0,0,0,0,56,0,99,2,0,99,99,99,99,51,50,50,50,2,8,35,0,0,0,1,12,66,97,99,107,71,117,105,116,97,114
99,82,75,0,99,87,0,0,41,30,0,0,56,4,99,63,41,99,64,0,8,85,48,0,0,37,0,25,0,56,16,99,6,0,90,67,21,82,99,85,0,0,18,0,2,4,56,28,78,14,0,99,30,34,46,99,80,0,0,0,0,0,0,56,28,78,0,0,75,45,36,19,99,87,0,0,0,0,18,3,42,24,67,22,2,99,33,14,38,99,80,0,0,43,99,0,3,58,4,99,1,0,94,67,95,60,50,50,50,50,15,11,37,0,0,0,49,24,75,97,114,105,109,98,97,32,32,118
78,38,26,16,58,72,72,0,0,0,0,0,112,12,66,24,0,80,25,31,18,74,75,75,0,39,63,0,1,112,12,99,0,0,79,64,30,32,44,88,96,0,0,0,0,0,112,12,99,2,0,78,38,26,16,58,72,72,0,0,0,0,0,56,12,66,32,0,78,25,31,18,74,75,75,0,39,63,0,1,0,12,99,0,0,80,64,30,32,44,88,96,0,0,0,0,0,56,12,99,2,0,99,99,99,99,50,50,50,50,3,15,37,0,10,0,16,24,67,85,82,86,69,68,32,65,73,82
35,88,46,46,60,99,0,0,0,0,0,0,56,0,99,10,7,37,88,48,46,60,99,0,0,0,0,0,0,56,0,99,10,9,40,88,46,45,60,99,0,0,0,0,0,0,56,0,99,10,15,45,89,46,46,60,99,0,0,0,0,0,0,56,0,99,12,0,50,88,46,45,60,99,0,0,0,0,0,0,56,0,99,12,11,99,88,47,46,60,99,0,0,0,0,0,0,56,0,99,16,0,99,99,99,99,50,50,50,50,31,8,35,0,0,0,49,36,68,73,78,71,76,32,49,57,46,49
34,15,10,47,99,92,92,0,0,0,0,0,64,8,85,4,0,76,74,10,31,99,92,0,0,0,0,0,0,40,4,91,4,0,50,74,10,32,98,98,98,0,41,56,0,2,72,4,72,4,0,33,15,10,47,99,92,92,0,56,99,0,3,112,6,85,4,0,46,40,80,53,99,90,91,0,68,0,0,2,56,0,84,2,0,93,99,41,54,99,99,99,0,39,0,0,15,56,8,99,1,12,98,98,98,98,54,49,50,50,4,14,33,35,15,0,32,12,76,97,121,101,114,77,101,108,111,119
87,48,1,24,94,79,0,0,60,54,0,1,71,12,99,30,0,86,35,8,28,73,70,0,0,52,0,35,3,92,16,62,6,0,87,32,25,33,99,70,0,0,0,0,0,0,27,23,99,2,0,85,50,2,10,99,70,0,0,58,0,37,0,11,0,79,18,0,75,46,16,12,99,70,0,0,52,8,0,3,43,12,79,4,0,74,30,27,31,99,70,0,0,60,0,0,0,99,23,99,2,0,94,67,95,60,50,50,50,50,3,8,34,33,0,0,17,12,83,79,70,84,32,83,89,78,84,72
99,99,99,27,99,99,99,0,0,0,0,0,56,8,67,7,34,99,99,99,38,99,99,99,0,0,0,0,0,112,4,57,6,0,99,71,32,44,99,90,0,0,0,0,0,0,0,4,70,2,0,60,60,40,51,99,90,0,0,0,0,0,0,59,4,47,6,0,54,64,99,99,99,0,0,0,0,0,0,0,56,0,77,0,27,67,60,40,51,99,90,0,0,0,0,0,0,59,0,99,2,0,99,99,99,99,51,50,50,50,17,8,35,0,0,0,49,36,72,117,102,102,46,80,101,114,99,32
99,86,55,0,99,0,0,0,41,0,0,0,56,4,97,37,0,99,72,0,60,99,0,0,0,54,0,0,0,56,16,89,5,37,90,57,2,28,87,48,94,0,67,0,71,0,56,12,96,24,1,99,31,50,30,99,80,0,0,0,0,0,0,25,16,99,2,0,99,39,46,40,99,80,0,0,54,0,7,0,58,12,85,10,0,99,24,50,33,99,0,0,0,0,0,0,0,81,28,99,4,0,99,99,99,99,50,50,50,50,4,15,35,0,0,0,55,36,71,108,111,99,107,101,110,115,112,32
95,34,0,47,99,90,0,0,5,0,42,4,56,3,85,1,96,83,59,58,50,99,67,93,0,41,0,38,0,88,8,82,10,0,71,28,27,50,99,90,0,0,49,0,0,12,62,24,96,2,0,95,28,27,47,99,90,0,0,22,0,22,0,58,12,68,18,50,95,62,77,50,91,60,86,0,39,0,0,0,74,8,86,2,0,88,28,27,50,97,90,0,0,0,0,0,12,58,24,96,2,0,0,0,0,0,50,50,50,50,10,9,35,0,0,99,25,12,80,73,65,78,79,32,49,32,86,32
99,59,25,60,99,49,0,0,39,99,15,6,91,8,99,8,15,99,72,25,60,99,49,0,0,36,99,10,6,59,0,99,14,10,99,56,25,60,99,36,0,0,48,8,10,6,59,20,89,23,20,53,38,75,61,88,44,24,0,46,0,0,0,32,17,74,8,0,99,97,62,54,99,99,90,0,0,0,0,0,92,8,81,2,0,61,67,70,65,93,89,98,0,41,0,0,0,40,8,99,2,0,99,99,99,99,50,50,50,50,29,15,32,23,8,13,56,24,77,85,83,73,67,66,76,79,67,75
53,64,44,54,99,92,56,0,55,25,0,3,58,8,53,28,0,53,67,38,54,99,99,99,0,32,26,0,0,58,4,71,6,0,96,19,20,54,99,96,99,0,0,0,0,0,58,4,83,2,0,50,31,35,41,99,96,93,0,51,98,60,3,58,8,99,2,0,99,71,35,51,82,95,87,0,54,0,0,0,57,0,86,2,0,52,30,25,53,99,94,90,0,0,0,0,0,58,8,99,2,0,94,67,95,60,50,50,50,50,6,15,35,54,30,0,40,12,67,69,76,76,79,32,32,32,32,50
94,0,99,0,99,0,0,0,0,0,0,0,58,20,99,16,1,99,36,99,29,99,0,0,0,48,0,99,0,63,8,99,23,7,99,56,99,46,99,0,0,0,0,0,0,0,58,24,94,23,25,99,56,99,57,99,0,0,0,50,99,0,0,58,8,99,6,3,99,54,99,46,99,0,0,0,0,0,0,0,58,24,92,8,0,99,57,99,49,99,0,0,0,50,99,0,0,58,8,99,2,17,99,99,99,99,50,50,50,50,4,15,35,0,0,0,59,48,77,85,84,69,32,66,76,79,67,75
71,64,98,61,99,67,52,0,46,0,0,12,64,8,77,8,78,65,38,0,61,99,0,0,0,53,0,43,0,56,0,51,4,0,61,25,25,60,99,99,97,0,60,10,10,0,3,0,70,4,0,53,38,75,61,88,44,24,0,46,0,0,3,112,0,62,4,2,59,53,62,54,99,60,0,0,0,0,0,0,60,8,70,8,15,60,71,66,65,82,75,95,0,41,0,0,0,56,8,93,2,0,94,67,95,60,50,50,50,50,15,13,30,23,0,0,32,24,67,65,76,73,79,80,69,32,32,32
99,99,99,37,0,0,0,99,0,0,0,0,56,2,99,34,50,99,99,99,31,99,99,99,0,39,99,99,3,56,31,80,20,0,57,55,51,31,99,79,99,0,0,0,0,0,56,0,99,3,17,99,99,99,31,99,99,99,0,51,0,0,12,56,28,99,2,28,99,99,99,0,99,0,0,0,0,0,0,0,56,3,80,10,32,71,99,99,31,99,99,99,0,0,0,0,0,56,0,99,2,0,99,99,99,99,50,50,50,50,15,0,66,0,0,99,6,12,66,69,65,77,69,82,32,49,48,32
58,32,77,30,99,99,58,0,10,0,0,4,56,8,99,0,0,12,30,25,28,99,99,0,0,10,0,0,4,56,10,92,10,0,27,71,20,39,99,99,0,0,0,0,0,4,56,8,93,4,0,10,99,20,41,99,99,0,0,0,0,0,0,56,4,93,0,1,19,99,20,22,99,99,0,0,0,0,0,0,56,8,90,4,0,29,99,20,35,99,99,17,0,0,0,0,0,56,6,99,0,0,98,98,75,60,50,50,50,50,16,3,35,0,3,99,6,24,79,110,32,116,104,101,32,82,117,110
99,28,96,4,88,89,0,0,50,0,23,0,56,1,99,2,31,98,28,76,4,99,92,0,0,50,0,23,0,60,0,46,7,36,99,34,72,4,43,92,57,0,50,0,23,0,59,0,99,2,5,44,43,48,88,99,81,0,0,0,0,0,0,60,0,99,4,0,99,33,70,4,43,92,57,0,50,0,23,0,60,0,98,2,3,46,98,98,99,99,85,0,0,0,0,0,0,60,0,99,2,0,51,67,95,60,79,59,50,50,14,11,34,33,0,0,24,12,87,104,97,116,63,79,110,101,63,32
45,99,41,43,69,99,0,0,46,0,0,3,72,8,75,22,0,45,99,41,37,69,99,0,0,46,0,0,3,56,7,90,6,0,45,99,41,43,69,99,0,0,46,0,0,3,40,0,70,26,0,60,99,41,37,69,99,0,0,46,0,0,3,112,3,85,6,0,99,45,24,30,99,99,0,0,32,0,0,0,59,11,80,12,0,99,45,24,30,99,99,0,0,32,0,0,0,11,3,95,2,0,0,0,0,0,50,50,50,50,28,12,33,0,0,0,0,36,39,66,105,109,109,101,108,39,72,77
95,72,71,99,99,97,91,0,46,0,24,0,57,3,90,22,0,95,17,21,47,99,90,0,0,42,0,0,0,83,3,99,0,0,91,17,19,70,99,91,0,0,0,0,0,0,57,3,99,14,0,67,28,3,47,99,90,0,0,0,0,0,0,91,24,99,4,0,79,43,16,99,99,94,0,0,0,0,0,0,57,0,99,4,0,95,6,27,53,99,90,0,0,0,0,0,0,35,0,99,0,0,99,99,31,99,50,50,50,50,25,13,44,0,0,0,80,12,76,100,83,117,98,72,114,109,50,92
95,92,52,47,92,91,31,0,73,70,99,13,56,5,61,20,5,93,18,11,40,99,99,32,0,36,0,0,3,25,0,99,0,98,93,18,11,40,99,99,32,0,36,0,0,3,0,4,99,2,0,93,18,11,40,99,99,32,0,36,0,0,3,80,4,99,0,98,93,18,11,40,99,99,32,0,36,0,0,3,8,0,99,2,0,93,18,11,40,99,99,32,0,36,0,0,3,112,4,99,2,1,99,99,99,66,48,50,50,50,30,7,34,8,9,99,56,24,72,79,76,76,79,87,32,83,89,78
65,9,29,29,87,49,29,81,0,0,0,0,8,0,99,0,0,99,50,50,50,99,48,99,0,0,0,0,0,58,20,72,12,0,99,50,20,10,99,42,99,0,0,0,0,0,112,0,99,0,0,96,66,66,36,99,50,99,0,0,0,0,0,112,0,99,0,0,99,19,69,29,99,59,0,0,0,0,0,0,2,8,86,0,0,40,20,40,40,99,50,40,0,0,0,0,0,0,0,99,0,0,99,99,99,99,50,50,50,50,8,15,35,0,0,0,49,24,116,105,110,103,72,97,114,109,105,99
78,28,99,23,99,25,0,0,28,12,0,12,64,0,77,6,5,22,28,99,21,99,25,0,0,28,12,12,12,114,0,72,0,0,72,28,15,25,99,25,0,0,28,12,0,12,0,3,66,2,18,94,28,99,29,99,25,0,0,28,12,0,12,56,0,80,6,5,99,28,99,29,99,25,0,0,28,12,0,12,56,0,98,2,18,99,28,99,29,99,25,0,0,28,12,0,12,112,8,99,0,0,97,94,75,60,50,50,50,50,26,5,22,0,0,99,16,36,84,66,84,65,78,32,66,69,76,76
75,21,10,48,99,88,0,0,15,0,42,3,63,16,52,38,0,75,22,23,43,99,88,0,0,44,0,50,3,61,8,71,10,0,75,24,6,45,99,88,0,0,17,0,14,3,59,8,90,2,0,75,22,8,38,99,91,0,0,50,0,0,3,63,8,99,2,0,90,85,36,46,99,75,0,0,32,21,0,3,111,16,99,32,0,74,33,15,48,99,0,0,0,47,99,0,3,55,12,78,4,0,94,68,95,60,50,50,50,50,11,15,35,0,0,0,0,12,65,99,111,117,115,84,105,110,101,50
91,31,60,32,99,52,0,0,51,50,0,1,27,0,75,12,0,99,32,57,40,96,79,0,0,0,0,0,0,27,0,77,4,0,91,31,60,37,99,27,0,0,63,0,99,0,27,4,68,2,0,75,32,33,39,99,80,0,0,0,0,0,0,27,16,99,2,0,98,74,20,15,99,0,0,0,0,0,0,0,51,0,99,15,0,99,54,49,49,99,0,0,0,46,35,0,0,51,20,94,61,0,0,0,0,0,50,50,50,50,13,7,39,85,1,0,24,12,65,67,79,85,83,84,71,85,73,84
82,247
240,67,0,9,32,0
99,79,92,71,99,0,0,0,15,0,0,4,59,0,99,36,8,85,67,96,25,99,0,0,0,15,0,0,4,57,0,73,40,2,99,0,38,28,99,0,0,0,63,0,18,0,58,0,77,8,0,98,47,38,41,99,0,0,0,0,0,0,4,2,4,95,4,0,99,17,20,0,99,79,0,0,0,0,0,0,58,0,69,4,0,51,26,19,47,99,99,99,0,0,0,0,0,112,0,99,1,4,99,99,85,99,50,50,50,50,8,15,22,0,4,90,41,24,80,76,75,46,72,65,82,80,35,50
99,42,50,59,99,99,99,0,33,0,62,3,24,0,72,4,0,99,49,55,34,99,95,92,0,38,4,15,3,56,0,66,16,0,50,30,0,32,99,98,90,0,46,4,0,3,16,0,71,4,0,48,7,9,50,99,99,99,0,50,7,0,0,80,0,85,4,0,44,11,27,13,99,98,98,0,39,5,0,1,119,0,76,4,1,48,11,11,50,99,99,99,0,50,7,0,0,0,0,85,1,28,92,94,0,0,50,50,50,50,1,15,35,0,20,0,24,12,83,116,114,105,110,103,115,45,49,32
75,72,48,17,53,47,41,0,0,0,0,0,112,8,83,4,0,42,50,24,62,71,72,85,0,0,0,0,0,32,4,92,4,0,75,79,41,12,48,58,20,9,0,0,0,0,40,4,92,10,60,58,71,53,47,99,94,97,0,0,0,0,0,112,4,86,1,52,65,63,53,25,46,56,71,46,0,0,0,0,72,6,99,4,0,61,55,53,48,99,94,97,0,0,0,0,0,0,0,92,9,29,18,60,95,60,48,51,50,50,15,15,35,35,5,2,64,24,71,97,98,114,105,101,108,32,50,0
99,97,99,60,99,99,99,0,48,0,0,0,73,3,99,7,71,78,76,64,60,99,39,35,0,31,0,0,0,57,27,82,1,93,64,76,64,59,99,31,10,0,43,0,14,0,57,10,80,6,7,78,97,64,59,99,99,90,0,31,0,19,0,58,14,90,2,0,55,97,99,60,99,99,99,0,48,29,25,0,57,2,58,4,0,59,69,53,64,99,99,99,0,0,0,0,0,58,13,99,2,0,99,99,99,99,50,50,50,50,15,15,35,39,14,73,41,24,65,73,82,66,76,79,87,69,82,32
99,55,50,55,99,95,0,0,39,14,0,4,62,28,90,12,58,95,52,33,58,99,95,0,0,0,0,0,4,61,12,80,0,0,95,35,13,57,99,95,0,0,0,0,40,4,42,24,80,12,0,99,58,39,99,99,95,0,0,53,40,0,5,59,24,90,2,0,99,28,39,10,99,85,0,0,0,0,0,4,58,16,90,0,0,80,38,25,53,99,95,0,0,0,0,0,0,60,16,99,0,0,99,99,99,99,50,50,50,50,15,7,35,0,0,0,48,24,67,108,97,118,105,80,108,117,99,107
41,50,10,32,99,92,92,0,0,0,0,0,57,4,72,4,0,54,44,10,28,99,92,0,0,0,0,0,0,41,4,82,2,0,54,42,10,32,98,98,36,0,98,0,0,0,73,4,71,2,0,53,39,10,58,99,50,0,0,0,0,0,0,113,4,81,4,0,63,13,7,30,99,88,28,0,0,0,0,0,9,0,77,2,0,62,56,10,54,98,99,36,0,98,0,0,0,57,4,98,2,0,59,54,50,49,51,50,50,50,17,15,29,0,8,0,32,12,98,114,97,115,115,115,115,121,50,32
36,99,57,46,50,99,0,0,0,0,0,0,112,0,83,6,70,35,99,52,53,50,99,0,0,0,0,0,0,112,0,99,0,99,42,99,59,48,50,99,0,0,0,0,0,0,88,0,81,6,71,40,99,50,54,50,99,0,0,0,0,0,0,80,0,99,2,0,99,92,18,49,99,72,21,0,0,0,0,0,0,0,82,6,73,99,53,49,55,99,81,0,0,0,0,0,0,0,0,97,2,1,99,99,99,99,51,50,50,50,4,8,35,0,0,0,49,24,79,110,103,108,111,110,32,32,32,32
95,28,27,43,99,99,50,0,0,0,0,0,56,1,99,2,0,83,0,27,43,99,99,0,0,0,0,0,0,56,13,88,2,0,88,28,27,43,99,99,99,0,0,0,0,0,56,17,99,2,0,95,28,27,43,99,99,99,0,0,0,0,0,56,13,92,0,0,88,92,71,43,99,99,90,90,0,0,0,0,56,5,90,0,0,99,0,0,43,99,99,0,0,0,0,0,0,56,17,99,0,0,99,99,99,99,50,50,50,50,3,1,15,0,0,0,1,12,83,79,70,84,83,84,69,69,76,32
99,74,39,26,99,94,0,0,53,99,0,0,112,16,48,16,0,99,65,25,10,99,99,0,0,42,99,0,0,8,0,72,0,0,99,93,32,55,99,99,0,0,42,99,0,0,80,0,99,2,0,88,96,32,30,78,71,0,0,32,0,0,10,63,8,99,8,0,99,20,0,0,99,0,0,0,0,99,0,11,63,12,76,0,0,95,62,17,58,99,95,32,0,38,99,99,2,63,12,99,0,0,94,67,95,60,50,50,50,50,2,8,35,43,0,0,48,24,66,65,83,83,45,82,79,65,68,83
90,56,27,0,99,99,0,0,0,0,0,0,56,16,80,18,0,90,56,27,0,99,99,0,0,0,0,0,0,56,4,80,4,0,90,56,27,0,99,99,0,0,0,0,0,0,56,8,75,12,0,90,56,27,0,99,99,0,0,0,0,0,0,56,16,75,8,0,90,56,27,0,99,99,0,0,0,0,0,0,56,0,60,4,0,90,56,60,85,99,99,0,0,0,0,0,0,56,0,99,20,0,99,99,99,99,50,50,50,50,15,8,35,0,0,0,49,12,70,85,78,75,32,80,85,76,83,69
99,35,22,60,27,86,86,0,0,0,0,0,63,3,99,36,91,99,35,22,60,99,86,86,0,0,0,0,0,55,3,60,16,6,99,92,22,60,76,77,77,73,0,0,0,0,63,3,50,4,99,99,0,0,39,0,0,0,99,0,0,0,0,63,31,99,6,33,99,90,15,99,99,86,85,0,0,0,0,0,63,3,83,7,3,41,26,99,99,99,0,0,0,0,0,0,0,63,0,99,0,0,98,62,99,99,44,80,77,50,17,15,95,0,99,99,119,24,89,69,65,65,65,72,72,32,32,32
72,99,99,24,99,99,99,0,0,0,0,0,72,0,46,46,0,71,99,99,28,99,99,99,0,0,0,0,0,80,0,43,42,0,99,99,99,35,99,99,99,0,0,0,0,0,88,0,49,36,0,99,99,99,30,99,99,99,0,0,0,0,0,34,8,58,16,1,99,99,99,31,99,99,99,77,0,0,0,0,88,0,50,14,0,48,99,99,38,99,99,99,0,0,0,0,0,82,8,99,4,0,98,98,98,98,50,50,50,50,11,8,89,0,16,99,27,24,87,105,110,101,71,108,97,115,115,50
99,78,75,98,80,65,64,0,39,0,0,0,56,28,44,10,11,69,73,52,68,99,99,94,0,39,0,0,0,56,0,94,2,0,99,54,21,98,96,64,64,0,39,0,0,0,56,0,51,2,1,68,73,28,68,99,99,92,0,39,0,0,0,56,0,94,2,0,99,54,21,98,96,64,64,0,39,0,0,0,56,0,33,4,1,69,73,28,68,99,99,92,0,39,0,0,0,56,0,93,2,0,99,72,95,60,50,50,50,50,4,8,35,0,0,0,41,36,80,105,99,99,111,108,111,46,74,32
99,27,99,21,99,92,0,0,39,0,0,0,56,3,99,0,0,29,99,30,20,95,0,85,0,39,0,0,4,56,28,99,12,0,17,99,53,28,50,80,0,0,39,0,71,4,56,28,99,16,7,23,99,26,27,51,92,0,0,39,0,0,4,56,0,92,8,7,50,99,99,99,99,63,58,0,39,0,0,4,59,3,99,22,0,99,49,99,45,99,38,99,0,39,0,0,0,56,0,91,6,0,0,0,0,0,50,50,50,50,8,4,20,0,0,0,51,12,69,86,69,78,84,83,114,49,102,108
71,25,16,26,99,16,0,0,39,99,0,0,56,4,99,3,0,58,25,16,26,99,16,0,0,0,0,0,0,56,4,70,20,0,30,25,16,26,99,16,0,0,0,0,0,0,56,4,99,2,1,28,25,16,30,99,16,0,0,0,0,0,0,56,4,99,4,75,99,26,16,30,99,16,0,0,0,0,0,0,56,16,70,4,75,99,26,16,30,99,16,0,0,99,0,0,0,56,4,99,2,0,99,99,99,99,50,50,50,50,2,11,35,0,0,0,49,24,83,111,110,105,67,114,121,115,116,108
99,71,99,99,93,46,46,0,51,0,99,3,56,4,75,1,0,99,99,74,99,84,87,90,0,51,0,13,3,64,4,87,0,0,99,55,19,99,96,96,90,0,51,0,0,3,40,0,92,0,0,99,99,73,99,99,99,99,0,51,0,0,3,80,0,99,0,0,99,0,98,99,99,80,80,0,39,0,0,15,119,0,85,0,0,99,20,99,99,99,99,99,17,39,0,0,15,56,0,99,0,0,84,95,95,61,50,50,50,50,14,7,35,0,0,0,56,36,83,121,110,76,101,97,100,46,51,57
53,64,32,26,88,89,90,0,39,23,9,3,6,3,64,6,73,90,88,35,26,97,92,84,87,0,9,8,0,53,1,67,4,2,96,50,32,33,91,94,95,63,0,0,4,0,81,0,79,0,99,38,45,35,0,99,97,99,99,0,0,0,0,7,0,65,1,81,98,60,67,30,82,85,90,0,29,2,12,0,58,1,84,2,2,35,25,25,29,84,89,99,0,0,0,0,0,58,4,91,1,7,98,97,98,98,46,50,50,50,15,15,17,20,15,38,24,24,70,65,78,84,65,83,89,32,50,32
95,48,28,24,94,79,0,0,60,54,0,1,71,12,89,6,0,95,35,99,28,99,70,0,0,52,0,35,3,92,16,79,6,0,95,32,49,33,99,70,0,0,0,0,0,0,27,20,99,2,0,95,50,44,10,99,70,0,0,58,0,37,0,11,0,70,62,0,95,46,99,12,99,70,0,0,52,8,0,3,43,12,79,6,0,95,32,45,31,99,70,0,0,60,0,0,0,99,20,99,2,0,94,67,95,60,50,50,50,50,2,14,34,33,0,0,25,24,72,65,82,80,50,32,77,79,68,49
99,46,20,44,99,0,0,0,32,0,0,0,44,0,82,40,32,99,36,21,58,99,0,0,0,0,0,0,0,5,0,34,44,82,71,32,20,67,99,93,0,0,31,28,11,7,115,8,89,2,0,81,45,20,51,99,94,0,0,0,0,0,0,91,28,99,2,0,64,68,21,30,99,60,79,0,14,0,0,0,81,8,53,28,0,41,34,54,44,99,0,0,0,49,0,0,0,35,8,99,2,0,92,99,78,0,49,51,50,50,16,8,35,0,0,0,6,24,86,105,97,108,105,110,99,101,32,32
89,53,20,33,99,0,0,0,32,0,0,0,40,0,73,54,32,99,43,21,21,99,0,0,0,25,0,0,0,7,4,37,10,82,99,70,23,22,99,81,0,0,44,0,99,7,113,28,85,2,0,78,49,22,41,99,95,0,0,46,0,99,0,7,31,73,4,0,90,49,49,49,27,95,0,0,36,0,0,0,0,4,59,16,3,76,65,31,34,99,96,95,0,39,0,0,0,3,8,99,1,42,59,99,78,0,49,51,50,50,17,15,35,0,0,0,8,12,74,65,77,65,67,65,32,32,32,32
99,40,0,0,99,0,0,0,43,0,0,2,16,0,60,10,0,99,40,0,50,99,0,0,0,43,0,0,2,16,0,70,4,0,99,44,0,30,99,0,0,0,43,0,0,2,16,0,71,2,0,80,45,0,50,99,0,0,0,31,0,0,3,96,0,99,2,0,99,46,0,40,99,0,0,0,43,0,0,2,0,0,17,2,1,80,45,0,50,99,0,0,0,31,0,0,3,0,0,99,2,1,99,99,99,99,50,50,50,50,1,15,30,50,25,0,24,12,83,87,46,32,68,82,69,65,77,50
76,96,50,99,99,99,99,0,39,0,99,0,88,0,0,0,2,99,71,69,99,99,82,0,0,39,80,36,0,112,0,35,47,80,99,67,72,0,99,89,81,0,39,0,0,12,47,4,99,4,0,99,99,0,0,99,99,99,0,39,0,0,0,48,4,82,1,24,99,99,99,0,99,99,99,0,39,0,8,0,38,4,70,2,0,96,86,48,11,99,99,99,0,39,0,3,0,60,4,99,2,0,59,99,99,99,50,50,50,50,17,15,29,44,9,0,41,24,39,71,117,114,111,111,39,32,72,77
66,32,24,43,99,68,0,0,14,0,15,0,70,20,87,10,0,60,24,16,43,99,68,0,0,14,0,17,0,54,28,99,2,0,60,24,16,43,99,68,0,0,14,0,4,0,62,12,99,4,0,66,30,16,74,99,76,0,95,38,9,19,0,78,20,88,10,0,68,27,7,45,99,85,0,0,0,0,0,0,119,12,99,4,0,68,27,7,43,99,85,0,0,0,0,0,0,7,12,99,4,0,0,0,0,0,50,50,50,50,19,15,0,0,4,0,5,12,65,100,105,116,118,66,101,108,32,55
99,99,16,18,99,99,94,0,0,0,0,0,56,0,91,0,0,99,99,32,18,99,99,0,0,0,0,0,0,56,12,67,6,0,28,99,15,18,99,99,90,0,0,0,0,0,56,6,99,4,0,92,99,32,42,99,99,0,0,44,0,99,4,80,1,99,8,0,99,99,32,18,99,99,0,0,0,0,0,0,56,16,83,10,0,92,99,32,42,99,99,0,0,0,0,0,0,56,8,99,2,0,99,99,99,99,50,50,50,50,6,11,26,25,5,25,50,24,32,67,104,97,114,105,111,116,115,32
99,59,25,60,99,49,0,0,39,99,15,6,91,8,99,6,53,99,72,25,60,99,49,0,99,36,99,10,6,59,0,99,14,10,99,56,25,60,99,36,0,0,48,8,10,6,59,20,89,39,20,53,38,75,61,89,44,24,0,46,0,0,3,32,17,74,8,0,99,97,62,54,99,99,90,0,0,0,0,0,92,11,81,2,0,61,67,70,65,93,89,98,0,41,0,0,0,40,8,99,2,0,99,99,99,99,50,50,50,50,17,15,32,23,8,13,56,24,68,73,82,84,89,70,76,85,84,69
75,40,36,44,99,99,98,5,15,0,82,4,119,0,69,0,0,80,40,36,44,99,99,98,5,15,0,11,4,115,0,64,2,0,48,15,54,28,99,72,89,0,15,0,96,4,115,0,44,16,0,48,15,54,28,99,72,89,0,15,0,96,4,115,0,99,4,0,48,15,54,28,99,72,89,0,15,0,96,4,115,0,93,6,0,48,15,54,28,99,72,89,0,15,0,96,4,115,0,99,6,0,98,98,98,98,50,50,50,50,6,14,21,0,58,88,118,17,79,67,84,65,86,69,32,87,65,82
80,25,26,12,85,99,81,0,0,0,0,0,56,0,81,2,0,45,20,95,30,70,99,99,0,0,0,0,0,56,0,99,57,13,80,16,26,25,85,99,81,0,0,0,0,0,112,0,81,2,0,45,20,95,30,70,99,99,0,0,0,0,0,56,0,99,1,8,80,16,26,25,85,99,81,0,0,0,0,0,0,0,81,2,0,45,20,95,30,70,99,99,0,0,0,0,0,56,0,99,33,0,99,99,99,99,50,50,50,50,4,8,35,0,0,0,49,12,32,32,67,73,82,82,85,83,32,32
95,49,28,24,94,79,0,0,60,54,0,1,71,12,89,6,0,95,36,23,28,99,70,0,0,52,0,35,0,92,16,79,6,0,75,99,23,39,81,99,0,0,0,0,0,0,27,20,99,2,0,95,50,45,10,99,99,0,0,58,0,37,0,11,0,91,4,0,95,47,32,12,99,99,0,0,52,8,0,3,43,12,76,4,0,33,95,29,37,65,99,0,0,0,0,0,0,101,20,99,2,0,99,99,99,99,51,50,50,50,16,6,34,33,0,0,25,24,75,111,116,111,83,97,119,84,111,32
45,99,99,18,99,99,99,0,20,0,4,0,64,7,89,2,0,45,99,99,25,99,99,99,0,0,0,10,0,48,7,78,4,50,60,99,99,32,99,99,99,0,21,0,3,0,48,4,68,2,0,61,25,22,40,94,99,0,0,10,0,5,0,56,4,99,2,0,78,71,3,19,99,93,78,0,45,3,24,0,112,8,85,34,21,99,56,36,41,99,89,35,0,79,11,0,0,112,8,93,8,33,89,54,47,67,52,48,50,50,7,15,99,7,15,0,20,24,77,69,76,76,79,87,69,82,50,97
99,82,75,0,99,87,0,0,41,30,0,0,56,4,99,63,41,99,64,0,8,85,48,0,0,37,0,25,0,56,16,99,6,0,90,67,21,82,99,85,0,0,18,0,2,4,56,28,78,14,0,99,30,34,46,99,80,0,0,49,0,0,0,56,28,99,0,0,75,45,36,19,99,87,0,0,49,0,18,3,42,24,67,22,2,99,33,14,38,99,80,0,0,43,99,0,3,58,4,99,1,0,94,67,95,60,50,50,50,50,15,15,21,0,0,0,33,24,75,65,82,73,77,66,65,32,32,65
97,60,27,28,99,79,66,0,30,0,0,0,71,4,99,2,1,69,14,11,40,99,88,0,0,0,0,53,7,90,11,99,8,0,70,15,13,41,99,88,0,0,34,0,10,0,81,7,99,2,0,65,21,7,39,99,79,0,0,30,0,0,0,63,16,99,2,0,80,86,57,55,99,68,0,0,96,0,0,0,57,12,99,3,81,65,21,7,39,99,79,0,0,30,0,0,0,47,16,99,0,99,99,99,99,99,50,50,50,50,18,15,35,0,0,0,1,24,71,97,99,107,70,114,83,104,114,92
25,99,40,45,35,99,0,0,0,0,0,0,56,0,65,20,0,25,99,30,35,35,99,0,0,0,0,0,0,56,0,99,4,0,99,40,99,45,99,0,0,0,0,0,0,0,48,0,65,10,0,99,30,99,35,99,0,0,0,0,0,0,0,64,0,99,2,0,99,40,99,45,99,0,0,0,0,0,0,0,64,0,65,10,0,99,30,99,35,99,0,0,0,0,0,0,0,48,0,99,2,0,99,99,99,99,50,50,50,50,4,8,37,10,27,0,33,36,83,84,79,78,69,68,32,68,88,32
39,247
240,67,0,9,32,0
81,25,25,14,99,99,99,0,30,0,0,3,55,0,84,2,0,99,0,25,0,99,75,0,0,46,0,18,0,103,4,71,2,0,76,19,21,50,99,82,0,0,16,0,27,12,47,8,88,2,0,90,33,28,12,83,66,0,0,36,19,15,3,51,12,76,18,0,99,36,6,0,91,90,0,0,40,10,25,3,102,4,99,2,0,81,33,10,56,99,90,0,0,27,0,27,3,46,16,96,2,0,94,67,95,60,50,50,50,50,2,0,35,0,0,0,0,12,67,79,78,67,46,45,71,82,68,46
72,53,25,39,99,99,1,0,39,13,6,3,53,8,72,8,0,84,98,10,39,85,99,1,0,51,1,5,0,52,8,76,2,0,94,37,21,45,98,95,1,0,0,3,5,0,26,8,96,8,0,77,72,25,67,89,80,2,78,22,0,19,0,83,16,94,10,0,93,47,30,48,96,88,1,72,25,28,1,3,97,8,80,6,0,99,17,19,54,98,77,0,0,2,86,2,3,41,12,97,4,0,94,67,95,60,50,50,50,50,2,9,35,0,0,0,16,12,80,114,111,99,32,112,110,111,32,32
99,77,56,0,78,78,0,0,41,24,27,3,63,0,92,40,0,99,65,0,8,82,48,0,0,47,0,57,0,57,20,99,20,0,90,75,0,82,82,49,0,0,54,0,0,0,57,20,99,14,0,99,31,50,46,99,80,0,0,0,0,0,0,59,8,99,2,0,75,46,36,36,99,87,0,0,54,0,46,3,44,24,79,16,0,99,34,35,45,99,80,0,0,43,99,0,3,59,4,99,2,0,94,68,95,60,50,50,50,50,8,15,21,0,0,0,1,12,82,105,109,98,97,46,83,117,114,121
99,48,99,49,99,69,0,0,0,0,0,0,58,12,99,0,0,58,39,39,49,99,29,29,0,0,0,0,0,58,3,99,0,0,69,39,49,29,99,39,29,0,0,0,0,0,57,8,99,4,0,59,89,49,37,99,42,99,0,0,0,0,0,56,0,99,2,99,99,39,29,39,99,39,99,0,0,0,0,0,105,12,99,2,0,59,89,49,39,99,42,99,0,0,0,0,0,40,0,99,2,0,99,99,99,99,50,50,50,50,5,13,35,0,0,0,49,24,97,114,112,101,100,108,101,114,32,32
70,55,31,34,78,85,71,0,51,0,0,4,56,0,89,0,0,70,55,29,34,84,85,72,0,51,0,33,4,56,0,89,2,0,69,50,23,60,99,99,86,0,51,0,32,4,56,0,94,1,17,70,28,35,34,99,85,65,0,0,0,0,0,59,3,0,0,0,70,21,35,34,99,85,67,0,0,0,0,0,56,3,0,4,0,87,44,40,60,99,99,99,0,0,0,0,0,56,3,0,1,10,0,0,50,99,50,50,50,50,3,7,29,0,0,0,0,24,32,70,76,65,78,71,69,82,32,32
83,20,20,34,99,90,82,0,0,0,0,0,58,8,73,10,0,67,99,20,33,0,90,80,0,0,0,0,0,82,8,99,4,0,97,20,20,34,99,90,80,0,0,0,0,0,58,0,95,12,0,97,12,20,26,99,90,80,0,0,0,0,0,34,4,79,4,0,97,20,20,34,99,90,80,0,39,0,0,0,58,4,95,18,5,97,20,20,26,99,90,80,0,61,0,86,4,58,0,92,8,0,94,67,95,60,50,50,50,50,5,15,30,69,0,88,1,24,106,97,112,97,110,99,104,105,109,101
27,27,50,50,99,90,82,0,0,0,0,0,5,8,90,4,0,30,25,37,39,99,90,88,0,0,0,0,0,62,0,77,2,0,46,30,55,49,70,87,83,0,0,0,0,0,60,12,84,2,0,57,34,34,32,99,92,88,0,0,0,0,0,60,4,99,2,0,44,44,27,30,60,90,87,0,0,0,0,0,60,12,90,2,1,57,22,32,32,99,88,87,0,0,0,0,0,60,12,99,2,0,99,99,99,99,50,50,50,50,8,15,34,33,0,0,24,12,83,89,78,84,72,32,87,79,87,32
99,99,99,0,99,99,99,0,31,17,0,3,7,0,71,1,82,99,99,99,0,99,99,99,0,39,0,0,3,80,0,71,16,0,41,99,99,32,99,99,99,0,39,0,33,3,56,12,93,1,0,99,99,99,0,99,27,99,0,31,24,0,3,95,0,72,4,0,99,99,99,0,99,99,99,0,39,0,0,3,56,0,72,4,0,31,99,99,33,99,99,99,0,39,0,0,3,24,0,79,4,0,99,99,99,99,51,50,50,50,2,12,37,50,0,97,24,12,73,99,101,46,71,97,108,97,120,121
99,50,26,48,99,80,74,0,87,0,0,5,56,20,0,54,0,99,99,36,42,99,99,99,0,87,0,0,5,56,8,0,2,0,99,95,0,0,99,96,89,0,87,0,0,5,64,8,82,12,0,99,0,12,70,99,95,96,0,87,0,0,5,64,8,95,1,53,99,95,0,0,99,96,89,0,87,0,0,5,51,0,82,2,0,99,0,12,70,99,95,96,0,87,0,0,5,48,0,99,1,53,9,9,44,99,50,50,50,50,4,8,37,0,0,0,56,12,76,101,115,108,105,101,32,53,32,32
89,78,34,0,94,96,99,0,99,0,99,0,112,2,58,45,99,27,22,25,26,45,90,0,0,99,0,99,0,112,0,77,12,0,99,99,99,21,99,99,99,0,99,0,99,0,24,0,78,0,22,35,39,10,36,99,99,0,0,99,0,99,0,0,0,99,3,23,99,99,99,21,99,99,99,0,99,0,99,0,112,0,88,0,0,36,39,10,36,99,99,0,0,99,0,99,0,56,2,99,35,23,28,46,43,25,92,22,98,17,4,15,75,0,89,47,34,36,83,112,97,99,101,66,101,97,99,104
99,20,60,0,99,99,97,0,32,99,19,1,99,28,62,20,0,99,2,97,0,99,65,60,0,32,0,0,0,17,28,56,2,50,99,20,20,60,99,90,0,0,48,0,0,0,72,28,86,0,0,99,99,99,0,96,92,92,0,32,99,0,1,56,28,78,8,0,99,20,0,0,99,99,99,0,32,0,0,0,48,0,82,0,0,99,0,12,70,99,99,99,0,53,0,81,8,65,0,85,0,0,0,0,0,0,50,50,50,50,17,15,37,42,4,99,64,36,83,89,78,45,76,69,65,68,32,49
20,64,59,32,93,93,93,0,32,0,0,0,56,3,97,20,0,47,64,67,35,99,37,99,0,32,0,0,0,0,1,64,0,0,47,64,67,30,99,37,99,0,32,0,0,0,104,1,67,30,0,47,64,67,30,99,37,99,0,32,0,0,0,112,11,91,2,0,25,95,0,35,99,96,89,0,56,0,0,0,11,2,91,2,0,32,0,12,35,99,90,97,0,32,0,0,0,91,12,99,0,0,0,0,0,0,50,50,50,50,13,8,32,27,0,75,22,12,76,79,87,32,45,83,80,65,67,69
99,11,14,2,99,99,88,0,0,0,0,0,60,0,97,0,1,99,0,7,31,99,99,92,0,0,99,0,3,12,0,99,0,0,99,68,97,32,99,99,99,0,38,10,32,3,0,3,88,0,0,99,0,7,26,99,99,92,0,0,99,0,3,116,0,99,0,0,99,68,27,32,99,99,99,0,39,99,32,14,56,3,76,0,1,99,0,7,31,99,99,92,0,28,99,99,7,60,0,99,0,0,99,99,99,99,50,50,50,50,5,12,37,54,0,0,48,24,80,80,71,32,87,65,86,69,32,50
95,55,35,38,99,79,0,0,60,54,0,1,119,28,99,4,0,95,35,35,28,99,70,0,0,52,0,35,3,100,20,79,4,0,95,32,49,33,99,70,0,0,0,0,0,0,43,28,99,2,0,95,66,57,72,99,70,0,0,58,0,0,0,119,12,91,63,32,68,46,99,35,99,70,0,0,52,8,0,3,27,28,79,2,0,61,25,30,30,99,94,0,0,60,0,0,0,59,8,99,0,0,94,67,95,60,50,50,50,50,16,7,34,33,0,0,25,24,67,111,108,100,32,73,115,108,101,32
98,2,26,27,98,0,0,0,41,0,24,0,60,4,75,0,57,99,50,26,19,99,0,0,0,80,0,0,7,56,4,73,4,37,65,31,17,30,99,75,0,0,41,0,15,3,59,24,87,4,99,99,77,26,23,99,72,0,0,0,0,0,4,35,0,85,12,36,99,76,26,23,99,72,0,0,41,0,0,4,116,4,80,0,0,91,36,98,33,99,0,0,0,0,0,0,0,3,28,99,0,0,98,88,75,60,51,51,50,50,2,15,11,0,16,0,32,36,77,97,121,97,110,32,86,105,98,115
81,13,7,33,99,92,28,0,0,0,0,0,112,15,87,24,0,81,13,7,33,99,92,28,0,0,0,0,0,0,16,95,16,0,81,13,7,33,99,92,28,0,0,0,0,0,72,8,78,4,0,51,13,7,33,99,92,28,0,0,0,0,0,112,4,99,8,0,81,13,7,33,99,92,28,0,0,0,0,0,8,4,77,4,0,81,13,7,33,99,92,28,0,0,0,0,0,56,8,99,4,0,84,95,95,60,50,50,50,50,4,7,33,32,30,99,40,0,72,79,82,78,32,77,79,68,32,32
64,38,25,77,99,72,72,0,39,0,0,15,96,0,91,2,0,92,39,25,71,99,71,64,0,39,40,0,15,40,0,81,2,0,97,76,99,99,99,88,96,0,49,0,0,0,80,3,95,4,0,99,85,98,98,99,71,0,0,49,0,0,0,56,0,87,12,1,78,38,25,47,99,72,72,0,39,0,0,15,56,0,89,2,0,96,0,99,99,99,88,96,0,39,0,0,15,56,0,99,2,0,99,99,0,99,51,50,50,50,2,0,18,0,2,0,9,12,79,115,32,80,114,99,42,84,114,112
78,64,99,38,99,99,99,0,0,0,0,0,64,16,92,2,0,71,71,69,40,99,99,0,0,0,0,0,0,40,12,95,2,0,85,60,22,45,99,94,0,0,0,0,0,0,59,4,99,1,0,51,50,22,35,99,50,0,0,51,45,0,0,37,28,89,14,0,85,60,20,41,99,95,0,0,0,0,0,0,11,16,93,2,0,85,60,22,45,99,96,0,0,0,0,0,0,59,0,99,25,17,99,99,99,99,50,50,50,50,9,14,35,0,0,0,1,12,80,78,79,49,32,32,32,32,32,32
40,34,13,25,99,97,96,0,60,0,50,3,2,16,90,4,26,47,31,25,26,99,98,97,0,27,7,9,3,11,12,85,1,1,44,34,0,24,98,94,93,0,39,10,0,3,82,8,85,2,0,60,23,28,40,96,99,82,0,0,0,0,0,81,4,99,4,0,98,56,55,55,99,0,0,0,0,0,0,0,9,8,99,5,41,69,23,28,45,96,99,88,0,0,0,0,0,1,4,99,8,0,99,50,95,60,50,50,50,50,1,13,49,99,0,0,48,12,65,76,73,69,78,69,83,84,82,65
35,46,13,17,72,99,39,0,27,0,21,4,63,27,99,20,0,37,24,10,23,45,99,99,0,27,14,0,4,47,14,88,4,0,99,99,0,61,83,99,0,0,27,0,0,4,48,2,81,8,0,36,46,13,29,72,99,39,0,27,0,10,4,47,0,72,12,0,11,46,67,15,82,99,92,85,27,0,45,4,31,1,96,4,0,18,24,10,17,45,99,99,0,27,0,60,4,63,0,90,1,0,99,99,99,99,50,50,50,50,15,7,74,0,0,99,98,12,88,89,90,32,32,32,32,32,32,32
99,77,55,0,78,78,0,0,41,24,0,3,63,0,98,60,0,99,64,0,8,82,48,0,0,32,0,0,0,61,20,99,6,0,90,65,0,82,82,48,0,0,0,0,17,0,57,20,99,14,0,99,30,34,46,99,80,0,0,0,0,0,0,57,8,99,2,0,75,45,36,25,99,87,0,0,0,0,9,3,119,20,76,8,0,99,33,35,28,99,80,0,0,43,99,0,3,56,8,99,1,18,94,67,95,60,50,50,50,50,8,15,21,0,0,0,33,12,84,79,82,73,77,32,80,76,75,50
71,23,18,25,99,28,0,0,51,0,0,0,57,19,99,6,0,32,23,18,25,99,28,0,0,65,0,0,0,57,3,99,2,1,65,23,18,25,99,28,0,0,0,0,0,0,114,16,84,4,99,67,23,18,25,99,28,0,0,64,0,63,0,2,0,99,2,0,26,23,18,25,99,28,0,0,0,0,0,0,82,3,99,0,0,26,23,18,25,99,28,0,0,0,0,0,0,34,3,99,0,0,99,99,99,99,50,50,50,50,28,3,29,0,9,0,57,24,83,80,65,67,69,71,72,79,83,84
52,61,19,34,99,98,97,0,0,0,0,0,57,4,68,8,0,67,33,25,30,99,92,0,0,0,0,0,0,18,8,99,4,0,67,33,25,30,99,92,0,0,0,0,0,0,106,8,97,4,0,67,34,20,33,99,92,84,0,0,0,0,0,114,0,61,8,0,74,33,20,33,99,92,84,0,0,0,0,0,58,8,90,4,0,67,33,25,30,99,92,0,0,0,0,0,0,58,8,99,1,48,94,67,95,60,50,50,50,50,18,7,8,33,13,0,8,12,65,122,66,97,108,97,100,97,97,32
22,19,7,30,90,99,86,0,15,0,4,0,9,3,90,2,0,43,19,6,24,86,97,85,0,29,0,2,0,9,6,71,4,0,50,13,5,25,75,88,73,0,20,0,2,0,9,4,82,2,0,48,7,7,41,93,99,90,0,22,0,5,3,0,8,99,2,0,50,15,6,28,74,90,68,69,39,0,16,9,105,4,80,2,0,48,6,6,41,93,99,90,0,22,0,5,3,112,8,99,2,0,97,75,94,66,50,50,50,50,1,15,13,3,23,0,24,24,79,98,101,114,104,101,105,109,66,51
43,14,4,31,99,84,0,0,41,0,0,3,64,1,77,2,0,62,23,19,33,99,84,0,0,41,10,20,3,112,2,88,2,0,72,43,17,33,99,88,0,0,39,0,0,15,116,0,99,1,0,72,39,11,41,99,71,0,0,39,0,0,15,56,1,76,6,0,39,82,31,42,48,99,0,0,15,0,0,3,40,0,99,2,0,80,28,30,36,99,84,0,0,39,0,0,15,58,0,99,2,0,84,95,95,61,50,50,50,50,19,15,24,46,42,0,16,12,83,108,105,103,104,116,68,108,121,49
99,99,99,25,99,99,99,0,40,10,10,0,56,0,80,0,0,99,99,99,25,99,99,99,0,0,0,0,0,64,0,99,0,0,99,99,99,25,99,99,99,0,0,0,0,0,40,0,99,0,0,50,99,99,30,99,99,99,0,0,0,0,0,32,0,99,4,0,99,99,99,25,99,99,99,0,40,30,7,0,112,0,93,0,0,50,99,99,27,99,99,99,0,0,0,0,0,112,0,99,4,0,99,40,99,99,50,50,50,50,31,14,35,0,0,0,1,24,68,65,82,75,83,72,65,68,79,87
99,99,51,60,99,99,0,0,0,0,0,0,56,0,71,28,0,99,35,30,57,99,95,0,0,52,0,0,0,56,8,95,8,0,99,35,30,65,99,95,0,0,0,0,0,0,112,8,90,8,0,60,42,28,14,99,99,99,0,0,0,0,0,0,0,70,6,0,65,99,99,50,99,99,99,0,52,0,0,0,40,0,72,2,1,65,35,30,35,99,90,0,0,46,90,90,10,56,8,99,2,0,99,99,99,99,50,50,50,50,26,5,30,0,0,0,16,24,76,85,67,82,69,84,73,65,32,32
90,29,20,50,99,95,0,0,29,11,0,3,40,0,80,2,0,90,25,35,53,99,95,0,0,41,0,7,0,80,8,99,2,0,82,29,20,50,99,95,0,0,78,0,0,2,72,0,72,2,0,90,21,35,53,99,95,0,0,57,54,7,3,32,8,91,2,0,50,32,31,29,99,85,80,80,48,12,0,4,58,3,73,48,0,50,25,35,40,99,75,0,0,33,99,7,0,57,11,88,16,0,94,67,95,60,50,50,50,50,4,5,16,53,0,0,8,24,67,104,105,102,102,80,110,111,46,51
83,85,40,87,99,0,0,0,28,0,0,0,58,4,98,0,42,72,99,66,99,99,99,0,0,33,0,21,0,56,0,87,4,41,94,81,64,57,96,90,69,0,0,0,0,0,59,8,75,0,74,89,44,40,47,97,0,0,0,0,0,0,0,60,0,99,2,0,82,72,43,99,99,0,0,0,0,0,0,0,61,8,95,0,42,84,46,77,52,99,32,0,0,0,0,0,0,58,4,99,2,0,75,28,99,99,52,50,50,50,13,15,35,0,0,0,1,12,72,65,78,68,68,82,85,77,32,49
86,46,31,25,99,23,89,0,0,0,0,0,58,11,89,0,0,78,74,64,58,99,64,99,0,0,0,0,0,57,11,99,0,0,51,40,34,36,89,58,60,0,55,0,78,0,58,23,99,8,99,32,27,17,38,99,22,77,0,0,0,0,0,35,7,99,6,0,51,26,34,36,99,75,0,0,0,0,0,0,74,4,99,2,1,32,27,17,38,99,22,57,0,0,0,0,0,57,4,99,2,0,99,99,99,99,50,50,50,50,28,14,21,48,10,0,57,24,77,121,114,105,100,32,32,32,32,32
70,50,10,42,99,94,0,0,29,0,0,15,79,20,70,18,0,80,81,79,43,99,99,99,0,46,0,99,12,87,24,56,45,73,61,50,70,42,99,0,0,0,82,9,0,4,73,0,66,10,0,65,38,7,39,99,0,0,0,56,0,0,0,53,12,82,2,0,67,61,50,55,99,82,0,0,99,24,99,0,57,8,99,5,7,66,36,7,48,99,0,0,0,56,0,9,0,67,16,99,2,0,99,99,99,99,49,50,50,50,14,15,35,0,0,0,1,24,75,97,108,105,109,98,97,46,51,32
70,30,25,50,99,90,0,0,51,0,0,0,73,12,67,4,0,70,30,25,50,99,90,0,0,51,0,0,0,41,0,99,2,0,62,95,70,0,99,96,79,0,48,0,30,0,25,0,68,4,0,50,0,12,45,99,90,97,0,27,0,5,0,97,4,99,2,0,62,95,70,0,99,96,79,0,48,0,30,0,105,0,72,2,0,50,0,12,45,99,90,97,0,27,0,5,0,9,4,99,2,0,50,50,50,84,50,50,50,50,5,15,35,48,0,0,41,36,72,101,97,118,101,110,72,97,114,112
28,247
240,67,0,9,32,0
99,84,34,99,99,79,0,0,14,0,0,10,58,4,75,16,0,99,57,37,91,99,99,0,0,46,0,10,0,56,16,90,0,0,99,99,23,59,99,99,0,0,2,0,0,10,59,16,99,0,0,99,34,43,25,99,0,0,0,14,0,0,10,18,16,60,16,1,99,57,37,20,99,99,0,0,46,0,44,0,0,12,99,0,1,99,99,23,50,99,99,80,0,2,0,0,14,3,12,99,0,1,99,98,75,60,50,50,50,50,3,5,28,0,0,0,48,24,79,80,84,85,83,69,82,32,32,32
98,2,26,27,98,0,0,0,75,50,0,0,60,0,80,0,56,99,50,26,19,99,0,0,0,80,0,0,7,56,4,73,2,30,65,31,17,30,99,75,0,0,41,0,15,3,59,24,87,0,75,99,77,26,23,99,72,0,0,0,0,0,4,35,0,85,0,36,99,76,26,23,99,72,99,0,41,0,0,4,84,4,80,0,0,91,36,98,33,99,0,0,0,0,0,0,0,59,28,96,0,0,98,98,75,60,50,51,50,50,15,14,99,0,0,0,32,48,84,73,78,32,68,82,85,77,83,32
99,60,50,0,0,78,73,0,15,0,0,4,7,0,99,0,0,45,42,22,30,71,80,89,0,15,0,0,4,3,3,99,0,0,99,54,0,17,0,70,60,0,65,0,38,1,60,0,99,16,0,99,30,20,35,99,80,0,0,0,0,0,9,59,16,99,4,0,99,99,99,30,99,99,90,0,15,0,0,4,103,0,81,0,0,99,42,0,34,78,75,60,0,15,0,0,4,75,0,99,2,0,98,98,98,98,50,50,50,50,4,15,29,35,6,0,40,36,76,97,121,101,114,32,35,51,32,32
99,54,99,42,99,0,0,0,0,0,0,0,56,28,63,0,0,99,44,99,46,99,0,0,0,0,0,0,0,56,8,78,2,0,99,39,99,43,99,0,0,0,0,0,0,0,56,12,56,2,43,99,56,99,44,99,0,0,0,0,0,0,0,56,16,68,2,0,99,71,99,71,99,0,0,0,0,0,0,0,56,16,75,63,51,99,53,99,60,99,0,0,0,0,0,0,0,56,0,99,1,0,99,99,99,99,50,50,50,50,17,15,35,0,1,0,56,24,112,111,116,115,110,112,97,110,115,49
99,42,50,59,99,99,99,0,33,0,62,3,24,0,72,4,0,99,49,55,34,99,95,92,0,38,4,44,3,58,0,68,16,0,71,30,0,33,99,98,90,0,46,4,13,3,19,0,72,4,0,99,7,10,35,99,97,0,0,50,7,0,0,84,16,99,4,0,77,11,7,26,99,99,98,0,39,3,6,3,33,0,76,4,1,99,11,10,35,99,97,0,0,50,7,0,0,4,20,99,1,28,87,94,0,0,46,50,50,50,1,15,35,0,18,0,24,0,84,65,76,75,89,32,32,32,32,49
73,86,30,38,87,99,89,0,39,0,0,0,26,7,86,2,0,54,71,16,38,87,94,85,0,55,0,4,8,26,8,80,2,0,76,78,14,38,87,94,85,0,26,0,3,1,26,12,86,2,0,71,33,23,57,99,92,62,0,27,0,4,3,0,8,99,1,16,95,54,21,30,87,94,89,0,55,0,25,9,106,8,82,2,0,71,33,23,57,99,92,62,0,27,0,4,3,112,8,99,2,0,97,75,94,66,50,50,50,50,14,15,35,15,5,0,48,12,83,97,119,115,32,80,97,100,49,98
99,99,99,30,99,99,99,0,15,0,99,4,7,0,74,0,0,98,42,71,34,99,99,99,0,15,0,99,4,115,0,99,0,0,99,72,31,17,0,70,0,0,99,0,0,12,63,0,99,26,0,99,99,21,35,99,99,0,0,47,0,99,0,59,0,97,4,0,99,99,99,30,99,99,99,0,4,0,0,4,103,0,85,0,0,37,42,71,34,99,99,99,0,15,0,0,4,99,0,99,2,0,68,98,98,98,50,50,50,50,3,15,27,40,16,0,32,24,69,77,85,76,65,84,79,82,32,32
78,40,43,45,99,99,99,99,0,0,0,0,88,0,89,2,0,99,44,33,49,89,77,0,67,0,0,0,0,74,4,94,56,0,99,53,22,48,99,95,0,0,0,0,4,0,88,4,87,4,0,99,99,99,9,99,99,99,0,0,0,1,0,80,0,67,22,0,99,99,99,49,99,99,99,80,0,0,7,0,72,0,73,2,0,78,99,32,51,99,99,0,0,0,0,4,0,64,20,99,4,0,99,99,99,99,50,50,50,50,3,4,35,0,0,0,81,12,67,108,97,118,105,110,101,116,53,48
85,68,23,61,99,99,99,0,38,0,0,0,65,15,91,14,0,73,58,37,61,99,88,0,0,38,0,7,0,50,12,75,14,0,85,35,10,61,99,93,0,0,38,0,0,0,67,12,89,0,0,88,35,21,61,99,92,0,0,39,0,0,0,59,0,99,2,0,47,62,44,53,99,99,99,0,46,99,0,0,115,7,99,0,0,66,24,24,52,99,93,0,0,45,0,0,0,11,0,99,2,0,98,98,98,98,50,50,50,50,1,11,37,0,0,99,83,24,75,105,108,108,114,68,39,115,54,97
99,44,19,93,99,75,99,0,15,0,0,4,60,0,88,2,0,82,99,99,93,99,98,98,0,15,0,0,4,60,0,99,2,50,84,99,99,93,99,98,98,0,99,0,0,4,60,0,99,2,0,81,99,99,93,99,99,98,0,15,0,0,4,60,0,98,2,0,56,99,50,93,99,99,84,0,15,0,0,4,116,0,92,0,0,81,99,99,93,99,99,98,0,15,0,0,4,116,0,99,2,0,99,99,99,99,50,50,50,50,21,14,41,74,2,0,64,24,83,121,110,98,114,115,32,77,49,54
82,72,76,17,99,91,0,0,46,23,0,0,61,28,99,18,35,82,60,65,50,99,95,0,0,32,0,0,3,60,24,99,8,27,69,45,6,50,99,95,0,0,32,15,18,3,27,17,96,2,0,75,19,24,50,99,90,0,0,32,0,0,3,60,12,99,2,0,67,58,18,36,99,93,0,0,32,33,18,3,107,17,99,2,0,77,22,27,51,99,92,0,0,32,99,0,3,106,16,99,2,0,0,0,0,0,50,50,50,50,4,15,34,0,0,0,8,12,69,46,67,108,105,113,117,101,50,92
87,65,14,27,99,84,0,0,32,0,0,4,88,4,70,36,1,75,28,21,31,99,92,0,0,42,0,19,0,32,8,99,2,1,95,38,25,43,99,92,0,0,35,0,0,3,88,8,99,1,46,87,65,14,27,99,84,0,0,32,0,0,4,48,4,70,18,0,75,28,21,31,99,92,0,0,42,0,19,0,72,8,99,0,1,95,38,25,33,99,92,0,0,35,0,0,3,88,12,99,1,10,94,3,95,60,50,50,50,50,2,12,60,0,6,0,72,36,87,77,51,32,49,50,116,104,32,32
24,88,46,37,60,99,0,0,0,0,0,0,56,0,99,18,7,28,88,48,37,60,99,0,0,0,0,0,0,56,0,99,14,9,32,88,46,37,60,99,0,0,0,0,0,0,56,0,99,10,15,36,89,46,37,60,99,0,0,0,0,0,0,56,0,99,10,0,45,88,46,37,60,99,0,0,0,0,0,0,56,0,99,4,11,99,88,47,38,99,99,0,0,0,0,0,0,56,0,99,4,0,99,99,99,99,50,50,50,50,31,8,35,0,0,0,49,12,84,117,110,100,83,116,97,116,99,94
98,87,0,0,87,86,0,0,32,0,21,0,59,0,64,0,0,95,95,0,0,99,96,89,0,32,0,0,0,46,4,92,0,0,96,92,28,60,99,90,0,0,32,0,0,0,59,0,99,0,0,98,87,0,0,87,86,0,0,32,0,21,0,59,0,71,8,50,95,95,0,0,99,96,89,0,32,0,0,0,51,0,99,0,0,95,92,28,60,99,90,0,0,32,0,0,0,67,0,99,0,0,0,0,0,0,50,50,50,50,2,13,33,0,0,0,73,36,69,71,85,32,32,32,32,32,32,32
99,20,30,47,99,0,0,0,46,0,0,0,56,0,76,10,0,99,20,30,47,99,0,0,0,46,0,0,0,56,0,67,4,0,99,20,30,47,99,0,0,0,46,0,0,0,56,0,78,2,0,99,20,30,50,99,0,0,0,46,0,0,0,112,0,99,2,0,99,20,30,47,99,0,0,0,46,0,0,0,112,0,81,2,0,99,20,30,50,99,0,50,0,46,0,0,0,48,0,99,1,1,75,95,95,60,50,50,50,50,4,15,35,0,11,0,24,12,72,69,65,86,69,78,32,32,32,32
59,77,21,36,99,99,99,0,15,0,85,4,48,0,95,6,1,99,0,62,26,99,99,99,0,15,0,99,4,63,0,99,48,50,99,43,82,36,99,99,99,0,15,0,99,4,64,0,87,12,0,55,99,68,36,99,99,99,0,15,0,99,4,56,0,89,6,0,0,0,0,0,0,0,0,0,0,0,0,0,56,0,99,0,0,99,36,14,39,96,82,53,0,0,0,0,0,56,0,96,24,1,99,99,99,99,51,50,50,50,31,5,17,0,28,64,16,17,76,100,32,77,101,108,111,32,67,104
78,49,38,31,99,85,0,0,15,0,0,9,67,0,56,18,0,54,96,27,39,99,81,99,0,15,0,21,9,65,3,99,14,0,56,69,10,47,99,97,0,0,25,0,41,9,53,0,85,2,0,80,43,99,40,99,95,99,0,15,0,0,9,63,0,99,2,0,99,79,32,40,99,99,0,0,15,0,0,9,63,0,71,4,0,51,78,56,40,93,99,0,0,15,0,0,9,119,0,99,12,0,98,98,98,98,51,50,50,50,14,15,34,0,0,0,8,12,70,117,122,122,71,117,105,116,46,49
43,0,0,32,99,93,92,0,0,0,0,0,0,4,85,2,1,71,23,26,34,99,88,88,0,0,0,0,5,0,4,99,1,13,75,0,0,57,99,99,99,0,15,0,15,0,16,0,98,0,53,16,23,26,73,99,88,88,0,0,0,0,5,72,16,70,15,47,37,0,0,32,99,93,92,0,15,0,17,0,80,0,97,2,0,80,24,26,42,99,88,88,0,0,0,0,5,88,0,99,1,25,99,99,99,99,51,50,50,50,5,6,22,75,0,49,8,12,65,110,108,103,83,116,114,110,103,56
90,53,73,33,99,60,0,0,7,0,0,0,56,28,99,16,0,95,78,20,25,99,95,0,0,0,0,0,0,61,3,93,2,0,97,68,44,54,99,81,0,0,0,0,0,0,59,16,90,20,0,95,31,20,54,99,80,0,0,36,36,0,0,59,24,87,2,0,99,69,37,53,99,79,0,99,0,0,0,0,59,8,79,2,0,97,35,25,38,99,75,0,0,0,0,0,0,59,24,91,2,0,94,67,95,60,50,50,50,50,11,6,60,33,0,0,24,24,80,73,32,51,69,65,86,32,32,32
81,64,51,51,97,76,0,0,0,0,0,0,59,24,88,6,82,81,66,51,51,97,76,0,0,0,0,0,0,59,16,86,10,0,81,67,51,50,98,76,0,0,0,0,0,0,75,24,99,18,0,79,29,28,50,99,89,0,0,34,0,26,0,57,4,74,0,0,79,37,28,54,99,89,0,0,0,0,0,0,57,4,73,2,0,81,27,28,61,99,89,0,0,47,3,0,3,59,0,99,2,0,94,67,95,60,50,50,50,50,16,14,33,0,0,0,49,12,62,32,68,73,71,73,83,76,65,80
65,78,96,17,99,71,80,0,37,0,99,2,56,0,82,7,40,45,74,63,70,99,53,0,0,39,0,99,3,56,0,99,8,14,0,0,0,0,0,0,0,0,15,0,0,0,56,0,0,0,0,33,99,82,99,99,12,71,0,44,99,84,0,56,0,99,7,48,57,99,99,96,99,99,99,0,0,32,0,0,56,0,99,3,53,46,65,74,80,99,0,18,0,53,99,0,8,56,0,99,12,5,27,46,64,99,30,23,65,34,4,15,99,0,67,13,57,24,84,72,69,32,74,85,78,71,76,69
85,28,16,20,90,99,94,0,99,1,17,4,32,4,99,4,1,19,75,16,20,90,99,95,0,27,1,1,5,88,4,92,0,0,99,28,16,20,90,99,94,0,34,1,1,1,24,0,70,4,0,99,40,23,38,99,64,94,0,34,1,1,0,56,8,99,2,0,28,35,9,20,94,99,17,0,34,1,5,5,112,4,82,2,0,99,35,99,38,99,51,50,0,22,1,1,5,88,4,99,2,0,99,99,99,99,50,50,50,50,8,14,13,0,60,39,17,12,87,104,97,116,32,84,104,101,46,46
99,67,0,60,99,50,0,0,0,0,0,0,56,0,82,0,0,99,57,0,25,99,50,0,0,0,0,0,0,56,0,80,6,0,99,57,0,25,99,50,0,0,0,0,0,0,56,0,71,2,0,99,67,0,60,99,50,0,0,0,0,0,0,56,0,67,10,3,99,57,0,25,99,50,0,0,0,0,0,0,56,0,75,34,0,99,57,0,48,99,50,0,0,0,0,0,0,56,0,99,2,0,99,99,99,99,50,50,50,50,17,15,0,0,0,0,1,24,67,76,65,78,75,32,83,85,83,32
64,64,44,54,99,92,56,0,55,25,0,3,58,9,58,24,0,53,67,38,54,86,92,74,0,0,0,0,0,58,4,84,6,0,96,19,20,54,99,92,89,0,0,0,0,0,82,9,75,2,0,50,52,35,48,99,92,91,0,51,98,60,3,34,4,99,2,0,99,71,35,47,82,92,88,0,54,0,0,0,57,5,87,2,1,52,30,25,56,99,92,90,0,0,0,0,0,58,4,99,2,0,94,67,95,60,50,50,50,50,8,15,99,0,0,15,4,12,83,116,32,81,114,116,101,116,49,42
82,92,87,33,98,98,0,0,0,0,0,0,56,0,86,6,0,87,56,43,50,98,98,0,0,0,0,0,0,56,0,99,2,0,78,84,57,56,98,98,36,0,0,0,0,0,56,8,87,10,0,73,99,59,70,99,99,72,0,0,0,0,0,56,0,99,16,0,72,99,66,92,99,93,99,0,0,0,0,0,56,0,65,8,0,81,56,56,54,98,98,0,0,98,0,0,0,56,28,99,34,0,84,95,95,60,50,50,50,50,18,2,31,39,6,52,24,24,75,97,108,105,109,98,97,69,110,111
99,99,99,0,99,99,99,0,39,99,48,2,55,28,99,20,0,99,39,0,0,74,99,99,0,39,99,16,2,7,24,52,2,2,99,15,53,0,99,99,97,0,39,99,0,2,7,8,99,2,2,62,12,53,49,99,94,97,0,39,28,0,2,0,4,63,2,1,99,21,53,0,99,99,99,0,39,99,0,2,63,4,88,2,0,64,99,53,48,99,99,97,0,39,99,0,3,112,12,99,0,96,18,60,95,60,48,51,50,50,6,15,32,0,34,2,32,12,72,85,77,65,78,45,77,65,88,49
99,42,50,59,99,99,99,0,33,0,45,3,96,0,44,15,31,99,49,55,46,88,90,80,0,38,0,22,0,82,0,77,16,0,61,30,0,35,99,98,90,0,46,4,13,3,59,0,87,4,0,55,18,17,56,99,95,92,0,0,0,0,0,114,0,99,4,0,99,0,0,32,99,98,97,0,39,1,6,3,1,0,76,4,0,54,25,22,45,99,97,86,0,0,0,0,0,56,0,99,1,20,87,94,0,0,47,51,50,50,1,7,35,0,11,0,41,24,72,105,103,104,83,116,114,110,103,115
92,71,58,36,99,0,0,0,36,0,98,0,67,4,78,0,0,90,71,33,31,99,0,0,0,27,0,26,2,59,4,94,0,0,97,27,10,25,99,86,48,0,0,0,0,0,51,4,84,2,0,90,27,20,50,99,85,0,0,32,0,27,0,69,4,83,10,0,95,0,25,0,99,75,0,0,0,0,10,0,74,4,86,2,0,80,24,10,50,99,62,0,0,0,0,0,0,59,8,94,2,0,94,67,95,60,50,50,50,50,2,5,30,0,0,0,64,12,68,88,32,67,80,55,48,66,32,49
99,78,85,77,99,72,0,0,39,0,0,15,96,0,93,8,0,84,39,25,71,99,71,64,0,39,0,0,15,112,0,73,0,0,96,76,99,99,99,88,96,0,39,0,0,15,112,0,99,8,0,71,39,25,98,99,71,64,0,39,0,0,15,56,0,75,0,0,69,38,25,47,99,72,72,0,39,0,0,15,56,0,84,4,0,96,0,99,99,99,88,96,0,39,0,0,15,56,0,99,2,0,99,99,0,99,51,50,50,50,15,15,35,0,0,0,17,12,68,114,118,77,101,67,114,122,121,49
55,39,25,30,74,80,94,0,39,0,40,3,16,12,98,8,0,62,39,25,30,74,80,94,0,39,0,0,15,48,0,85,2,0,65,39,25,36,74,80,94,0,39,0,0,15,24,0,99,2,1,55,39,25,30,74,80,94,0,39,0,40,3,48,12,98,8,0,58,39,25,30,74,80,94,0,39,0,0,15,72,0,92,2,0,60,39,25,36,74,80,94,0,39,0,0,15,56,0,99,2,0,98,98,98,98,50,50,50,50,3,8,43,0,0,0,48,12,45,61,93,86,91,61,45,32,49,49
91,65,95,60,99,36,52,0,46,0,20,12,88,0,72,8,10,65,38,0,61,99,0,0,0,53,0,43,0,60,0,56,4,0,61,25,25,60,99,99,97,0,53,10,10,0,60,0,0,4,0,53,38,75,61,88,44,24,0,46,0,0,3,112,2,86,0,99,99,97,62,54,99,99,90,0,0,0,0,0,92,0,65,2,0,59,64,73,61,93,89,92,0,41,0,0,0,40,0,98,2,0,99,99,99,99,50,50,50,49,15,7,21,23,8,46,24,36,42,78,101,119,32,70,108,117,116,101
94,79,49,44,99,75,0,0,38,25,14,7,60,4,92,4,0,75,62,48,31,99,85,0,0,0,0,0,7,56,1,83,0,0,76,39,39,49,99,92,0,0,0,0,0,0,60,24,99,2,0,92,79,49,30,99,75,0,0,38,99,99,6,60,0,99,4,0,84,60,48,31,99,85,0,0,0,0,0,4,56,5,85,0,0,77,37,39,44,99,92,0,0,0,0,0,0,60,20,99,2,0,99,98,75,60,50,50,50,50,10,13,35,0,0,0,0,24,77,117,116,101,100,67,108,97,118,92
59,247
240,67,0,9,32,0
90,68,20,50,98,85,0,0,32,98,27,4,69,3,78,2,0,95,0,25,31,99,75,0,0,0,71,10,0,58,3,88,2,0,80,24,0,33,99,62,86,0,43,0,0,8,35,0,93,2,0,90,27,20,33,99,85,43,0,46,0,99,2,101,0,50,8,0,95,57,99,0,99,75,57,0,44,0,99,6,106,0,57,20,0,80,24,0,37,99,62,63,0,46,0,99,6,51,1,94,12,0,94,67,95,60,50,50,50,50,10,5,32,21,35,99,16,24,86,73,66,82,65,80,72,79,78,50
60,99,99,99,99,99,99,0,15,0,15,0,64,11,92,10,0,65,99,99,99,99,99,99,0,27,0,14,0,40,1,85,4,0,70,99,99,99,99,99,99,0,39,0,7,0,48,11,80,2,0,80,99,99,99,99,99,99,0,39,0,0,0,56,5,99,1,0,71,47,35,99,95,90,83,86,39,0,0,0,58,15,99,2,0,79,50,50,88,99,93,99,0,39,0,0,0,73,2,99,4,0,99,99,99,99,50,50,50,50,11,13,35,60,5,0,57,24,119,120,45,99,114,101,97,109,32,32
99,23,15,32,99,91,85,0,60,0,48,0,36,12,95,16,0,70,23,21,22,99,89,68,0,46,0,0,0,35,20,60,18,0,58,24,17,27,99,91,53,0,46,0,7,0,32,16,75,6,0,76,43,25,44,99,89,0,0,19,0,6,0,34,12,99,2,0,72,41,7,34,99,92,88,0,26,0,2,0,88,5,81,2,0,71,29,19,47,99,89,0,0,25,0,6,0,57,8,99,1,12,99,99,99,99,50,50,50,50,8,7,32,4,2,0,48,12,78,101,119,32,70,77,32,32,32,32
88,37,9,10,99,94,0,99,36,17,45,3,61,12,84,10,0,88,23,5,53,99,92,0,65,35,0,24,0,61,8,80,2,0,80,72,28,40,99,58,37,0,38,0,7,0,46,24,91,7,33,88,24,8,67,99,94,68,46,0,0,0,0,61,4,67,4,0,96,74,38,42,99,88,79,63,34,0,14,0,11,12,96,2,0,88,27,17,35,99,99,0,0,0,0,0,0,7,8,99,1,2,99,99,99,99,50,50,50,50,16,15,0,0,0,0,65,24,60,65,99,99,62,71,116,114,32,50
61,25,72,25,99,84,32,0,57,0,99,0,2,16,84,0,0,99,11,72,36,99,0,32,0,0,0,0,0,114,8,99,0,99,98,51,57,34,46,29,57,0,0,0,0,0,10,8,99,10,0,99,11,72,39,99,0,32,0,0,0,0,0,2,8,99,0,99,31,11,72,37,99,0,32,0,0,0,0,0,42,4,89,0,0,99,11,72,33,99,0,32,0,0,0,0,0,18,8,99,2,0,99,99,99,99,50,50,50,50,4,7,26,50,22,99,25,24,65,85,82,65,76,73,83,32,32,32
77,48,2,24,94,79,0,0,60,54,0,1,119,20,99,22,1,95,35,12,28,99,70,0,0,52,0,35,3,100,20,79,6,0,95,32,30,33,99,70,0,0,0,0,0,0,43,28,99,2,0,95,35,20,10,99,93,0,0,58,0,37,0,51,12,79,18,1,68,35,20,12,99,70,0,0,52,8,0,3,27,12,79,2,0,65,25,30,30,99,94,0,0,60,0,0,0,59,8,99,0,0,94,67,95,60,50,50,50,50,10,14,34,33,0,0,25,24,67,72,73,77,69,32,69,70,70,46
50,54,22,50,99,62,62,0,0,0,0,0,56,4,70,6,5,67,92,22,50,53,61,62,0,39,0,0,13,56,4,86,2,0,37,36,21,60,99,90,80,0,0,0,0,0,58,4,77,2,0,68,24,19,55,99,86,86,0,0,0,0,0,58,4,99,2,0,37,36,21,60,99,90,80,0,0,0,0,0,58,4,81,2,0,99,99,99,99,99,99,99,99,0,0,0,0,58,8,0,2,0,0,95,95,60,50,50,50,50,7,15,31,45,1,0,16,12,83,111,108,111,46,84,98,111,110,101
83,13,58,17,99,90,90,0,32,1,0,0,33,0,81,34,0,82,12,31,16,99,88,88,0,37,1,0,0,33,0,59,14,0,89,99,56,36,99,99,99,0,0,0,2,0,41,0,83,0,0,17,31,22,33,99,99,99,0,0,0,7,0,41,0,99,2,0,78,14,11,25,99,82,87,47,12,0,0,0,81,0,65,34,0,17,32,34,30,99,99,99,0,0,0,0,0,81,0,99,2,0,99,99,99,66,51,50,50,50,7,13,99,3,30,0,18,24,77,73,82,73,68,79,82,32,49,32
61,27,15,44,98,90,96,0,54,0,0,0,67,4,72,26,0,38,65,35,27,99,83,95,0,54,0,0,0,33,8,59,2,0,37,32,24,28,99,96,92,0,54,0,0,0,43,8,99,2,0,93,18,26,29,99,91,99,0,0,0,0,0,34,0,61,6,0,99,46,0,8,94,88,76,0,54,0,0,0,33,8,90,0,0,47,33,20,35,99,92,84,0,0,0,0,0,2,4,99,1,28,94,67,95,60,50,50,50,50,2,7,38,33,17,71,40,12,87,46,67,46,32,60,105,79,62,48
42,41,39,36,99,90,83,0,52,0,0,0,4,1,67,6,3,47,37,39,36,99,95,92,0,52,0,0,12,116,1,59,6,0,55,26,0,33,99,98,90,0,46,11,0,3,59,4,84,1,24,46,18,17,34,99,90,85,0,0,0,0,0,114,4,99,1,0,55,16,0,19,99,98,97,0,39,7,6,3,104,1,72,2,0,36,22,18,41,99,96,85,0,39,0,0,0,115,8,99,1,2,80,98,99,99,46,51,50,50,1,7,32,39,4,0,40,12,87,101,105,114,100,86,111,99,97,108
90,75,60,33,99,80,0,0,46,21,12,0,49,0,99,0,0,95,14,15,0,99,70,55,0,51,13,0,4,72,4,70,2,0,97,17,15,38,99,80,0,0,56,6,10,0,74,4,99,2,0,94,45,30,50,99,85,0,0,56,36,28,0,32,0,73,20,16,96,15,10,30,99,80,60,0,41,20,10,0,83,4,76,4,0,90,17,14,37,99,80,0,0,50,0,0,3,42,4,99,0,0,9,4,19,62,50,50,50,50,3,14,25,39,3,0,57,36,77,111,100,100,32,80,105,97,110,111
99,63,2,37,99,96,99,99,41,24,0,3,63,3,89,10,0,99,64,0,8,82,48,0,0,32,0,0,0,61,23,99,4,0,90,65,0,82,82,48,0,0,0,0,7,0,57,20,99,14,0,99,30,34,38,99,80,0,0,0,0,0,0,57,8,99,2,0,98,26,36,32,99,63,0,0,0,0,5,3,7,28,85,4,0,99,33,35,42,99,80,0,0,43,99,0,3,115,8,99,4,0,94,67,95,60,50,50,50,50,8,15,21,0,0,0,33,12,71,76,73,84,84,69,82,32,32,32
79,76,10,35,99,92,0,0,0,0,0,0,8,3,70,16,0,80,73,10,35,99,92,0,0,0,0,0,0,112,3,66,8,0,79,74,10,35,98,98,36,0,98,0,0,0,80,0,76,4,0,70,15,15,35,99,92,92,0,0,0,0,0,104,0,99,8,0,79,13,0,35,99,92,28,0,0,0,0,0,8,3,75,4,0,70,56,10,35,98,98,35,0,98,0,0,0,32,0,99,8,0,84,95,95,60,50,50,50,50,1,15,31,0,8,0,56,12,89,65,77,65,72,65,32,71,88,49
79,38,25,32,99,72,72,0,39,0,0,15,112,8,82,2,0,95,39,25,71,99,71,64,0,39,0,0,15,112,0,78,2,0,97,99,99,99,99,88,96,0,39,0,0,15,112,0,99,2,0,99,39,25,35,99,71,64,0,39,0,0,15,56,0,91,2,0,61,38,25,47,99,72,72,0,39,0,0,15,56,0,76,2,0,97,76,96,99,99,88,96,0,39,0,0,15,56,0,99,4,0,84,95,95,60,50,50,50,50,2,15,37,0,0,0,64,0,83,89,78,66,65,83,83,32,53,52
99,62,25,50,99,99,0,0,32,0,0,3,60,12,76,10,0,99,82,27,36,99,93,0,0,32,0,18,0,59,28,98,4,0,99,45,27,51,99,99,0,0,32,99,0,3,58,16,99,2,0,99,62,25,50,99,99,0,0,32,0,0,3,28,12,71,10,1,99,82,27,36,99,93,0,0,32,0,18,0,27,20,98,2,1,99,45,27,51,99,99,0,0,32,99,0,3,26,16,99,2,1,0,0,0,0,50,50,50,50,3,10,34,0,0,0,8,12,69,80,73,65,78,79,32,57,32,32
95,28,27,39,99,90,0,0,5,0,0,4,98,0,61,34,0,83,99,58,68,99,90,0,0,49,0,0,0,26,8,99,2,0,88,28,27,40,99,90,0,0,49,0,0,0,91,8,98,2,0,48,47,51,42,99,85,56,0,5,0,0,4,24,8,64,16,0,88,92,71,42,99,67,91,90,39,0,20,0,82,4,99,2,0,88,28,27,40,99,90,0,0,49,0,0,0,34,8,99,2,0,0,0,0,0,50,50,50,50,3,8,35,0,0,0,7,24,77,114,46,83,111,102,116,101,101,32
72,76,10,32,99,92,0,0,0,0,0,0,64,0,70,16,0,33,73,10,28,99,92,0,0,0,0,0,0,8,0,76,4,0,27,99,10,32,98,98,36,0,98,0,0,0,96,0,76,4,0,51,15,10,47,99,92,0,0,0,0,0,0,104,0,92,4,0,35,13,7,25,99,92,28,0,0,0,0,0,8,0,74,4,0,48,56,10,47,98,98,36,0,98,0,0,0,56,0,92,4,0,84,95,95,60,50,50,50,50,1,15,30,81,8,0,40,0,83,89,78,84,72,73,65,78,65,32
20,39,0,0,99,99,85,0,0,0,7,4,113,16,75,0,99,96,78,76,9,99,99,99,0,0,0,2,0,24,11,85,0,0,64,78,76,34,99,99,99,0,0,0,0,0,0,8,99,1,1,99,71,84,7,99,99,99,0,39,0,14,0,88,11,84,1,0,79,81,71,16,99,99,0,0,49,30,7,3,72,27,94,6,0,71,78,76,39,99,99,99,0,0,0,0,0,16,8,99,0,1,99,99,99,99,50,50,50,50,3,0,23,0,0,14,8,36,68,110,97,45,80,97,100,47,52,32
19,12,71,28,99,0,32,0,0,0,0,0,56,0,98,0,0,69,11,71,28,99,0,32,0,0,0,0,0,56,0,99,0,0,19,12,71,28,99,0,32,0,0,0,0,0,40,0,75,4,75,69,11,71,28,99,0,32,0,0,0,0,0,16,0,99,2,0,19,12,71,28,99,0,32,0,0,0,0,0,80,0,78,4,75,69,11,71,28,99,0,32,0,0,0,0,0,72,0,95,2,0,67,95,95,60,50,50,50,50,4,4,35,0,0,0,2,24,84,85,66,46,83,87,69,69,80,49
99,77,50,77,99,97,68,0,15,0,0,4,64,0,99,4,2,99,87,50,0,87,27,0,0,15,0,0,4,48,8,99,2,4,99,56,50,0,99,27,0,0,15,0,0,4,87,8,98,0,46,99,11,16,50,99,96,0,0,3,0,0,4,119,8,99,0,0,99,63,25,32,99,97,88,0,15,0,0,4,56,0,99,42,0,99,99,50,57,99,99,0,0,15,0,0,4,115,16,88,21,21,77,99,99,42,0,0,0,50,14,7,39,0,0,0,2,36,83,73,77,77,79,78,83,32,33,33
99,49,17,22,99,95,0,99,42,12,10,3,112,8,71,6,0,95,33,18,36,99,95,0,82,39,36,9,3,88,8,79,0,0,95,47,21,45,99,97,0,0,0,0,0,4,100,4,99,0,0,95,17,17,53,99,95,0,93,38,99,68,6,72,28,67,16,0,99,39,21,65,99,85,0,99,41,5,4,3,0,8,88,0,0,80,32,18,45,99,95,0,0,0,0,0,0,60,8,99,0,0,99,99,0,0,50,50,50,50,9,6,99,0,0,0,0,24,70,77,32,80,73,65,78,79,32,65
49,17,25,37,99,99,99,0,36,0,0,3,56,0,13,1,0,19,17,25,48,99,99,0,0,36,0,0,3,80,0,16,11,17,99,29,28,27,99,99,99,0,20,0,0,5,45,3,93,21,99,99,29,28,33,99,99,99,0,99,0,0,5,76,3,95,45,57,99,29,28,27,99,99,99,0,20,0,0,5,45,3,93,13,99,99,29,28,33,99,99,99,0,99,0,0,5,76,3,95,5,57,98,98,98,98,50,50,50,50,4,8,11,0,0,99,2,24,67,82,79,83,83,73,78,71,32,32
84,36,10,16,99,99,95,0,52,0,0,3,0,3,56,6,0,84,36,10,12,99,99,95,0,52,18,0,3,8,4,73,2,0,84,36,10,0,99,99,99,0,38,6,0,0,32,4,80,1,39,38,7,7,41,93,92,92,0,36,31,0,0,104,4,99,2,0,44,36,10,22,99,99,99,0,34,0,0,0,56,4,76,2,0,45,35,10,48,99,99,99,0,36,31,0,0,56,7,97,1,26,84,95,95,60,50,50,50,50,14,7,30,15,18,0,24,24,87,97,114,109,32,83,116,103,32,65
99,42,71,99,99,99,99,0,15,0,0,4,56,0,97,9,0,49,42,71,99,99,99,99,0,15,0,0,4,56,0,51,33,39,99,73,9,12,99,0,0,0,15,0,0,4,56,12,82,3,74,99,75,17,30,99,0,0,0,15,0,0,4,56,8,81,61,0,99,82,0,0,99,0,0,0,15,0,0,4,56,0,99,1,0,99,63,84,60,99,56,0,0,15,0,0,4,56,0,99,5,19,99,99,99,99,50,50,50,50,15,15,30,0,0,0,48,24,75,32,83,78,65,82,69,32,32,55
18,21,98,38,99,0,99,0,41,3,0,3,56,0,97,2,50,41,69,60,35,0,0,98,0,0,1,1,0,64,0,62,1,14,25,21,98,38,99,0,99,0,36,16,78,6,49,4,86,0,0,66,69,60,35,0,0,98,0,0,0,0,0,56,0,58,1,12,25,21,98,38,99,0,99,0,41,11,79,6,8,0,94,0,0,66,69,60,35,0,0,98,0,5,2,3,0,48,0,95,2,0,99,99,99,99,50,50,50,50,3,13,23,40,13,4,48,24,83,116,97,114,70,108,111,119,101,114
99,99,99,19,99,99,99,0,0,0,0,0,56,4,99,46,0,99,99,99,37,99,99,99,0,53,0,0,0,56,8,71,62,0,99,87,99,42,99,75,60,0,0,0,0,0,56,8,99,0,0,99,37,99,43,99,0,0,0,99,0,0,3,59,4,99,0,0,99,65,99,43,99,0,0,0,0,0,0,0,56,4,99,25,0,99,53,99,46,99,40,0,0,0,0,0,0,62,4,99,0,0,98,17,98,98,50,50,50,50,0,15,4,0,99,0,97,24,69,46,32,68,82,85,77,83,32,51
70,13,60,53,98,80,85,0,54,0,0,0,73,0,92,24,0,38,13,60,53,98,80,85,0,54,0,0,0,57,0,55,4,0,54,13,60,53,98,80,85,0,18,1,0,15,113,4,84,4,0,69,70,20,54,99,92,84,0,0,0,0,0,2,0,99,9,16,53,46,21,53,98,95,89,0,54,0,0,0,1,4,87,4,0,69,70,20,54,99,97,95,0,0,0,0,0,2,4,99,1,8,94,67,95,60,50,50,50,50,1,15,38,33,12,71,40,0,80,82,79,80,72,69,84,54,48,48
96,26,22,30,74,91,78,0,42,14,13,3,25,0,82,12,0,96,64,87,21,85,91,78,0,42,30,0,3,1,0,85,0,0,78,64,87,38,99,91,78,0,45,59,18,3,17,0,99,4,1,84,64,87,21,82,85,78,0,39,54,0,3,25,0,82,12,0,96,64,87,21,87,88,78,0,46,49,0,3,1,0,85,0,0,81,64,87,34,99,85,78,0,41,35,0,3,57,0,99,4,0,94,67,95,60,50,50,50,50,3,8,22,42,18,99,32,24,42,82,111,99,107,32,105,116,32,32
35,41,99,12,87,92,92,89,0,0,0,0,24,0,40,2,0,36,42,99,17,92,92,92,92,0,0,0,0,32,0,80,2,0,75,46,99,34,91,92,92,0,0,0,0,0,24,0,70,2,0,71,38,99,0,90,92,91,0,0,0,0,0,32,0,41,2,0,92,38,99,0,92,0,0,0,0,0,0,0,8,3,71,4,0,67,40,99,42,92,92,92,0,0,0,0,0,56,0,99,1,44,99,99,99,99,50,50,50,50,15,8,50,0,0,99,7,24,83,80,65,67,89,32,83,89,78,84
91,44,28,35,94,79,71,0,0,0,0,0,61,3,70,40,0,91,36,28,35,99,70,0,0,52,0,0,3,60,3,71,40,0,75,29,28,35,99,70,0,0,0,0,0,0,60,16,99,32,0,91,40,44,37,99,70,71,0,58,0,37,0,56,3,70,32,0,91,28,28,37,99,70,0,0,52,8,0,3,57,3,77,2,0,75,27,28,37,99,70,0,0,0,0,0,0,57,16,99,4,0,94,67,95,60,50,50,50,50,22,15,34,33,0,0,9,24,77,117,115,105,99,66,111,120,73,73
80,29,99,26,99,25,0,0,28,0,20,0,112,0,80,4,0,80,29,99,24,99,25,0,0,28,0,20,0,58,0,78,2,0,80,29,15,28,99,25,0,0,28,0,20,0,48,2,99,4,1,80,34,99,27,99,25,0,0,70,14,36,3,8,0,62,8,0,80,29,99,32,99,25,0,0,75,0,30,0,32,2,97,2,0,80,28,99,26,99,25,0,0,28,12,0,12,24,8,54,4,0,97,94,75,60,49,51,50,50,26,6,33,8,13,13,24,48,83,119,101,101,101,101,101,101,116,32
67,28,28,32,99,92,85,0,61,3,10,0,24,0,81,2,0,69,53,39,45,99,92,80,0,53,3,8,0,16,4,80,2,0,74,27,20,58,99,93,70,0,29,0,5,0,24,16,99,2,0,60,34,31,32,99,92,89,0,64,0,0,3,88,8,78,2,0,72,33,27,45,99,89,84,0,28,0,5,0,96,4,83,2,0,75,40,32,58,99,91,70,0,20,0,4,0,88,12,99,2,0,99,99,99,99,50,50,50,50,3,5,32,4,5,0,49,12,80,45,55,32,32,32,32,32,50,66
90,247
240,67,0,9,32,0
50,38,34,0,99,19,99,0,39,0,0,0,40,0,99,0,0,99,45,61,70,99,92,46,0,46,99,0,0,40,28,99,4,0,99,64,36,31,99,42,99,0,39,99,0,0,56,28,89,4,0,99,50,15,69,0,59,99,0,39,0,39,0,61,4,95,0,0,77,65,61,47,81,47,99,0,25,99,99,3,55,31,99,0,0,99,59,40,89,99,90,80,0,0,0,0,0,58,0,99,1,0,0,99,99,0,50,50,50,50,17,14,0,72,0,0,121,24,32,84,72,69,32,32,70,73,88,32
90,30,29,45,99,85,2,0,0,7,11,1,84,24,91,4,99,94,33,10,41,99,82,4,0,0,9,8,0,51,4,90,0,99,97,48,29,37,99,84,0,0,0,0,7,12,68,20,59,34,0,99,45,6,41,91,99,0,0,0,0,0,0,42,4,99,2,0,53,33,21,41,95,89,0,0,0,0,0,0,1,3,99,2,98,49,41,21,41,99,88,0,0,0,0,0,0,9,3,96,4,0,92,99,99,99,51,50,50,50,28,13,32,3,21,63,25,24,66,105,108,108,32,66,101,108,108,32
99,55,48,43,99,88,99,0,0,0,0,0,56,28,56,16,0,99,32,21,35,99,63,99,0,0,0,0,0,32,28,99,0,0,99,30,47,36,99,42,28,0,0,0,0,0,96,28,99,1,0,99,71,46,40,99,53,0,99,48,0,99,0,2,28,85,14,0,99,99,99,37,99,99,99,0,0,0,0,0,96,28,99,2,0,99,99,99,44,99,99,99,0,0,0,0,0,16,0,99,2,0,99,99,99,99,50,50,50,50,3,8,0,0,0,0,8,24,66,85,83,72,127,82,73,78,71,83
99,11,14,2,99,99,88,0,0,0,0,0,60,0,97,0,1,99,0,7,31,99,99,92,0,0,99,0,3,12,0,99,0,0,99,68,97,32,99,99,99,0,38,10,32,3,0,3,88,2,1,99,0,7,31,99,99,92,0,0,99,0,3,116,0,99,0,0,99,68,97,32,99,99,99,0,39,99,32,14,56,3,76,2,1,99,0,7,31,99,99,92,0,28,99,99,7,60,0,99,2,0,99,99,99,99,50,50,50,50,4,12,1,0,99,20,0,24,68,88,45,69,78,83,69,77,66,69
99,64,75,50,99,99,0,0,0,0,0,0,58,0,99,0,1,36,97,84,62,0,99,0,0,0,0,0,0,58,0,99,10,1,39,68,66,99,0,99,0,0,0,0,0,0,56,0,99,0,11,47,99,68,99,0,99,0,0,0,0,0,0,56,16,99,6,28,43,99,57,99,0,99,0,0,30,0,35,0,56,0,99,6,1,99,64,66,49,99,0,0,0,0,0,0,0,56,8,99,4,0,29,98,92,53,56,95,45,83,30,15,43,0,98,0,117,12,68,114,105,112,46,69,116,99,32,32
99,99,99,0,99,99,99,0,0,0,0,0,56,12,88,47,53,99,99,99,0,99,48,99,0,0,0,0,0,56,0,86,61,96,99,99,85,0,32,90,60,99,0,0,0,0,56,12,99,13,6,99,55,45,39,99,0,6,0,0,0,0,0,56,28,90,63,82,99,99,42,0,99,79,0,79,0,0,0,0,56,0,91,5,99,99,92,14,40,99,0,0,0,0,0,0,0,56,0,99,39,78,99,99,99,99,50,50,50,50,6,15,35,0,0,0,49,24,82,32,67,89,77,66,65,76,32,66
97,20,15,41,99,90,21,0,0,0,0,0,58,8,80,20,0,33,97,16,41,0,90,22,0,0,0,0,0,58,0,99,4,0,97,20,17,35,99,90,22,0,0,0,0,0,58,8,90,4,0,29,98,17,40,0,90,21,0,0,0,0,0,114,4,87,4,0,97,40,16,21,99,90,23,0,0,0,0,0,58,4,87,6,0,97,20,16,40,99,90,21,0,0,0,0,0,58,0,85,2,0,94,67,95,60,55,50,50,50,9,8,60,69,0,0,11,24,83,67,72,69,73,77,69,32,32,32
99,42,10,18,99,0,0,0,0,0,0,0,112,4,78,30,0,98,34,10,21,99,0,0,0,0,0,0,0,88,15,61,8,13,89,74,10,35,98,98,36,0,98,0,0,0,96,8,99,2,50,95,15,10,18,99,92,0,0,0,0,0,0,112,4,68,30,0,81,13,7,25,99,92,27,0,99,0,0,0,80,4,60,6,50,92,56,10,35,98,98,36,0,0,0,0,0,64,8,99,2,49,0,0,0,0,50,50,50,50,2,15,19,0,12,0,25,17,66,101,108,108,68,114,101,97,109,115
68,50,25,70,99,97,94,0,0,0,0,0,96,0,92,2,0,68,50,25,70,99,95,80,0,0,0,0,0,58,8,99,2,0,27,50,25,70,99,99,99,0,0,0,0,0,50,8,89,6,50,68,50,25,70,99,95,80,0,0,0,0,0,96,0,99,2,0,68,50,25,70,99,95,80,0,0,0,0,0,32,0,88,2,0,68,50,25,70,99,95,80,0,0,0,0,0,56,0,99,2,0,99,99,99,99,50,50,50,50,5,14,35,0,0,0,49,24,78,111,105,122,108,101,97,100,32,49
85,62,24,45,99,99,0,0,32,0,0,3,20,3,73,10,27,84,58,18,36,99,93,0,0,32,0,18,0,99,28,89,4,0,87,45,27,45,99,99,0,0,32,99,0,3,74,16,99,2,0,85,62,24,46,99,99,0,0,32,0,0,3,52,0,71,10,0,86,58,18,36,99,93,0,0,32,0,18,0,43,20,89,4,0,88,45,27,45,99,99,0,0,32,99,0,3,34,16,99,2,0,0,0,0,0,50,50,50,50,3,8,2,0,10,0,8,12,76,97,118,105,116,97,114,32,32,92
92,64,43,70,35,94,92,20,46,11,12,3,59,4,92,0,0,44,99,99,99,99,99,96,0,27,13,4,12,60,9,75,2,0,52,99,35,99,99,99,95,0,39,0,0,7,59,0,99,0,0,99,99,37,70,99,99,27,20,43,31,0,3,56,0,75,2,61,99,32,35,99,99,83,78,0,27,0,0,0,56,0,90,0,0,54,99,42,99,99,99,83,0,39,38,28,0,59,20,91,0,0,82,99,99,99,52,50,50,50,3,4,40,68,13,32,24,24,102,114,99,116,46,115,97,120,32,50
78,89,26,46,99,0,0,0,15,0,0,4,64,16,84,12,0,99,56,26,42,99,0,0,0,15,0,56,4,56,20,83,10,0,99,34,26,39,99,0,0,0,84,14,99,1,58,20,82,4,0,83,34,0,35,99,0,0,0,15,0,28,4,97,24,99,2,0,99,60,26,71,99,0,0,0,99,86,99,5,58,24,80,4,0,83,35,0,31,99,0,0,0,15,0,28,4,58,28,96,2,0,99,99,99,99,50,50,50,50,13,15,27,0,1,0,48,24,72,65,82,80,32,49,32,32,32,32
49,76,10,0,0,99,82,0,51,0,0,12,72,0,77,8,0,99,73,13,39,0,99,0,0,39,0,0,0,56,0,80,1,15,53,74,10,0,0,99,99,0,98,0,0,4,56,0,64,20,0,99,15,10,36,99,99,99,0,0,0,0,0,104,0,80,16,0,99,13,7,0,99,99,99,0,0,0,0,0,8,0,82,2,0,99,56,10,44,99,99,99,0,98,0,0,0,56,0,80,2,0,84,95,95,60,50,50,50,50,4,15,30,53,50,0,24,12,87,65,86,69,82,69,76,73,69,70
99,51,22,90,99,99,99,0,41,0,0,0,72,3,69,32,0,99,80,22,90,99,99,99,0,77,99,0,12,72,2,80,16,0,99,65,22,90,99,0,0,0,43,99,0,14,72,0,95,8,0,99,80,51,82,99,99,99,0,0,0,0,0,56,1,99,2,50,99,20,22,90,99,99,99,0,39,98,0,3,72,1,70,2,0,99,80,22,90,99,99,99,0,0,0,0,0,32,1,99,0,0,0,0,0,0,50,50,50,50,30,0,40,0,10,44,16,36,66,45,51,32,32,32,32,32,73,73
86,32,35,0,99,92,84,0,54,0,15,4,33,0,75,30,0,86,32,35,33,99,92,84,0,54,0,15,4,97,0,71,10,0,86,32,35,32,99,92,84,0,54,0,15,4,1,4,81,10,0,86,31,35,40,99,92,84,0,54,0,15,4,113,0,99,1,47,86,32,35,35,99,92,84,0,54,0,15,4,25,4,82,20,1,86,32,35,39,99,92,84,0,54,0,15,4,1,4,99,1,0,86,31,35,36,49,50,50,50,1,7,38,8,11,56,24,8,80,111,108,121,83,116,114,105,110,103
95,29,20,50,99,95,0,0,41,0,19,0,115,24,84,50,0,95,41,27,50,99,95,0,0,98,0,0,2,99,0,83,8,0,95,29,20,50,99,95,0,0,0,0,0,0,59,24,85,20,0,95,50,34,50,99,95,0,0,0,0,0,0,59,0,87,34,0,95,67,38,78,99,92,0,0,0,0,0,0,59,28,92,24,0,96,25,25,67,99,75,0,0,0,0,0,2,59,8,97,2,0,94,67,95,60,50,50,50,50,4,6,0,0,0,0,32,24,66,82,73,84,69,32,69,89,69,83
22,88,46,46,72,99,0,0,0,0,0,0,56,0,99,10,7,23,88,48,46,72,99,0,0,0,0,0,0,56,0,99,10,9,24,88,46,45,72,99,0,0,0,0,0,0,56,0,99,10,15,25,89,46,46,72,99,0,0,0,0,0,0,56,0,99,12,0,26,88,46,45,72,99,0,0,0,0,0,0,56,0,99,12,11,27,88,47,46,72,99,0,0,0,0,0,0,56,0,99,16,0,99,99,99,99,50,50,50,50,31,8,35,0,0,0,49,14,68,73,78,71,76,32,49,57,46,56
99,36,75,93,99,99,44,0,0,3,1,10,0,0,78,5,99,88,39,47,90,96,42,48,0,0,0,0,15,112,0,99,3,99,58,75,38,76,98,59,92,0,58,0,0,10,3,0,99,1,0,0,0,0,0,0,0,0,0,0,0,0,0,56,0,0,1,0,81,48,57,97,0,92,74,0,0,0,0,14,80,0,99,3,99,22,54,36,97,51,99,69,0,0,0,0,15,0,0,99,5,60,73,62,62,99,75,50,0,31,9,15,99,20,56,0,104,12,72,65,76,76,79,32,32,32,32,32
99,64,44,54,99,92,56,0,55,25,0,3,58,8,54,28,0,99,67,38,54,86,92,74,0,0,0,0,0,58,4,84,6,0,91,0,20,54,99,99,99,0,0,0,0,0,58,8,75,2,0,95,52,35,41,99,92,89,0,51,98,60,3,58,4,99,2,0,1,10,35,51,82,92,87,0,34,0,0,12,57,0,84,2,0,99,30,25,43,12,92,28,0,0,0,0,0,58,4,99,2,0,94,67,95,60,49,50,50,50,11,15,28,28,25,0,40,12,71,83,45,49,32,84,89,80,69,49
99,72,20,99,99,95,77,99,23,0,10,0,57,0,99,12,0,95,77,29,53,99,89,0,0,49,0,0,0,54,0,95,8,0,95,70,20,99,99,91,74,96,49,0,0,0,57,0,97,6,0,95,78,32,62,99,87,0,0,49,0,12,0,50,0,97,2,0,95,72,10,99,99,93,93,93,51,99,0,3,57,0,98,0,0,95,80,29,50,99,89,0,0,57,14,5,0,59,0,99,8,0,24,99,99,99,50,50,50,51,4,10,30,0,0,0,2,24,72,65,82,80,83,73,67,32,49,32
99,82,75,0,99,87,0,0,41,22,0,0,63,4,99,63,38,99,64,0,8,85,48,0,0,32,0,0,0,61,16,99,6,0,90,65,18,82,82,48,0,0,0,0,4,0,57,20,99,14,0,99,30,34,46,99,80,0,0,0,0,0,0,57,28,85,2,0,75,45,18,19,99,87,0,0,0,0,18,3,46,8,89,0,0,99,33,18,38,99,85,0,0,43,99,0,3,59,0,99,2,0,94,67,95,60,50,50,50,50,15,15,31,0,0,0,17,12,84,69,67,78,79,45,88,89,76,79
20,12,71,28,99,0,32,0,0,0,0,0,56,0,98,0,0,70,11,71,28,99,0,32,0,0,0,0,0,56,0,99,0,0,98,13,71,28,99,0,32,0,0,0,0,0,42,3,75,4,75,95,33,71,25,99,0,32,0,0,99,0,0,18,3,99,2,0,98,13,71,28,99,0,32,0,0,0,0,0,82,3,78,4,75,95,34,71,25,99,0,32,0,99,93,0,3,74,3,95,2,0,27,63,46,26,88,81,25,50,28,0,64,0,70,0,102,24,84,114,97,110,115,109,105,116,32,32
48,63,47,25,99,78,99,0,34,99,99,12,56,3,99,55,92,42,99,99,25,99,99,99,0,0,0,0,0,24,12,89,2,0,33,99,99,25,99,99,99,0,0,0,0,0,88,0,99,2,0,35,99,99,25,99,99,99,0,0,0,0,0,40,0,88,4,0,38,99,99,25,99,99,99,0,0,0,0,0,72,0,99,2,0,42,67,52,25,99,72,99,0,39,99,0,3,56,0,99,2,3,99,99,99,99,50,50,50,50,30,8,35,0,0,0,1,48,32,66,69,65,77,69,82,32,56,32
99,39,28,34,99,94,0,0,32,0,27,1,72,24,62,16,25,99,39,28,34,99,94,0,0,32,0,0,1,64,16,75,10,30,99,38,27,34,99,94,0,0,32,0,0,1,83,11,97,1,60,59,38,26,34,99,94,0,0,32,0,0,1,59,3,99,1,55,59,44,34,35,99,94,0,0,32,0,0,1,67,4,76,16,25,69,28,25,33,99,95,0,0,32,0,0,1,59,0,80,4,0,45,25,0,0,45,50,50,39,6,13,35,23,0,0,2,12,66,69,78,68,32,32,32,32,32,32
25,34,26,5,99,78,0,0,44,30,0,0,2,8,91,25,62,75,55,19,18,99,94,0,0,15,0,13,0,73,11,90,8,0,37,17,27,36,99,94,0,0,0,0,0,0,58,4,99,2,0,82,30,15,13,99,83,0,0,34,0,6,0,18,19,92,4,0,82,25,20,25,99,85,0,0,59,0,0,0,4,0,99,2,0,74,57,59,49,99,82,0,0,0,0,0,0,115,12,99,5,17,98,98,98,98,50,50,50,50,25,0,28,68,28,0,16,24,66,101,108,108,111,32,52,32,32,92
99,55,85,68,99,28,0,0,36,51,11,1,114,28,98,24,0,99,49,78,40,99,21,11,0,48,99,99,6,113,8,89,4,0,99,40,79,40,99,25,18,0,36,51,0,1,58,28,75,10,73,99,30,78,25,99,21,11,0,48,99,99,6,59,9,89,4,0,99,40,85,35,99,28,0,0,36,51,5,1,1,28,98,10,34,99,30,78,28,99,21,11,0,48,99,99,6,2,9,89,4,0,85,85,99,99,51,50,50,50,4,0,35,0,9,20,16,24,92,71,108,97,115,104,97,114,112,32
50,15,15,70,99,90,80,0,0,0,0,0,58,8,80,2,0,68,20,20,70,99,90,80,0,0,0,0,0,58,8,99,2,0,68,20,20,70,99,90,80,0,0,0,0,0,58,0,97,2,0,68,20,20,79,99,90,80,0,0,0,0,0,58,4,99,2,0,97,20,20,34,99,90,80,0,50,99,0,3,58,4,82,16,0,97,42,78,39,99,0,0,0,38,23,0,0,58,3,90,8,0,94,67,95,60,50,50,50,50,21,15,33,65,36,0,25,24,66,82,83,45,67,72,77,69,74,72
99,99,99,99,99,99,99,0,0,0,0,0,56,0,70,2,0,99,99,99,99,99,99,99,0,0,0,0,0,56,0,52,2,0,84,64,99,99,99,68,59,0,0,0,0,0,56,0,87,10,0,99,99,99,99,99,99,99,0,0,0,0,0,56,0,52,2,1,99,99,99,99,99,99,99,0,0,0,0,0,56,0,74,1,95,57,29,69,53,99,92,0,0,0,0,0,0,56,0,99,2,0,99,99,99,99,50,50,50,50,15,15,11,0,99,0,87,35,81,119,101,114,68,97,76,117,110,101
61,15,15,70,99,90,80,0,0,0,0,0,58,8,80,2,0,69,20,20,70,99,90,80,0,0,0,0,0,58,8,99,2,0,69,20,20,70,99,90,80,0,0,0,0,0,58,0,97,2,0,68,20,20,79,99,90,80,0,0,0,0,0,58,4,99,2,0,97,21,20,34,99,90,80,0,0,0,0,0,58,4,82,16,0,99,99,99,99,99,99,99,99,0,0,0,0,58,0,0,8,0,94,67,95,60,51,50,50,50,21,15,36,24,15,0,25,24,83,112,105,116,84,114,117,109,112,116
4,90,35,51,99,99,0,0,0,0,0,0,56,0,82,4,0,0,90,35,51,58,99,0,0,0,0,0,0,56,0,80,2,0,5,91,35,51,52,99,0,0,0,0,0,0,56,0,81,4,0,7,92,35,51,52,99,0,0,0,0,0,0,56,0,86,2,0,89,49,35,53,99,94,0,0,0,0,4,0,56,0,85,4,0,89,49,35,53,99,94,0,0,0,0,0,0,56,0,99,2,0,99,99,99,99,50,50,50,50,5,8,35,0,0,0,49,24,69,67,72,79,32,69,67,72,79,49
79,60,60,39,99,60,0,0,0,0,0,0,56,0,60,22,0,79,39,39,39,99,68,48,0,0,0,0,0,56,0,99,2,0,99,19,39,39,99,60,0,0,0,0,0,0,58,12,99,0,0,60,28,39,39,99,69,39,0,0,0,0,0,57,3,99,8,0,39,19,19,29,99,19,19,0,0,0,0,0,56,0,99,2,1,29,29,29,29,99,29,29,0,0,0,0,0,56,0,99,2,0,99,99,99,99,50,50,50,50,21,8,35,0,0,0,49,24,109,111,111,110,115,119,105,102,116,50
38,32,24,35,99,96,92,0,54,0,0,0,115,24,75,24,0,38,32,24,30,99,96,92,0,54,0,0,0,113,8,59,12,0,58,32,13,34,99,96,0,0,54,0,36,0,115,8,94,2,0,99,34,35,31,99,92,84,0,40,0,32,0,2,20,61,24,0,99,47,0,32,99,93,87,0,54,0,1,0,9,8,90,4,0,91,34,21,33,99,92,0,0,52,0,12,0,2,4,94,1,28,94,68,95,60,50,50,50,50,2,7,27,33,17,0,40,24,79,99,116,97,118,101,66,101,108,108
65,247
240,67,0,9,32,0
97,56,20,25,99,0,0,0,0,0,0,0,115,0,79,62,21,86,55,22,25,98,61,62,0,0,0,0,0,0,0,70,6,6,99,92,22,26,89,61,62,0,0,0,0,0,112,0,79,10,0,46,35,22,21,99,86,86,0,0,0,0,0,1,4,77,2,0,37,34,15,35,96,0,0,0,0,0,0,0,114,4,70,2,0,99,24,19,44,99,86,86,0,0,0,0,0,114,8,99,2,0,94,67,95,60,48,50,50,50,17,15,35,0,5,0,64,12,77,82,46,56,48,83,32,32,32,32
90,34,26,99,99,99,97,99,49,0,0,0,105,0,89,2,0,95,28,40,40,90,76,75,0,60,0,71,0,83,0,88,20,0,90,76,30,46,99,90,69,0,49,0,0,0,58,0,94,6,0,90,34,26,99,99,99,97,99,39,0,35,0,49,0,78,0,0,95,2,86,40,90,76,75,0,49,0,0,0,59,0,94,2,0,78,74,30,46,99,90,66,0,49,0,0,0,58,0,82,2,0,0,0,0,0,50,50,50,50,9,8,30,0,0,0,32,24,67,88,62,53,72,97,114,112,115,62
75,25,36,34,99,99,99,0,29,0,0,3,112,0,79,2,0,75,67,5,37,68,99,0,0,27,0,0,3,112,0,99,1,22,75,25,36,34,99,99,99,0,29,0,0,3,0,0,60,2,0,75,67,5,37,68,99,0,0,27,0,0,3,0,12,99,2,0,95,50,35,78,99,75,0,0,0,0,0,0,59,0,75,28,0,96,25,25,67,99,75,0,0,27,10,0,0,91,28,99,2,0,94,67,95,60,50,50,50,50,4,7,37,71,15,0,16,36,66,111,119,101,100,32,82,69,86,32
94,99,0,85,99,99,0,0,34,0,40,2,60,0,78,2,0,94,39,34,28,87,55,0,0,0,0,0,4,75,24,64,22,0,95,62,50,35,99,0,0,0,0,0,0,12,3,28,57,0,2,80,12,66,49,99,90,0,0,0,0,0,8,114,12,99,2,0,85,85,21,33,99,93,0,0,32,0,0,2,82,8,75,2,0,90,85,21,40,99,93,0,0,0,0,0,3,50,4,99,2,0,75,80,75,61,50,50,50,50,11,7,17,0,0,0,24,24,69,46,80,105,97,110,111,32,52,52
99,57,15,99,99,42,0,0,39,30,0,3,54,20,99,0,0,80,40,30,60,99,71,0,0,0,0,0,0,67,12,78,4,0,90,99,99,50,99,99,99,0,0,0,0,0,56,8,99,9,0,99,99,99,99,99,99,99,0,40,0,14,0,64,16,70,2,0,80,50,24,60,99,97,0,0,0,0,0,0,32,12,81,2,0,90,99,99,50,99,99,99,0,0,0,0,0,56,4,99,9,29,99,99,99,99,50,50,50,50,2,3,35,0,0,0,1,24,65,67,67,69,78,84,32,32,32,32
51,79,0,25,0,42,99,47,15,0,96,4,67,0,86,30,8,99,67,44,27,42,47,0,0,15,99,0,3,65,0,68,40,2,99,99,71,30,0,0,0,0,15,0,0,4,58,0,50,14,0,98,27,38,33,99,0,99,99,15,0,0,4,58,4,99,4,0,60,0,0,0,99,0,0,0,0,0,0,0,56,3,71,10,0,52,57,99,40,99,0,99,0,0,0,0,0,56,16,99,6,0,58,17,98,98,30,82,41,43,15,14,0,0,0,0,116,24,49,83,84,45,76,65,83,84,77,87
67,64,44,37,99,92,71,0,47,35,0,3,58,28,69,16,0,97,35,38,37,99,99,99,0,0,0,0,0,114,4,75,2,0,99,19,20,39,82,89,89,0,0,0,0,0,114,8,99,2,0,60,29,35,40,99,93,95,0,38,98,0,15,114,12,99,2,0,99,20,27,32,92,95,95,0,32,0,5,12,17,0,88,2,0,60,30,25,40,99,92,90,0,24,0,99,12,58,12,99,2,0,94,67,95,60,50,50,50,50,14,11,35,0,14,0,40,24,83,84,82,73,78,71,83,32,32,50
99,29,50,30,99,80,70,0,39,0,0,0,59,0,89,16,0,99,10,50,40,99,85,85,0,0,0,0,0,59,0,99,1,30,99,50,30,35,99,85,75,0,0,0,0,0,59,0,90,8,32,99,40,50,40,99,85,75,0,0,0,0,0,59,0,99,1,54,99,78,30,30,99,85,75,0,0,0,0,0,59,0,99,32,0,99,45,40,40,99,90,0,0,0,0,0,0,59,0,99,1,14,61,53,50,60,49,51,50,50,5,3,55,33,51,93,24,0,75,69,78,74,79,45,74,73,32,49
95,39,71,30,99,0,32,0,0,0,0,0,114,0,60,4,75,95,39,71,30,99,0,32,0,0,0,0,0,114,0,99,2,0,95,39,71,30,99,0,32,0,0,0,0,0,2,0,60,4,75,95,39,71,30,99,0,32,0,0,0,0,0,2,0,99,2,0,95,39,71,30,99,0,32,0,0,0,0,0,82,0,59,12,17,95,39,71,30,99,0,32,0,0,0,0,0,74,0,99,4,0,67,95,95,60,50,50,50,50,4,0,35,0,0,0,18,36,79,75,84,65,86,66,69,76,76,83
80,70,0,75,99,0,0,0,39,15,0,3,56,16,99,3,70,80,65,40,45,99,95,0,0,39,0,10,0,56,0,99,2,0,50,38,99,45,96,0,0,0,39,0,0,7,56,20,92,16,25,80,65,40,45,99,95,0,0,39,0,10,0,0,0,99,2,0,80,65,50,45,99,95,0,0,39,10,0,3,57,12,85,10,10,80,65,40,45,99,95,0,0,39,0,10,0,112,0,99,2,0,85,85,85,85,50,50,50,50,5,0,30,0,0,0,56,24,71,65,77,69,76,65,78,32,32,32
0,51,99,99,61,99,98,98,3,0,0,0,56,0,79,2,0,52,66,57,99,5,32,99,0,3,0,0,0,56,0,68,2,0,99,71,82,99,98,43,48,92,3,0,0,0,56,0,74,22,0,99,99,99,99,99,99,99,0,3,0,0,0,63,0,73,2,0,99,99,99,99,10,99,99,0,3,0,0,0,8,0,74,0,0,99,99,99,99,52,99,99,0,3,0,0,0,56,0,89,0,0,50,50,50,50,50,50,50,50,17,8,35,0,0,0,33,24,42,83,121,110,116,45,39,54,57,39
99,99,36,41,99,99,99,0,47,0,0,3,112,28,99,2,0,99,99,99,42,99,99,99,0,99,0,0,3,0,3,36,24,1,99,99,29,30,99,99,27,0,99,0,0,3,0,0,79,4,75,99,71,39,42,99,70,0,0,0,0,0,3,2,0,99,16,0,27,71,30,42,27,70,0,0,88,0,27,3,112,16,99,10,0,99,99,36,41,99,99,0,27,12,0,0,3,32,0,99,2,0,99,99,99,99,50,50,50,50,0,15,27,12,8,99,56,24,78,105,107,105,116,97,32,32,32,32
54,64,44,54,99,92,56,0,55,25,0,3,114,8,54,6,0,54,67,38,54,86,92,74,0,0,0,0,0,58,4,84,4,0,96,20,20,54,99,92,89,0,0,0,0,0,114,8,63,2,0,50,52,35,41,99,92,91,0,51,99,60,3,58,4,99,2,0,99,72,35,29,82,92,87,0,54,0,0,0,1,0,88,2,0,99,31,52,32,99,92,90,0,0,0,0,0,58,4,99,2,0,99,99,99,99,50,50,50,50,4,15,28,46,1,0,16,12,70,111,114,114,101,115,116,66,101,108
81,88,54,62,99,92,0,0,31,0,0,12,60,16,87,10,0,99,87,62,54,99,67,0,0,32,0,0,12,56,12,75,6,22,99,35,31,40,99,91,0,0,41,99,0,0,58,0,99,0,0,89,96,32,30,99,65,0,0,38,0,0,0,62,12,98,0,0,99,20,0,43,99,0,0,0,41,0,0,0,63,0,80,0,0,95,54,31,58,99,95,0,0,36,0,60,3,58,0,99,0,0,94,67,95,60,50,50,50,50,10,15,35,0,0,0,48,24,68,73,71,46,83,80,76,73,84,56
60,99,25,25,95,95,95,0,56,0,30,3,0,15,98,2,0,60,99,25,25,95,95,95,0,56,0,15,3,8,6,92,2,0,60,44,45,44,99,97,93,0,39,0,0,3,56,8,99,2,0,60,99,25,25,90,90,90,0,56,0,40,3,112,15,92,2,0,60,99,99,25,90,90,90,0,58,0,15,3,88,6,95,4,0,60,99,45,42,99,97,93,0,39,0,0,3,56,8,99,2,0,99,95,95,60,48,51,50,50,2,14,37,0,0,0,8,12,65,114,105,101,108,87,65,83,72,49
75,99,0,39,99,99,99,0,38,15,41,2,104,0,60,16,0,62,99,99,20,99,99,99,0,34,0,50,4,8,0,69,8,0,49,74,13,24,98,98,98,0,64,15,50,6,0,3,80,4,0,27,75,83,39,99,99,99,0,39,35,99,15,56,0,92,1,24,77,99,99,17,99,99,99,0,39,11,50,6,112,0,74,4,0,27,99,43,39,98,99,99,0,39,19,99,14,56,0,92,1,33,80,99,0,99,50,50,50,50,8,7,38,0,30,14,16,12,83,84,82,77,49,32,76,78,71,65
57,49,41,20,99,50,0,0,0,0,0,0,116,0,99,0,99,75,84,41,0,99,98,0,0,0,99,0,12,62,0,99,1,62,64,55,41,77,66,59,0,0,53,75,0,12,60,12,99,62,96,39,99,79,99,71,99,99,0,53,0,99,7,60,0,99,1,57,63,65,41,22,50,45,0,0,66,0,89,4,60,20,99,5,43,57,49,41,20,99,50,0,0,0,0,0,0,116,0,99,0,0,99,99,40,45,91,46,50,55,11,7,32,53,37,8,80,24,78,79,87,45,89,79,85,46,46,46
98,87,0,0,87,86,0,0,32,0,6,0,115,20,78,16,0,95,95,0,0,99,78,89,0,32,0,0,0,99,8,99,0,0,95,64,28,60,99,85,0,0,32,0,0,0,115,0,99,4,0,98,50,0,0,87,86,0,0,32,0,21,0,91,16,80,8,50,95,95,0,0,99,96,89,0,32,0,0,0,107,12,99,0,0,95,75,28,60,99,85,0,0,32,0,0,0,115,0,99,4,0,0,0,0,0,50,50,50,50,3,13,41,46,0,0,32,24,67,76,65,86,32,32,32,32,50,32
99,35,22,60,99,86,86,0,0,0,0,0,63,0,99,52,32,99,35,22,60,99,86,86,0,0,0,0,0,55,3,60,16,6,99,92,22,60,76,77,77,0,0,0,0,0,63,3,50,4,99,99,92,22,61,99,86,86,0,0,0,0,0,63,3,39,6,33,99,90,15,60,90,84,85,0,0,0,0,0,63,3,77,53,95,99,89,19,60,99,99,99,0,0,0,0,0,63,3,99,0,0,98,87,98,60,44,99,99,50,17,14,89,0,99,35,119,24,66,76,66,76,66,76,66,76,32,32
99,99,99,99,99,99,99,0,0,0,0,0,56,7,95,3,9,99,99,99,99,99,99,99,0,0,0,0,0,56,7,95,3,14,99,99,99,99,99,99,99,0,0,0,0,0,56,7,95,3,18,99,99,99,99,99,99,99,0,0,0,0,0,56,0,99,2,0,99,99,99,99,99,99,99,0,0,0,0,0,56,7,95,3,31,99,99,99,99,99,99,99,0,0,0,0,0,56,11,99,2,0,99,99,99,99,50,50,50,50,11,5,99,0,99,99,122,24,83,38,72,32,66,85,66,66,76,69
44,99,99,81,99,99,99,62,40,67,0,0,56,11,62,2,0,45,43,36,52,50,86,62,0,0,0,0,0,56,7,55,15,38,64,58,70,63,51,74,99,0,0,0,0,0,56,0,99,2,0,68,46,43,58,99,99,86,0,0,0,0,0,56,7,81,2,0,54,54,49,61,72,85,85,0,0,0,0,0,56,3,99,1,49,60,99,99,64,99,99,99,0,0,0,0,0,56,11,99,4,0,57,69,38,99,47,50,50,49,25,6,35,33,50,0,33,24,68,66,45,86,79,88,49,70,69,77
89,34,43,38,99,0,0,0,0,0,0,0,97,12,92,0,0,43,33,43,38,99,0,0,0,0,0,0,0,1,8,96,0,0,97,32,43,38,99,0,0,0,0,0,0,0,113,8,97,4,25,89,35,43,38,99,0,0,0,0,0,0,0,56,0,99,0,1,89,34,43,38,99,0,0,0,61,0,99,0,57,4,91,6,1,89,33,43,38,99,0,0,0,0,0,0,0,113,12,99,2,0,99,99,99,99,50,50,50,50,4,12,30,20,12,0,49,24,77,46,52,50,83,84,82,65,84,65
99,99,76,59,99,99,0,0,46,0,0,0,61,28,98,62,0,99,60,65,46,99,95,0,0,32,0,0,3,60,28,96,26,0,99,45,6,50,99,95,0,0,32,0,18,0,27,16,96,2,0,99,62,24,50,99,99,0,0,32,0,0,3,60,12,99,2,0,99,58,18,36,99,93,0,0,32,0,18,0,107,16,99,2,0,99,45,27,51,99,99,0,0,32,99,0,3,106,12,99,2,0,0,0,0,0,50,50,50,50,11,12,30,0,0,0,40,12,32,72,73,77,65,76,65,89,65,32
95,46,28,23,94,79,0,0,0,0,0,0,62,4,86,24,0,95,38,99,17,99,70,0,0,52,0,0,3,59,16,55,2,0,95,29,49,30,99,70,0,0,0,0,0,0,59,31,99,2,0,95,42,44,35,99,70,0,0,58,0,37,0,59,0,87,8,0,95,30,99,30,99,70,0,0,52,8,0,3,59,12,75,12,0,95,27,45,31,99,70,0,0,0,0,0,0,59,28,99,2,0,94,67,95,60,50,50,50,50,11,13,37,21,3,9,72,24,72,65,82,80,49,48,32,86,50,32
82,47,32,32,99,85,0,0,49,0,19,0,68,12,72,24,0,54,33,26,38,99,81,0,0,16,0,20,4,67,16,61,12,0,56,51,9,46,99,97,0,0,26,0,41,4,53,8,83,2,0,81,15,12,39,99,91,0,0,16,0,0,4,63,16,99,2,0,85,77,69,18,99,99,99,0,18,0,8,4,113,0,75,2,0,58,77,69,40,99,99,99,0,45,0,0,4,34,23,99,1,26,82,99,99,99,50,50,50,50,14,15,31,37,30,0,16,12,67,76,65,86,73,42,83,84,82,71
99,27,60,53,99,0,0,0,54,0,0,0,72,0,99,2,0,99,13,60,53,98,82,85,0,54,0,0,0,56,0,58,2,1,99,35,20,53,98,47,0,0,54,0,0,0,104,4,89,2,0,99,71,20,54,99,92,84,0,0,0,0,0,2,0,80,1,0,85,49,25,33,98,93,55,0,51,0,0,12,3,4,85,2,0,60,53,14,54,98,99,89,0,0,0,0,0,1,4,99,1,4,94,67,95,60,50,50,50,50,5,15,0,0,0,71,56,12,65,78,84,72,82,32,83,89,78,51
57,9,40,57,99,95,95,0,0,0,0,0,34,24,71,6,0,75,33,32,45,99,95,89,0,0,0,0,0,66,17,74,4,0,46,43,0,27,99,95,96,0,0,0,0,0,106,5,70,2,0,58,29,10,60,99,94,90,0,54,0,0,0,58,3,99,0,0,47,9,40,34,99,95,95,0,0,0,0,0,18,9,71,2,0,63,20,60,54,99,94,94,0,54,0,0,0,33,3,99,0,0,94,67,95,60,50,50,50,50,1,15,35,33,0,0,40,24,66,67,47,67,108,97,114,110,101,116
90,52,25,54,99,99,99,0,0,0,0,0,59,8,99,0,0,98,10,6,62,98,99,99,0,0,0,0,0,58,11,71,6,0,76,20,16,64,99,71,45,0,0,0,0,0,63,2,68,2,0,99,16,14,64,99,94,83,0,0,0,0,0,58,6,73,0,0,95,20,25,54,99,99,99,0,39,0,53,0,60,29,91,2,0,64,11,7,65,99,99,99,0,0,0,0,0,57,7,99,2,0,99,99,99,99,50,50,50,50,17,7,28,53,14,59,25,36,83,65,88,89,32,32,32,32,32,32
99,80,25,26,99,73,60,99,42,4,2,3,63,16,99,20,0,82,23,14,96,99,80,45,87,25,0,3,15,63,12,72,10,0,82,23,16,32,99,80,70,0,46,0,0,3,63,12,92,2,0,88,28,18,45,99,80,31,0,46,0,6,3,71,16,99,4,0,99,40,54,99,99,70,63,94,33,0,0,3,113,8,88,2,0,99,51,40,52,99,67,0,0,36,0,0,0,116,4,99,6,1,85,29,2,32,50,49,50,49,14,7,36,0,0,93,24,12,32,32,83,104,97,109,105,32,32,32
85,63,24,25,99,96,92,0,54,0,0,0,51,4,81,16,0,99,60,39,45,99,96,0,0,54,0,0,0,57,8,99,12,0,37,32,24,36,99,96,92,0,54,0,0,0,43,8,85,4,0,99,34,20,35,99,92,89,0,0,0,0,0,2,0,79,8,0,99,46,0,28,99,93,87,0,54,0,0,0,9,8,88,4,0,47,33,20,35,99,92,84,0,0,0,0,0,2,4,99,41,31,94,67,95,60,50,50,50,50,18,15,38,33,17,71,40,12,67,65,82,76,79,83,32,78,69,87
99,72,48,17,99,99,99,0,0,0,0,0,64,0,66,2,0,35,21,36,63,99,90,85,0,0,0,0,0,48,4,46,7,43,72,56,41,12,48,67,67,9,0,0,0,0,80,4,99,2,2,42,20,53,57,99,94,97,0,0,0,0,0,56,15,99,2,0,69,83,80,98,69,81,96,99,0,0,0,0,56,0,62,2,0,51,55,53,27,61,88,85,0,0,0,0,0,0,3,97,2,0,18,25,99,99,49,49,50,50,0,12,39,35,91,2,24,24,70,69,77,46,32,67,72,79,73,49
99,77,71,27,99,99,32,99,0,0,0,0,4,7,88,63,36,99,77,71,27,99,99,32,99,0,0,0,0,116,3,99,63,19,99,77,71,27,99,99,32,99,0,0,0,0,12,3,91,63,26,99,77,70,27,99,99,32,99,0,0,0,0,4,3,99,63,16,99,77,71,27,99,99,32,99,0,0,0,0,116,3,91,63,16,99,77,71,27,99,99,32,99,0,0,0,0,108,2,99,7,16,67,95,95,61,50,50,50,50,24,15,73,0,2,99,98,36,65,108,97,114,109,67,108,111,99,107
18,247
240,67,0,9,32,0
82,21,33,55,99,99,0,0,0,0,0,0,59,0,59,6,0,90,68,44,49,95,90,0,0,33,17,90,3,59,16,63,26,4,97,27,10,25,99,86,48,0,25,74,99,0,58,28,75,6,0,90,27,28,46,99,85,0,0,36,1,28,0,52,16,64,10,0,95,28,25,46,99,75,0,0,0,0,10,2,58,8,86,2,0,77,32,26,50,99,99,0,0,21,0,17,4,60,12,99,2,0,94,67,95,60,50,50,50,50,15,8,34,33,0,0,8,24,69,46,71,82,65,78,68,32,49,50
29,72,48,17,53,47,41,0,0,55,0,0,64,8,84,4,2,54,21,36,63,99,90,85,0,0,99,0,0,48,4,99,0,1,99,68,41,12,99,58,20,9,0,0,0,0,80,15,99,2,2,62,20,53,39,99,94,97,0,0,67,0,0,112,12,99,0,0,36,26,53,25,46,56,71,46,0,47,0,0,56,12,53,4,0,63,20,53,57,99,94,97,0,0,49,0,0,0,0,99,0,0,26,61,95,60,48,51,50,50,4,15,32,36,12,2,48,36,87,104,105,115,116,108,101,46,55,32
99,44,59,50,99,96,0,0,0,0,0,0,60,0,78,30,10,99,44,59,50,99,96,0,0,0,0,0,0,83,20,92,8,10,99,54,71,55,99,94,0,0,0,0,9,0,27,8,99,5,59,89,54,37,40,99,96,0,0,0,0,0,0,3,4,99,4,0,99,54,37,39,99,96,0,0,0,0,0,0,57,28,99,4,0,89,54,37,39,99,96,0,0,0,0,0,0,57,0,99,2,0,99,99,99,99,50,50,50,50,21,15,35,0,0,0,49,24,66,69,76,76,32,52,32,32,32,32
99,22,22,22,99,0,54,0,0,0,0,0,60,4,64,12,53,72,25,23,35,99,72,11,0,0,0,0,0,60,4,96,0,0,88,24,22,22,99,69,54,0,71,17,0,1,60,4,46,18,0,99,19,31,66,99,52,35,0,0,0,0,0,60,4,99,2,0,88,21,44,29,99,72,27,0,0,0,14,4,59,4,99,10,0,88,32,22,39,99,69,54,0,0,0,0,0,60,4,99,6,0,99,99,99,99,50,50,50,50,4,8,35,0,0,0,49,24,65,76,85,77,73,78,85,77,32,32
99,67,27,21,0,0,34,80,0,0,0,0,69,16,89,54,0,86,99,27,21,0,0,99,0,0,0,0,0,50,4,99,2,0,36,0,0,34,99,92,86,0,0,0,0,0,58,16,99,2,0,99,35,55,99,99,0,0,0,33,99,0,0,56,0,0,1,28,99,50,34,9,99,34,11,0,99,0,0,0,59,20,99,32,0,99,28,37,38,99,85,0,0,0,0,0,0,60,24,99,58,0,99,84,95,60,51,52,50,50,3,15,34,82,15,99,40,12,84,46,67,104,105,109,101,80,80,71
53,64,44,54,99,92,56,0,55,25,0,3,114,8,54,6,0,53,67,38,54,86,92,74,0,0,0,0,0,58,4,84,4,0,96,19,20,54,99,92,89,0,99,0,0,0,114,8,75,2,0,50,52,35,41,99,92,91,0,51,99,60,3,58,4,99,2,0,99,71,35,29,82,92,87,0,54,0,0,0,1,0,86,2,0,99,30,52,32,99,92,90,0,0,0,0,0,58,4,99,2,0,94,67,95,60,50,50,50,50,14,15,28,46,30,0,24,12,65,78,65,76,71,83,89,78,49,50
96,70,26,48,99,0,0,0,15,0,0,4,64,0,72,12,0,99,33,26,71,99,0,0,0,15,0,0,4,56,0,60,8,0,99,34,26,71,99,0,0,0,15,0,0,4,84,0,37,4,0,83,34,0,38,99,0,0,0,15,0,0,4,60,0,99,2,0,99,34,26,71,99,0,0,0,0,0,0,4,60,0,73,4,0,83,34,0,38,99,0,0,0,39,0,70,0,60,0,84,2,0,99,99,99,99,50,50,50,50,13,15,27,0,1,0,64,24,76,85,84,69,32,32,32,32,32,32
25,21,98,38,99,0,99,0,39,15,83,6,64,0,96,2,5,66,69,60,35,0,0,98,0,1,5,2,0,64,0,98,1,14,25,21,98,38,99,0,99,4,42,17,86,3,64,0,89,0,0,66,69,60,35,0,0,98,3,0,0,0,0,57,0,99,1,13,25,21,98,38,99,0,99,5,37,13,78,7,0,0,91,0,0,66,69,60,35,0,0,98,0,0,1,5,4,49,0,97,0,1,99,99,99,99,50,50,50,46,5,11,34,97,4,0,16,25,71,79,81,78,82,87,65,65,80,32
63,99,0,70,99,99,90,0,51,0,0,0,57,0,79,2,0,0,99,0,70,99,99,90,0,51,0,0,0,57,0,75,2,0,50,45,27,70,99,99,95,0,51,0,0,0,59,8,75,16,0,97,80,80,70,99,90,80,0,51,0,0,0,57,0,75,16,0,48,66,10,70,49,83,99,0,51,0,0,0,57,0,99,2,0,60,40,20,70,95,95,85,0,51,0,0,0,59,8,99,8,0,0,0,0,0,50,50,50,50,2,5,37,42,0,0,8,24,66,97,103,32,80,105,112,101,115,32
99,25,13,43,99,97,96,0,60,28,33,0,1,4,90,2,1,99,31,25,34,99,98,97,0,54,0,23,0,9,8,87,2,1,99,34,0,40,99,94,93,0,0,0,0,0,81,4,67,2,0,99,24,20,40,99,90,90,0,0,0,0,0,82,4,99,2,0,99,12,17,45,98,98,97,0,41,3,3,0,9,4,81,2,0,99,24,20,45,99,99,99,0,0,0,5,0,2,8,99,2,0,99,99,99,99,50,50,50,50,21,11,0,0,3,0,48,24,69,46,80,73,65,46,82,46,84,46
69,57,33,28,99,93,0,0,46,0,0,12,63,8,99,18,1,78,42,32,27,99,93,0,0,30,0,16,0,60,0,82,10,1,63,25,25,43,99,99,99,0,60,0,0,0,115,4,94,2,1,69,57,33,28,99,93,0,0,46,0,0,12,39,8,99,18,0,78,42,32,27,99,93,0,0,30,0,16,0,36,0,84,10,0,63,25,25,43,99,99,99,0,60,0,0,0,35,4,94,2,0,94,67,95,60,50,50,50,50,2,8,38,39,77,0,41,12,70,77,45,66,97,115,115,32,50,32
64,22,23,32,99,45,17,0,44,4,14,2,82,16,92,2,0,66,22,23,32,99,18,17,0,43,10,14,2,50,19,98,4,1,78,64,23,32,99,18,17,0,42,4,14,2,26,0,99,2,0,44,40,99,82,98,31,0,0,41,0,0,0,64,3,99,2,0,45,46,46,67,65,75,0,0,40,0,0,0,40,2,99,4,0,45,61,65,66,65,79,99,0,39,0,0,0,72,2,99,2,0,89,42,99,99,49,51,50,50,23,6,34,42,21,69,33,24,80,82,69,84,84,89,32,87,65,72
99,68,65,55,99,69,0,0,0,0,0,0,0,8,99,15,77,88,64,22,28,99,76,0,0,0,0,0,0,0,4,64,4,0,59,32,99,19,64,99,99,0,0,0,0,0,0,0,36,12,0,32,32,99,34,59,99,99,0,0,0,0,0,0,0,53,2,0,32,32,99,21,56,99,99,0,0,0,0,0,56,4,65,2,0,90,82,99,33,90,99,99,0,0,0,0,0,0,23,99,1,25,99,99,99,1,50,50,50,51,16,0,37,42,20,0,57,24,84,73,78,71,32,86,79,73,67,50
99,38,22,35,99,90,86,0,48,32,16,0,114,0,79,54,0,99,38,22,36,99,93,86,0,0,0,0,0,10,0,65,22,0,50,38,33,37,99,83,0,0,0,0,0,0,98,12,68,50,0,50,38,22,42,99,93,86,0,0,0,0,0,114,4,99,8,0,50,38,22,42,99,93,86,0,0,0,0,0,114,12,99,8,0,50,38,22,42,99,93,86,0,0,0,0,0,2,0,99,8,0,94,67,95,60,48,50,50,50,28,15,31,11,40,0,25,12,80,80,71,32,86,67,69,46,35,49
95,29,20,50,99,95,0,0,41,0,19,0,115,24,78,2,0,95,20,20,36,99,95,0,0,0,0,0,0,3,0,93,2,0,95,29,20,39,99,95,0,0,0,0,0,0,59,24,82,30,0,95,20,20,33,99,95,0,0,0,0,0,0,59,8,82,6,0,95,50,35,28,99,75,0,0,0,0,0,0,59,28,75,56,0,96,25,25,36,99,75,71,0,0,0,0,0,83,8,99,4,0,94,67,95,60,50,50,50,50,4,6,34,33,0,0,56,24,82,69,80,85,84,65,84,73,79,78
99,22,39,30,99,68,47,0,0,0,0,0,56,0,82,0,0,50,30,64,42,99,74,22,0,0,0,0,0,56,0,99,1,3,88,74,53,42,99,70,0,99,0,0,0,0,0,0,85,4,0,88,39,76,42,99,70,0,0,0,0,0,0,112,0,91,4,0,88,74,53,42,99,70,0,99,0,0,0,0,112,0,72,2,0,88,39,76,42,99,70,0,0,0,0,0,0,0,0,99,2,0,99,99,99,99,50,50,50,50,4,14,35,0,0,0,49,24,115,116,114,105,99,107,101,114,32,32
15,11,17,21,72,92,97,0,0,0,0,0,41,10,75,6,0,16,22,22,99,99,93,97,0,46,0,0,0,73,11,99,0,0,36,28,14,62,80,94,90,0,0,0,0,0,57,4,99,1,0,78,76,25,36,21,43,91,0,46,0,0,0,57,0,77,0,0,56,17,18,75,50,82,86,0,0,0,0,0,57,3,99,2,0,45,33,38,78,99,96,80,0,0,0,0,0,57,8,94,2,0,99,99,99,99,51,50,50,3,10,5,11,0,0,0,32,24,70,77,46,70,105,108,116,101,114,115
99,60,90,32,99,99,99,0,0,0,0,0,72,3,82,8,0,99,41,40,32,99,98,95,0,0,0,0,0,56,3,85,8,0,99,41,40,32,99,98,95,0,0,0,0,0,112,11,96,8,0,99,41,40,32,99,99,95,0,0,0,0,0,24,11,99,4,0,34,99,99,65,99,99,99,0,0,0,0,0,56,8,75,16,0,60,99,99,60,99,75,0,0,0,0,0,0,56,0,99,4,0,99,99,99,99,50,50,50,50,12,14,99,0,0,32,58,12,83,72,82,73,78,71,73,78,71,32
89,53,20,33,99,0,0,0,0,0,0,0,40,0,73,62,15,99,43,21,21,99,0,0,0,0,0,0,0,7,4,37,18,1,99,70,23,22,99,81,0,0,44,0,99,7,113,28,85,2,0,78,49,22,41,99,95,0,0,46,0,99,0,7,4,73,4,0,90,49,49,49,99,95,0,0,0,0,0,0,0,4,59,16,3,76,65,31,34,99,96,95,0,0,0,0,0,3,8,99,1,42,59,99,78,0,49,51,50,50,17,15,35,0,0,0,8,24,74,97,109,97,99,97,32,32,32,32
80,80,22,31,99,99,99,0,39,0,51,0,56,0,76,2,0,45,80,22,54,99,99,99,0,38,0,0,10,56,8,95,4,0,66,80,22,46,99,99,99,0,15,0,20,0,56,0,92,2,0,46,80,54,55,99,99,99,0,40,40,44,0,56,8,73,31,50,55,20,22,51,99,99,97,0,20,0,12,0,56,0,92,2,0,44,80,22,51,99,99,99,0,15,0,25,0,56,8,60,7,85,75,36,75,60,48,50,50,50,4,8,30,14,44,20,24,12,83,73,78,71,73,78,32,49,57,32
99,57,42,27,99,5,88,0,0,0,0,0,56,0,99,3,65,75,28,67,29,99,64,54,0,0,0,0,0,56,16,67,20,0,99,59,58,34,99,47,73,0,0,0,0,0,56,24,92,12,0,70,53,42,37,79,73,75,0,0,0,0,0,88,4,99,0,0,35,29,28,21,86,57,0,0,0,0,0,0,56,8,99,2,0,67,39,33,40,99,40,0,0,0,0,0,0,56,12,99,2,0,99,99,99,99,50,50,50,50,17,15,35,0,0,0,49,24,107,97,114,105,109,98,111,116,111,101
82,53,21,29,99,90,0,0,56,7,31,0,59,12,77,30,66,75,47,33,29,99,83,0,0,49,0,5,0,59,12,69,28,0,66,19,10,96,56,99,94,0,64,17,0,0,56,0,86,1,99,80,41,20,46,99,90,85,0,39,0,0,0,56,12,99,4,0,90,41,20,40,99,82,95,0,27,0,3,0,72,4,80,8,0,76,32,18,47,99,92,0,0,29,0,6,0,40,12,85,4,0,20,20,20,20,50,50,50,50,8,7,28,8,27,0,16,12,84,105,110,101,66,111,120,69,118,111
99,39,32,55,99,98,88,0,39,0,7,3,40,0,80,2,0,47,39,32,56,99,98,81,0,39,0,7,3,16,0,99,0,99,99,39,32,50,99,98,81,0,39,0,9,3,40,0,99,0,0,99,39,32,46,99,98,81,0,39,0,6,3,32,0,99,2,0,53,38,32,48,99,98,80,0,42,0,0,3,112,0,84,2,0,50,39,32,48,99,98,80,0,43,0,0,3,112,0,99,2,0,84,95,95,60,50,50,50,50,21,6,76,0,0,0,26,24,83,84,82,73,78,71,45,80,78,79
99,33,20,42,99,73,75,0,32,0,27,0,61,4,77,8,0,99,19,25,35,99,0,0,0,0,0,10,0,59,4,94,2,0,56,21,10,44,99,62,0,0,0,0,0,0,59,12,95,2,0,99,32,20,42,99,73,75,0,32,0,27,0,29,4,82,6,0,99,19,25,35,99,0,0,0,0,0,10,0,27,0,89,2,0,47,21,10,44,99,62,0,0,0,0,0,0,27,12,97,2,0,94,68,95,60,50,50,50,50,3,2,23,56,0,0,64,12,65,114,99,46,67,101,108,108,111,39
23,76,84,48,43,50,99,0,66,99,42,10,106,27,99,54,59,67,38,41,61,6,18,99,0,24,21,84,8,104,23,99,27,44,96,53,25,73,52,37,99,0,64,16,59,11,107,31,99,41,99,72,35,94,97,0,77,99,0,27,63,99,6,68,31,99,40,42,54,80,22,35,56,46,99,0,47,5,68,8,69,12,99,33,17,94,24,66,66,22,62,99,0,99,66,37,9,20,15,99,39,41,99,69,66,18,25,46,4,62,20,3,87,39,89,77,9,22,83,110,100,32,69,102,120,46,49,50
64,54,22,37,99,62,62,0,0,0,0,0,56,0,76,2,5,66,92,22,37,53,61,62,0,0,0,0,0,56,0,86,2,0,34,36,21,37,99,99,99,0,0,0,0,0,58,0,83,2,0,64,24,19,37,99,86,86,0,0,0,0,0,58,0,67,2,0,25,36,21,37,99,90,80,0,0,0,0,0,56,0,81,2,0,71,24,19,37,99,99,99,0,0,0,0,0,58,0,95,2,0,99,99,99,99,50,50,50,50,2,6,36,37,38,0,48,24,83,89,78,86,79,88,73,78,69,32
99,99,50,0,99,99,99,0,0,0,0,0,56,0,65,0,2,99,99,50,0,99,99,99,0,0,0,0,0,56,0,99,0,30,99,99,50,40,99,99,99,0,39,0,99,4,56,0,15,0,0,99,99,50,49,99,99,99,0,51,37,4,0,56,0,90,17,0,55,99,50,35,99,99,99,0,0,0,4,0,56,0,75,2,0,55,99,50,38,99,99,99,0,0,0,4,0,56,0,99,1,0,99,99,99,99,50,50,50,50,17,8,35,0,0,0,49,24,69,77,85,45,86,79,73,67,69,83
99,99,99,99,99,99,99,0,0,0,0,0,56,0,69,4,0,99,99,99,99,99,99,99,0,0,0,0,0,56,0,76,1,0,16,99,55,99,40,99,93,0,0,0,0,0,56,0,99,4,0,97,99,35,99,99,99,77,0,0,0,0,0,56,0,81,2,50,99,99,99,99,99,99,99,0,0,0,0,0,56,0,74,1,0,25,99,48,99,40,99,60,0,0,0,0,0,56,0,99,2,50,99,99,99,99,50,50,50,50,2,8,35,0,0,0,49,24,79,78,69,32,70,79,85,82,50,32
54,23,21,40,99,95,0,0,0,0,1,0,112,17,96,2,0,82,22,21,42,99,90,0,0,29,64,0,3,51,4,99,2,0,95,29,20,46,99,95,0,0,0,0,6,0,59,28,99,2,0,82,20,20,48,99,95,0,0,0,0,0,3,3,4,99,2,0,95,50,35,21,99,75,0,0,0,0,0,0,59,28,78,24,2,82,25,19,55,99,91,0,0,0,0,0,0,115,4,99,2,0,94,67,95,60,50,50,50,50,27,3,27,33,0,0,8,12,72,65,82,83,72,32,82,72,79,68
99,90,34,44,99,78,11,0,54,0,0,0,3,8,99,40,0,99,28,37,41,99,85,0,0,0,0,0,0,2,24,94,8,0,99,92,17,44,99,78,11,0,54,0,0,0,11,16,99,6,0,99,26,23,41,99,85,0,0,0,0,0,0,60,8,99,2,0,99,90,34,44,27,78,11,0,54,0,0,0,59,16,99,40,0,99,28,37,41,99,85,0,0,0,0,0,0,59,24,94,8,0,99,84,95,60,50,50,50,50,7,15,34,82,0,99,40,12,72,65,82,80,83,73,32,73,32,32
99,78,35,35,80,64,64,0,39,50,25,3,56,12,50,4,1,46,46,47,47,70,99,88,0,39,0,0,0,64,0,94,2,0,64,53,21,21,96,71,64,0,39,40,28,3,72,8,67,4,1,53,73,28,45,99,99,92,0,39,0,0,0,64,0,94,2,1,52,53,21,21,96,80,64,0,39,40,28,3,56,8,75,4,2,55,73,28,45,99,99,92,0,39,0,0,0,56,12,93,2,0,0,0,0,0,50,50,50,50,5,15,35,0,0,0,40,24,77,117,116,101,32,83,73,78,69,83
38,29,20,24,99,95,27,0,41,0,19,0,27,28,89,2,0,38,20,20,28,99,95,0,0,0,0,0,0,91,0,99,6,0,95,29,20,30,99,95,0,0,54,0,27,0,75,24,91,6,0,29,20,20,40,99,95,0,0,0,0,0,0,3,8,99,2,0,95,84,35,27,99,75,0,0,36,46,0,0,59,24,78,38,0,96,25,25,35,99,75,0,0,0,0,0,0,115,8,99,2,0,94,67,95,60,50,50,50,50,4,7,15,33,14,0,40,24,84,72,69,32,87,79,82,68,32,32
96,247
240,67,0,9,32,0
78,48,38,33,99,85,0,99,15,0,0,4,114,8,77,28,0,53,34,27,39,99,81,0,85,15,0,21,4,97,16,53,10,0,99,14,17,47,99,86,0,0,25,0,41,4,91,4,88,0,0,80,14,13,40,99,91,0,0,15,0,0,4,61,12,99,0,0,99,99,99,40,99,99,0,0,47,0,0,4,63,0,99,5,0,99,42,69,40,99,0,0,0,37,94,0,4,115,28,99,5,30,98,98,98,98,50,50,50,50,0,15,36,0,0,99,40,24,42,97,99,46,71,117,105,116,46,49
89,33,13,67,99,80,0,99,35,0,35,0,69,12,83,18,0,65,81,15,67,99,92,0,54,0,0,0,0,69,20,93,6,0,86,55,61,40,99,46,0,0,38,0,7,0,38,4,86,55,63,87,83,19,67,99,92,0,0,0,0,0,0,68,12,98,2,0,67,74,18,53,99,86,53,63,42,0,15,0,67,20,98,2,0,87,59,25,48,99,87,0,0,0,0,0,0,29,0,98,6,0,99,99,99,99,52,50,50,50,13,14,45,0,0,0,33,12,77,101,116,97,108,83,116,114,110,103
71,64,98,61,99,67,60,0,46,0,0,12,80,8,99,8,76,65,38,0,61,99,0,0,0,53,0,45,0,48,0,66,6,0,61,25,25,60,99,99,99,0,60,10,15,0,43,8,99,4,0,53,38,75,61,88,44,0,0,46,0,0,3,24,0,75,4,1,59,53,62,54,99,60,0,0,0,0,0,0,60,8,99,10,15,60,71,66,65,82,75,99,0,41,0,0,0,56,8,99,2,0,99,99,99,99,49,50,50,50,19,15,33,0,0,0,64,24,42,83,111,108,111,32,80,105,112,101
91,30,19,42,99,52,0,0,39,0,0,5,27,0,78,10,0,99,21,18,50,96,79,89,0,39,0,0,5,27,0,76,2,0,91,26,17,50,99,27,0,0,51,0,0,5,27,4,71,8,0,75,31,20,40,99,80,0,0,0,0,0,10,27,4,92,2,0,98,41,20,15,99,0,0,0,25,0,0,10,35,0,92,12,0,98,34,49,49,99,0,0,0,37,46,0,8,35,12,95,8,0,99,98,99,99,51,50,50,50,13,5,38,86,1,0,16,12,83,97,107,117,83,97,107,117,32,32
98,12,71,28,99,0,32,0,0,0,0,4,115,7,70,8,0,95,33,71,25,99,0,32,0,0,0,0,4,115,7,75,2,0,98,12,71,28,99,0,32,0,0,0,12,4,43,3,83,0,0,95,33,71,25,99,0,32,0,0,0,12,4,75,0,99,0,0,98,12,71,28,99,0,32,0,0,0,12,4,75,7,77,0,0,95,33,71,25,99,0,32,0,0,0,12,4,67,0,99,2,0,99,99,99,99,50,50,50,50,1,15,35,0,10,5,16,24,77,73,71,72,84,89,46,77,65,78
99,24,99,40,0,0,99,0,0,0,0,0,57,0,0,2,0,99,32,99,40,0,0,99,0,0,0,0,0,57,0,99,0,51,99,35,99,40,0,0,98,0,0,0,0,0,57,0,99,0,0,99,39,99,40,0,0,99,0,0,0,0,0,57,0,99,2,0,99,45,99,40,0,0,99,0,0,0,0,0,57,0,99,2,26,99,35,99,40,99,71,0,0,0,0,0,0,57,0,99,2,13,99,99,99,40,50,50,50,50,31,8,20,79,30,2,23,24,69,78,67,79,85,78,84,69,82,83
99,42,50,59,99,99,99,0,33,0,62,3,24,0,72,4,0,99,49,55,34,99,95,92,0,38,4,44,3,58,0,68,16,0,71,30,0,33,27,98,90,0,46,4,13,3,19,0,72,4,0,32,7,20,35,99,97,0,0,50,7,0,0,84,16,99,4,0,77,11,7,26,99,99,98,0,39,3,6,3,33,0,76,4,1,33,11,20,35,99,97,0,0,50,7,0,0,4,20,99,1,28,87,94,0,0,46,51,50,50,1,15,35,0,18,0,24,0,32,83,84,82,32,80,65,68,50,32
99,58,29,28,92,81,0,0,0,0,0,0,50,0,92,24,2,99,58,26,27,90,75,0,0,0,0,0,0,48,0,99,9,52,99,58,32,31,90,75,0,0,0,0,0,0,66,0,99,24,0,99,58,40,41,90,75,0,0,0,0,0,0,66,0,99,22,57,99,58,32,31,90,75,0,0,0,0,0,0,58,0,99,26,0,69,58,32,29,90,75,0,0,0,0,0,0,56,0,99,12,0,98,98,98,98,50,50,50,50,30,15,56,66,15,0,58,24,87,105,110,100,99,104,105,109,101,50
95,28,27,47,99,90,0,0,0,0,0,0,58,13,59,2,0,83,0,27,50,99,90,0,0,48,0,0,0,82,11,67,2,0,85,28,23,50,99,85,0,0,48,0,15,0,59,12,98,2,0,95,28,27,47,99,90,0,0,0,0,0,0,72,0,79,10,0,88,92,71,63,99,67,91,90,39,0,13,0,74,18,88,2,0,83,28,23,35,99,85,0,0,49,0,15,0,58,19,99,2,0,99,99,99,99,50,50,50,50,3,13,29,0,0,79,3,24,80,73,65,78,79,100,114,111,112,115
82,49,28,39,87,73,0,37,44,20,67,3,13,24,60,30,62,78,72,14,50,99,96,0,0,46,25,30,3,60,12,68,4,0,78,72,11,41,99,98,0,0,47,20,48,3,34,4,66,6,0,77,72,10,37,99,99,0,83,46,0,14,0,52,8,81,2,0,75,73,44,86,99,53,7,0,39,0,11,0,57,8,91,5,4,80,28,15,43,99,90,0,0,0,0,0,0,58,16,99,2,0,99,99,99,99,50,50,50,50,15,6,35,0,0,0,1,24,65,46,80,78,79,32,49,55,46,51
69,36,35,38,93,90,86,0,46,36,18,6,112,0,75,20,0,66,34,11,38,93,92,88,0,39,40,18,6,24,4,74,8,1,58,32,12,39,73,76,72,0,44,0,0,12,33,8,99,4,0,52,28,21,55,87,83,79,0,44,14,20,7,65,8,99,4,0,45,75,17,55,67,21,8,0,44,14,35,7,73,4,99,12,6,68,56,7,49,95,94,0,0,44,39,17,7,58,4,93,1,36,97,90,80,75,53,49,50,50,17,14,30,0,31,0,24,12,70,97,110,70,97,114,101,32,32,32
98,43,3,17,99,99,99,0,33,25,62,0,0,3,74,18,0,98,50,2,22,99,95,92,0,38,4,44,3,58,1,73,20,0,71,30,0,22,99,98,90,0,46,4,13,3,3,0,73,6,0,29,0,0,32,99,97,0,0,50,7,0,0,44,1,99,2,0,76,0,0,23,99,99,98,0,39,3,6,3,57,3,79,4,1,35,0,0,32,99,97,42,0,50,7,0,0,4,0,99,1,37,87,94,0,0,46,51,50,50,1,15,35,4,18,0,24,12,79,114,99,104,105,94,83,116,114,103
95,13,60,59,98,80,85,0,54,0,0,0,73,0,92,2,50,89,13,60,15,98,80,85,0,54,0,0,0,57,0,64,2,50,96,13,60,16,98,80,85,0,54,0,0,0,41,4,85,2,50,62,70,20,42,99,92,84,0,0,0,0,0,90,0,97,2,50,99,46,60,45,98,95,95,0,54,0,0,0,1,4,70,2,0,89,70,20,40,99,97,95,0,0,0,0,0,58,4,99,2,0,94,67,95,60,50,50,50,50,5,15,38,33,0,71,16,12,72,79,82,73,90,69,78,32,32,32
57,45,20,42,99,77,84,0,43,18,37,3,113,2,78,0,9,99,33,71,46,99,0,0,0,0,0,0,0,42,12,99,2,0,57,45,20,53,99,77,84,0,43,18,37,3,82,0,78,4,0,70,33,71,50,99,0,0,0,0,0,0,0,34,8,99,4,0,53,50,28,46,99,67,0,0,53,66,25,0,80,0,63,4,27,89,33,71,47,99,0,0,0,0,0,0,0,82,8,99,0,0,67,95,95,60,50,50,50,50,4,6,30,40,25,37,32,36,83,84,69,69,76,32,81,32,32,65
94,35,32,17,99,51,99,99,55,10,0,3,42,28,88,0,0,99,60,46,19,99,93,76,0,0,0,0,0,58,28,99,0,0,99,88,94,99,99,68,51,99,0,0,0,0,58,20,99,55,92,99,90,50,99,99,74,37,66,54,0,0,0,4,4,43,4,0,82,85,57,99,99,76,30,0,54,0,0,0,49,4,99,2,0,99,80,25,45,99,99,0,0,0,0,0,0,58,0,99,1,0,94,67,95,60,50,50,50,50,16,6,34,10,9,0,24,24,80,80,71,45,49,32,32,32,32,32
95,48,28,85,94,79,0,0,60,54,0,1,119,16,99,30,0,95,35,99,28,99,70,0,0,52,0,35,3,100,20,79,6,0,95,32,49,50,99,70,0,0,0,0,0,0,43,12,99,2,0,95,50,44,10,99,70,0,0,58,0,37,0,115,16,79,18,0,95,46,99,12,99,70,0,0,52,8,0,3,27,12,79,4,0,95,32,45,48,99,70,0,0,60,0,0,0,59,12,99,0,0,94,67,95,60,50,50,50,50,2,14,34,33,0,0,25,36,80,85,82,80,76,69,32,72,82,84
99,99,99,99,99,99,99,0,0,0,0,0,56,0,41,5,69,99,99,99,99,99,99,99,0,0,0,0,0,48,3,82,5,64,99,99,99,99,99,99,99,0,0,0,0,0,56,3,36,5,69,99,99,99,99,99,99,99,0,0,0,0,0,96,3,91,5,67,99,99,99,60,85,85,85,99,0,0,0,0,56,3,62,5,65,65,99,99,65,99,99,99,0,0,0,0,0,64,3,89,5,64,99,99,99,99,50,50,50,50,4,8,2,0,0,99,6,24,65,84,38,84,45,32,82,73,78,71
90,54,73,33,99,60,0,0,7,0,0,0,56,28,99,16,0,95,78,21,25,99,95,0,0,0,0,0,0,56,3,93,2,0,97,69,44,54,99,81,0,0,0,0,0,0,56,16,99,20,0,95,31,20,54,99,80,0,0,36,36,0,0,56,14,92,10,0,99,70,37,53,99,79,0,99,0,0,0,0,56,8,79,2,0,97,36,25,38,99,75,0,0,0,0,0,0,56,24,99,6,0,94,68,95,60,50,50,50,50,10,6,60,33,0,0,24,24,80,105,72,112,51,46,65,118,32,32
78,99,42,29,99,99,0,0,0,0,0,0,56,24,48,7,99,99,99,99,99,99,99,99,0,0,0,0,0,56,16,61,6,43,99,99,99,99,99,99,99,0,0,0,0,0,56,0,88,2,0,78,99,42,29,99,99,0,0,0,0,0,0,56,0,82,11,0,99,99,99,99,99,99,99,0,0,0,0,0,56,0,89,2,0,78,99,42,29,99,99,0,0,0,0,0,0,56,0,79,3,0,99,99,89,64,12,50,0,14,0,15,35,0,0,0,49,24,62,83,67,82,65,84,67,72,60,32
95,42,28,14,94,79,0,0,0,0,0,0,117,9,90,6,0,95,28,99,39,99,70,0,0,52,0,35,3,115,8,67,6,0,95,35,49,41,99,70,0,0,0,0,0,0,112,20,99,2,0,95,42,28,14,94,79,0,0,0,0,0,0,13,8,90,6,0,95,28,99,39,99,70,0,0,52,0,35,3,43,8,67,6,0,95,35,49,41,99,70,0,0,0,0,0,0,16,20,99,2,0,94,67,95,60,50,50,50,50,2,8,34,33,0,0,25,24,72,97,114,112,45,49,32,32,77,83
95,98,55,32,99,94,0,0,5,0,0,4,2,0,87,44,0,83,0,27,32,99,90,0,0,49,0,0,0,82,12,69,10,0,88,28,27,30,99,90,0,0,49,0,0,0,3,16,99,2,0,95,28,27,12,99,90,0,0,5,0,99,4,74,12,88,14,0,95,46,32,15,99,99,0,0,39,0,13,0,117,4,88,2,0,32,95,29,35,65,99,0,0,49,0,0,0,118,16,99,2,0,99,99,99,99,51,50,50,50,2,14,35,0,0,0,7,24,67,69,76,84,73,67,32,72,82,80
47,42,50,53,99,99,99,0,46,14,0,0,96,12,40,15,17,99,27,64,48,99,85,83,0,42,0,9,3,66,12,84,16,0,59,26,0,51,99,98,90,0,39,8,24,3,59,0,82,4,0,51,18,17,52,99,90,85,0,0,0,0,0,59,8,99,4,0,99,16,13,38,99,98,98,0,39,2,8,3,81,0,76,4,0,47,22,18,54,97,97,86,0,0,0,0,0,57,0,99,4,0,78,94,66,0,47,51,50,50,1,7,37,39,1,0,25,12,70,73,127,68,76,69,32,32,32,49
68,61,99,99,99,0,0,0,39,98,0,0,58,0,75,8,0,55,99,99,98,99,99,99,0,39,0,0,0,60,0,86,4,0,18,99,99,98,99,99,99,0,39,0,0,0,60,28,71,10,0,99,99,99,98,99,99,99,0,86,98,0,15,60,28,99,4,0,50,99,99,98,99,99,99,0,39,0,0,0,68,0,99,2,0,51,99,99,98,99,99,99,0,39,0,0,0,60,0,99,0,0,99,71,95,60,50,50,50,50,31,7,33,0,0,0,24,24,72,79,72,78,69,82,32,32,49,32
99,74,46,22,99,80,51,0,55,0,99,15,18,16,61,48,1,99,67,38,24,99,92,74,0,0,0,0,0,18,8,82,2,1,99,19,20,29,99,92,89,0,0,0,0,0,18,4,70,2,1,99,30,31,54,99,92,0,0,0,0,0,0,18,4,89,2,1,99,97,25,23,99,99,56,0,54,0,0,0,57,8,76,2,0,99,30,31,55,99,92,0,0,0,0,0,0,58,4,89,4,0,94,67,95,60,50,50,50,50,14,13,28,46,14,0,24,12,69,80,105,97,110,111,32,66,32,32
85,57,99,99,99,0,0,99,39,53,20,0,56,24,82,28,0,81,87,22,75,99,92,0,99,0,0,15,0,60,28,97,6,0,81,87,79,75,99,92,0,99,0,0,0,0,60,8,68,6,0,78,87,22,79,99,92,0,0,34,9,0,0,107,12,99,2,0,91,25,39,60,99,86,0,0,0,0,0,0,58,8,77,1,34,74,85,27,70,99,95,0,0,0,0,0,0,60,12,99,2,0,75,80,75,60,50,50,50,50,7,15,35,0,1,3,56,12,71,85,73,84,32,80,72,65,83,50
99,77,55,0,78,78,0,0,41,24,27,3,63,0,92,40,0,99,64,0,8,82,48,0,0,47,0,57,0,57,8,99,48,0,90,75,0,82,82,48,0,0,54,0,0,0,57,2,99,14,0,99,31,50,46,99,80,0,0,0,0,0,0,59,8,99,2,0,75,45,36,36,99,87,0,0,54,0,46,3,44,3,79,16,0,99,33,35,45,99,80,0,0,43,99,0,3,59,4,99,2,0,94,67,95,60,50,50,50,50,8,15,27,0,0,0,33,12,87,101,116,83,121,110,116,104,32,32
99,60,43,99,99,79,0,75,39,65,0,4,58,24,75,16,0,99,25,80,99,99,99,0,99,46,45,10,0,56,12,90,0,0,99,58,85,58,99,50,0,0,0,0,0,4,59,0,99,0,0,99,49,80,75,99,0,0,0,39,99,0,4,18,24,60,16,1,99,49,80,50,99,99,0,0,46,90,44,0,0,8,99,0,0,99,48,85,50,99,50,0,0,0,0,0,4,3,0,99,0,0,99,99,99,99,50,50,50,50,3,13,28,0,0,0,48,24,71,85,73,84,65,82,32,32,32,32
70,27,16,49,90,99,91,0,0,0,9,0,11,0,89,4,0,70,27,16,49,90,99,91,0,0,0,4,0,11,0,73,0,0,70,27,16,49,90,99,91,0,0,0,0,0,110,0,80,0,0,64,40,23,42,99,97,94,0,0,0,0,0,119,0,88,0,0,50,26,9,42,94,99,93,0,24,0,5,0,115,0,85,0,0,65,99,99,41,99,99,99,0,0,0,0,0,44,0,88,0,0,99,99,99,99,50,50,50,50,8,14,14,0,13,0,17,24,65,78,65,76,79,71,32,80,65,68
94,56,24,37,93,91,0,0,0,0,0,0,59,0,0,40,0,99,0,0,0,99,53,0,0,52,75,0,0,60,0,77,0,0,99,42,7,37,97,50,0,0,0,0,0,0,61,0,82,12,0,99,96,32,30,71,50,52,0,0,0,0,0,62,0,99,2,0,99,20,0,0,99,73,71,0,41,0,0,0,63,0,78,0,0,95,62,0,42,99,90,64,0,36,57,14,3,63,0,99,0,0,94,67,95,60,50,50,50,50,15,15,35,0,0,0,48,24,69,32,66,65,83,83,32,56,32,32
42,41,39,36,99,90,83,0,52,8,35,0,4,1,69,12,3,47,37,39,36,99,95,92,0,52,8,14,12,116,1,67,6,0,55,26,0,45,99,98,90,0,46,4,13,3,59,4,86,1,23,46,18,17,57,99,90,85,0,0,0,0,0,114,4,99,1,0,55,16,0,19,99,98,97,0,39,7,6,3,104,4,60,16,1,36,22,18,48,99,96,85,0,39,0,0,0,115,8,91,8,1,80,98,99,99,46,51,50,50,0,7,32,39,4,0,40,12,80,117,115,104,70,108,117,118,111,49
85,50,17,54,99,95,0,99,42,35,0,7,64,28,65,2,0,87,34,18,56,99,95,0,82,39,0,0,4,112,20,90,2,0,88,48,21,53,99,97,0,0,35,86,0,4,116,28,99,4,0,91,17,17,71,99,95,0,99,38,0,99,6,112,28,71,10,0,89,40,21,65,99,85,0,99,41,5,0,7,48,20,87,0,0,80,33,18,56,99,95,0,0,0,0,0,0,12,0,99,1,11,99,99,0,0,50,51,50,51,16,14,34,0,0,0,32,24,77,101,116,108,88,112,114,115,118,68
56,36,27,29,99,81,0,0,15,0,21,4,99,4,67,14,0,60,52,10,40,99,97,0,0,25,0,41,4,93,4,85,2,0,82,16,13,35,99,91,0,0,15,0,0,4,63,12,99,2,0,56,37,26,29,99,81,0,0,15,0,21,4,27,8,76,14,0,44,48,9,40,99,97,0,0,25,0,41,4,5,4,85,2,0,64,17,15,31,99,91,0,0,15,0,0,4,63,19,99,2,0,82,99,99,99,50,50,50,50,2,7,26,49,27,0,8,12,71,117,105,116,97,114,68,98,108,92
67,247
240,67,0,9,32,0
67,16,11,42,99,22,0,0,0,0,78,7,102,24,90,10,0,69,10,13,42,99,88,0,6,34,8,9,3,9,16,81,2,0,78,73,51,55,99,58,0,0,51,12,2,15,97,16,99,13,29,64,21,7,36,99,79,0,0,30,0,0,0,95,12,99,2,0,99,10,30,39,99,49,0,0,32,0,9,0,35,31,90,2,1,94,22,58,37,99,49,0,0,0,0,0,0,117,0,84,2,0,99,99,99,99,50,50,50,50,8,8,7,0,0,0,8,24,100,116,117,110,80,105,97,110,111,32
99,32,24,30,99,96,92,0,50,0,0,10,51,4,72,20,0,99,32,24,30,99,96,92,0,50,0,0,10,59,8,59,14,0,99,32,24,40,99,96,92,0,50,0,0,10,43,8,99,2,0,99,34,20,35,99,92,84,0,2,0,0,10,2,0,61,8,0,99,46,0,30,99,93,87,0,62,0,0,10,9,8,90,4,0,47,33,20,35,99,92,84,0,2,0,0,10,2,4,99,1,28,94,67,95,60,50,50,50,50,2,7,20,12,15,73,40,12,68,79,79,82,66,69,76,83,83,32
95,30,45,75,98,99,97,0,0,0,0,0,56,0,90,4,0,28,25,53,27,94,86,66,0,0,0,0,0,56,0,99,8,0,43,99,41,27,96,61,80,0,0,0,0,0,56,0,95,9,0,33,99,42,29,74,99,99,0,0,0,0,0,56,12,54,18,0,32,89,65,23,99,69,88,0,0,0,0,0,8,0,97,10,1,99,99,99,26,99,99,99,0,0,0,0,0,56,0,99,2,0,99,99,99,99,50,50,50,50,19,7,20,0,8,0,55,12,80,117,108,115,97,114,32,32,32,32
27,21,27,30,99,0,0,0,36,0,0,0,65,0,88,61,97,32,57,19,56,5,99,0,0,27,0,0,2,60,0,64,0,0,63,21,10,53,99,86,48,0,0,0,0,0,51,0,83,2,0,53,27,20,46,99,85,0,0,32,0,22,0,66,4,83,6,0,95,0,25,32,99,75,0,0,0,0,0,0,74,0,86,0,0,24,15,10,53,99,62,0,0,0,0,0,0,58,0,94,1,0,71,89,95,60,50,50,50,50,17,5,39,53,8,0,40,24,42,114,101,118,101,114,115,101,32,32
99,76,10,0,99,92,0,0,46,25,0,0,56,0,79,8,0,99,73,10,0,99,92,0,0,0,0,0,0,56,0,90,41,71,99,74,10,0,98,98,36,0,98,0,0,0,56,0,72,41,17,32,15,10,35,99,92,0,0,0,0,0,0,104,0,96,49,39,34,99,76,0,99,99,99,0,39,8,0,3,8,0,86,41,82,19,56,10,35,98,98,36,0,98,0,0,0,56,0,99,8,0,97,95,95,60,50,50,50,50,1,8,35,0,0,0,24,12,39,65,117,114,97,32,33,39,72,77
98,2,26,27,98,0,0,0,3,0,0,8,59,4,73,0,56,99,50,26,19,99,0,0,0,80,0,0,7,56,4,73,0,0,64,31,17,30,99,75,0,0,80,0,0,7,60,12,87,2,77,99,77,26,23,99,72,0,0,0,0,0,4,35,0,85,0,36,78,78,20,20,99,0,0,0,41,0,0,4,81,16,93,2,0,99,36,98,39,99,0,0,0,0,0,0,12,60,4,99,0,0,98,98,75,60,50,51,50,50,15,15,11,0,16,0,32,36,84,105,109,98,97,108,101,32,32,54
99,45,43,53,99,99,99,0,40,10,10,0,56,0,99,0,99,42,45,44,35,99,99,99,0,49,0,0,0,64,0,49,0,0,99,40,42,35,99,99,99,0,49,0,0,0,40,0,93,0,99,50,42,40,49,99,99,99,0,49,0,0,0,32,0,81,20,0,60,39,38,45,99,99,99,0,40,30,7,0,112,0,97,29,25,53,39,38,52,99,99,99,0,49,0,0,0,112,0,90,16,0,99,59,49,46,18,40,63,17,8,14,76,0,0,0,50,24,100,101,110,116,105,115,116,114,121,33
96,89,26,46,99,0,0,0,15,0,0,4,64,16,84,12,0,99,56,26,42,99,0,0,0,15,0,56,4,56,20,83,10,0,99,34,26,39,99,0,0,0,84,14,99,1,58,20,82,0,0,83,34,0,46,99,0,0,0,15,0,28,4,97,24,99,4,0,99,60,26,71,99,0,0,0,99,86,99,5,58,24,80,0,0,83,35,0,39,99,0,0,0,15,0,28,4,58,28,96,2,0,98,98,98,98,50,50,50,50,13,15,27,0,1,0,64,24,75,111,116,111,86,97,114,109,115,32
78,25,18,36,96,89,0,0,34,50,40,6,43,12,82,2,0,89,73,44,67,96,39,20,0,74,4,0,0,58,16,97,5,25,89,20,20,34,99,90,0,0,36,48,17,7,44,12,94,2,0,95,46,12,36,99,85,0,0,38,7,5,12,60,0,83,24,14,73,46,30,48,99,70,0,0,39,44,0,1,77,24,70,40,1,89,20,20,36,99,90,0,0,34,54,14,7,76,12,92,2,0,99,99,99,99,50,50,50,50,9,14,33,2,0,0,65,24,67,101,108,101,115,116,97,32,32,32
99,11,14,2,99,99,88,0,0,0,0,0,116,0,92,0,0,99,0,7,31,99,99,92,0,0,99,0,3,4,0,90,0,0,99,68,97,32,99,99,99,0,38,10,32,3,0,0,88,0,0,99,0,7,31,99,99,92,0,0,99,0,3,20,0,90,0,0,99,68,97,32,99,99,99,0,39,99,32,14,0,12,76,0,0,99,27,7,31,99,99,92,0,28,99,99,7,60,0,90,0,0,99,99,99,99,50,50,50,50,5,11,44,0,99,0,0,12,83,116,114,97,110,103,101,32,32,32
99,40,10,32,99,36,0,0,0,0,0,0,72,24,82,10,0,99,32,32,47,99,81,80,0,0,0,0,0,72,28,99,2,99,98,17,10,32,98,98,98,0,41,56,0,2,72,24,99,4,1,77,5,17,30,99,22,0,0,72,91,0,3,112,4,99,4,0,99,35,7,29,99,56,28,0,68,0,79,2,34,16,99,0,0,99,56,10,47,99,98,36,0,39,99,0,15,32,8,99,0,0,98,98,98,98,50,50,50,50,28,15,25,35,15,0,16,24,83,65,80,72,73,82,69,112,105,50
99,80,99,99,99,0,0,0,42,0,0,0,56,0,89,12,79,99,52,32,25,99,82,0,0,39,0,0,0,56,0,52,34,14,99,68,17,32,99,90,0,0,46,0,0,0,72,0,91,2,0,82,30,25,28,99,90,0,0,0,0,99,12,59,0,99,1,21,99,0,0,0,99,98,99,0,39,0,8,0,50,0,82,2,0,82,30,25,53,0,90,0,0,0,0,0,0,59,0,99,1,1,0,0,0,0,50,50,50,50,27,6,35,0,0,0,33,12,83,80,69,76,69,67,80,73,65,78
99,99,0,99,99,99,0,0,43,15,31,12,3,0,57,22,37,99,32,20,50,99,70,0,0,36,51,0,3,85,16,75,2,0,95,20,34,49,99,95,0,0,39,0,0,3,36,12,99,2,0,99,99,99,0,99,99,99,0,28,11,0,3,47,0,72,6,34,99,99,99,0,99,99,99,0,36,0,0,3,8,0,74,8,0,20,99,99,32,99,99,99,0,29,0,32,3,56,0,87,6,33,99,99,99,99,50,50,50,50,2,8,37,50,50,38,16,12,42,69,45,80,105,97,46,69,110,115
53,99,85,15,50,99,0,0,46,0,0,0,56,8,92,50,43,59,99,72,40,50,99,0,0,32,0,0,3,33,3,99,16,1,89,47,31,50,99,87,0,0,32,0,18,0,3,16,78,16,1,85,23,24,50,99,92,0,0,32,0,0,3,116,12,99,2,0,85,58,18,36,99,93,0,0,32,0,18,0,99,16,99,2,0,87,21,27,51,99,92,0,0,32,99,0,3,58,16,99,4,0,0,0,0,0,50,50,50,50,4,15,26,0,0,0,9,12,69,112,67,108,105,113,117,101,52,92
58,47,45,31,99,90,99,0,0,0,0,0,112,0,80,2,0,58,47,45,31,99,90,99,0,0,0,0,0,112,0,99,1,2,58,47,45,52,99,90,99,0,0,0,0,0,56,0,80,2,0,57,47,45,31,99,90,99,0,0,0,0,0,56,0,99,1,1,58,47,45,31,99,90,99,0,0,0,0,0,0,0,80,2,0,58,47,45,31,99,90,99,0,0,0,0,0,0,0,99,1,3,99,99,99,99,50,50,50,50,4,8,35,0,0,0,49,24,70,114,101,117,100,105,97,110,32,32
99,99,99,99,8,99,99,99,0,99,0,0,119,31,77,0,0,95,70,64,50,99,99,99,0,0,0,0,0,51,0,76,0,0,95,85,15,50,99,99,0,0,0,0,0,0,43,4,99,1,0,95,99,54,50,99,99,0,0,40,0,80,0,11,0,64,12,0,95,50,30,78,99,99,0,0,0,0,0,0,3,12,99,0,0,96,56,28,99,99,99,0,0,56,7,15,0,51,8,99,9,0,94,67,95,60,50,50,50,50,3,0,34,33,0,8,56,12,83,108,105,99,107,116,114,105,107,50
99,0,0,10,99,99,99,0,15,0,0,4,7,0,76,0,0,68,42,71,43,97,97,97,0,15,0,0,4,115,0,0,0,0,99,72,31,17,0,70,0,0,15,0,0,4,63,0,70,26,0,99,99,36,35,97,97,0,0,15,0,0,4,59,0,97,4,0,99,0,0,0,99,99,99,0,15,0,0,4,103,0,0,0,0,69,42,71,34,97,97,97,0,15,0,0,4,99,0,99,2,0,99,99,99,99,50,50,50,50,27,15,27,0,5,0,32,36,42,66,97,108,108,101,114,105,110,97
25,21,98,23,99,0,99,0,10,0,0,4,56,0,84,0,1,99,82,98,20,99,0,98,0,0,0,0,0,56,0,98,0,1,99,82,98,20,99,0,98,0,0,0,0,0,56,0,61,4,11,99,82,98,20,99,0,98,0,0,0,0,0,56,0,65,34,1,99,55,75,20,99,32,99,0,0,0,0,0,56,0,86,38,2,99,38,40,20,99,0,0,0,0,0,0,0,56,0,99,10,0,20,99,28,25,40,99,45,99,30,8,65,0,99,0,122,12,67,79,77,80,85,84,69,82,32,49
89,85,81,87,99,83,0,0,28,0,0,0,58,28,98,0,74,83,80,71,99,99,99,0,0,33,0,0,0,56,20,87,5,67,94,71,50,86,99,90,0,0,0,0,0,0,59,16,99,2,67,76,85,39,47,97,80,0,0,0,0,0,0,57,20,75,2,85,82,49,43,57,99,0,0,0,0,0,0,0,61,20,93,1,42,84,46,77,52,99,32,0,0,0,0,0,0,58,12,99,0,50,75,99,99,99,52,50,50,50,3,15,0,0,0,0,123,29,67,108,97,118,101,45,68,114,117,109
75,65,51,54,99,92,75,0,0,0,0,0,99,8,94,2,13,78,68,38,54,86,92,74,0,0,0,0,0,4,4,97,14,0,78,68,38,54,86,92,79,0,0,0,0,0,100,8,81,4,0,50,52,35,41,99,92,91,0,51,99,60,3,60,5,99,2,0,99,72,35,51,82,92,86,0,0,0,0,0,8,1,86,2,0,53,30,25,43,99,92,90,0,0,0,0,0,32,4,99,2,0,99,99,99,99,51,50,50,50,14,5,31,46,10,21,40,12,90,97,104,32,32,32,32,32,32,32
99,54,99,99,99,99,99,0,0,0,0,0,56,0,99,2,0,16,67,99,99,38,99,0,0,0,0,0,0,56,0,99,26,0,16,67,99,99,33,99,0,0,0,0,0,0,56,0,99,62,0,99,99,99,99,99,99,99,0,0,0,0,0,56,0,99,62,7,99,50,99,99,99,69,0,0,0,0,0,0,56,3,99,2,67,99,99,99,99,99,99,99,0,0,0,0,0,56,0,0,2,0,99,99,99,99,50,50,50,50,22,15,99,0,78,88,107,24,67,82,73,67,75,69,84,83,32,32
71,99,92,90,99,99,91,91,44,99,0,3,59,16,95,2,50,80,99,76,79,99,99,0,0,56,63,39,3,56,8,95,2,0,60,99,42,40,99,99,0,0,39,99,3,12,113,12,91,24,0,67,99,34,38,99,99,0,0,39,99,0,0,83,12,95,16,0,73,99,32,39,99,99,0,0,39,99,0,0,66,12,91,10,0,78,99,37,41,99,99,0,0,39,99,0,0,41,8,95,2,0,99,99,99,99,51,50,50,50,30,8,35,0,0,0,49,48,77,117,122,97,107,66,111,120,46,55
77,56,20,70,99,88,89,0,0,0,0,0,63,4,86,0,0,48,55,22,50,98,61,62,0,0,0,0,0,56,4,89,0,0,66,92,22,50,53,61,62,0,0,0,0,0,56,4,96,2,0,99,49,31,46,46,97,91,0,0,0,0,0,62,4,82,0,0,56,35,28,17,84,89,84,0,0,0,99,0,59,0,89,4,0,72,49,35,54,71,99,84,0,68,0,99,0,58,0,99,2,0,67,67,98,98,48,50,50,50,17,15,35,0,0,0,48,24,84,85,66,65,32,49,49,32,32,32
75,57,30,34,99,90,50,99,51,0,19,3,66,12,90,16,0,65,60,30,36,99,80,85,0,51,0,25,3,34,8,81,4,0,99,69,30,43,99,0,0,99,51,0,28,3,74,12,89,4,0,99,40,30,44,99,85,90,0,51,0,0,15,59,4,99,2,0,97,67,30,59,99,75,99,99,51,99,10,3,82,16,99,8,0,70,51,30,40,99,84,79,0,39,99,0,15,59,4,99,4,0,99,69,75,99,47,50,50,50,8,11,60,0,0,50,73,24,73,45,45,88,45,45,73,46,49,51
99,72,48,17,99,99,99,0,0,0,0,0,64,0,50,8,2,36,40,36,63,99,70,57,0,0,0,0,0,48,4,60,2,1,72,60,41,12,86,70,66,9,0,0,0,0,80,4,99,2,2,48,20,53,46,99,94,97,0,0,0,0,0,112,12,99,2,0,30,47,56,25,61,71,85,61,0,0,0,0,56,10,99,2,0,57,20,53,57,99,94,97,0,0,0,0,0,0,0,87,2,0,18,60,95,60,48,51,50,50,6,15,35,35,11,2,64,24,86,79,73,67,69,32,32,32,50,32
95,29,20,50,99,95,0,0,39,0,0,11,91,0,85,2,0,95,20,20,47,99,95,0,0,39,0,0,4,27,0,99,2,0,95,84,20,35,99,0,0,46,39,0,0,9,59,0,99,16,0,96,25,25,55,99,75,0,0,39,0,0,7,59,0,99,2,0,99,46,35,35,80,75,55,0,39,0,0,8,60,0,99,52,0,95,47,30,51,99,92,0,0,0,0,0,0,59,0,99,2,0,94,67,95,60,50,50,50,50,4,1,34,0,0,0,49,24,68,73,71,73,45,84,73,78,69,83
99,14,60,0,98,80,99,0,99,0,0,0,73,0,99,10,0,54,13,60,21,98,80,85,0,54,0,0,0,57,0,55,2,0,54,13,60,20,98,80,85,0,54,0,0,0,65,0,84,2,0,51,70,20,54,99,92,84,0,0,0,0,0,114,0,98,25,8,54,46,60,37,98,95,95,0,54,0,0,0,1,0,83,2,0,51,70,20,0,99,97,95,0,0,0,0,0,2,0,99,17,0,94,67,95,60,50,50,50,50,1,15,0,99,32,71,24,12,86,97,110,32,72,97,108,101,110,32
68,41,26,2,94,92,89,0,56,10,0,3,113,8,91,2,0,99,68,10,1,99,80,75,37,53,5,0,0,1,4,83,1,46,64,29,25,26,99,97,0,0,63,6,4,0,57,10,92,2,0,79,24,22,45,99,95,78,0,0,0,2,0,113,4,99,1,24,77,41,29,0,99,99,99,99,39,0,0,0,118,2,99,20,36,71,49,34,43,99,89,0,0,66,15,0,0,18,15,95,26,0,66,42,14,79,50,50,50,50,7,6,25,6,0,55,51,24,71,111,116,104,97,109,52,69,107,111
99,73,48,17,99,99,99,0,0,0,0,0,56,0,55,10,2,89,22,36,63,99,90,85,0,0,0,0,0,56,4,47,2,1,73,19,41,12,48,58,20,9,0,0,0,0,56,4,99,2,2,50,20,53,42,99,94,97,0,0,0,0,0,56,15,99,2,1,61,30,53,25,69,75,75,51,0,0,0,0,56,7,99,2,2,75,21,53,42,99,85,85,0,0,0,0,0,56,3,74,2,0,50,51,50,50,50,50,50,50,0,15,34,35,56,2,24,24,86,111,122,32,78,97,110,100,111,32
94,56,24,46,93,28,0,0,0,0,0,0,57,28,77,10,0,99,0,0,0,99,0,0,0,52,51,0,0,63,12,61,10,0,90,42,7,49,90,30,0,0,0,0,0,0,61,20,94,16,0,88,96,32,28,79,65,0,0,0,0,0,0,62,12,99,0,50,99,20,0,0,99,0,0,0,41,0,0,0,63,0,85,0,0,95,62,17,52,99,95,32,0,36,57,14,3,63,3,99,0,0,94,67,95,60,50,50,50,50,15,15,35,0,0,0,48,24,77,69,65,78,32,53,116,104,115,32
99,57,99,42,99,0,0,0,39,53,20,0,59,8,78,40,0,99,87,22,46,99,93,0,0,48,99,16,2,62,24,87,6,0,99,42,22,35,99,0,0,0,39,92,75,9,62,24,65,2,0,99,83,22,48,99,92,0,0,34,9,0,0,60,8,99,2,0,99,60,39,39,99,0,0,0,0,0,65,0,61,0,99,6,33,99,68,27,47,99,0,0,0,0,0,0,0,86,0,99,0,0,99,99,99,99,48,50,50,50,7,7,34,39,26,0,41,24,65,67,46,71,84,82,32,32,52,32
70,78,60,46,99,83,0,0,46,0,25,0,72,8,75,20,0,80,57,60,46,99,83,0,0,0,0,0,0,36,8,81,12,2,80,65,60,46,99,83,0,0,0,0,0,0,88,8,80,22,0,71,99,45,60,99,99,0,0,0,0,0,0,32,4,99,1,21,76,76,45,46,99,83,0,0,0,0,0,0,59,8,99,8,0,73,99,46,60,99,99,0,0,0,0,0,0,56,4,99,1,0,9,4,19,62,50,50,50,50,11,12,35,0,2,0,51,12,66,108,111,99,107,115,32,32,32,32
73,247
240,67,0,9,32,0
94,56,24,55,93,28,0,0,0,0,0,0,56,0,96,16,0,99,10,10,10,99,0,0,0,51,75,0,0,56,0,62,0,0,90,42,7,55,90,30,0,0,0,0,0,0,56,0,93,18,0,88,96,32,30,79,65,0,0,0,0,0,0,80,0,99,0,0,99,20,10,10,99,0,0,0,41,0,0,0,0,0,80,0,0,95,62,17,58,99,95,32,0,36,57,14,10,56,0,99,0,0,99,99,99,99,50,50,50,50,15,15,35,0,0,0,48,24,70,82,65,78,75,73,69,32,32,32
95,46,28,24,94,79,0,0,0,0,0,0,7,25,99,6,0,95,35,99,28,99,70,0,0,51,0,35,3,92,16,79,6,0,95,32,49,33,99,70,0,0,0,0,0,0,27,28,99,2,0,95,50,44,25,99,96,99,0,0,0,37,0,11,0,65,6,0,95,46,35,32,99,70,0,0,51,8,0,3,43,12,98,10,0,95,32,45,31,99,70,0,0,0,0,0,0,99,28,99,2,0,94,67,95,60,50,49,50,50,2,15,34,33,0,0,25,24,84,72,88,32,49,49,51,56,32,32
37,54,30,25,99,84,83,0,43,19,14,3,89,0,57,22,0,30,60,29,25,99,90,90,0,45,6,14,3,104,0,71,2,0,28,53,38,14,99,74,98,0,45,0,19,0,24,0,80,2,0,24,33,60,22,73,99,99,0,0,0,0,0,82,8,99,2,1,14,45,37,25,99,95,93,0,51,14,8,2,112,0,85,2,0,11,42,71,28,99,99,99,0,0,0,0,0,2,8,99,1,0,84,71,66,60,54,49,50,50,8,6,35,25,50,0,16,12,66,108,117,101,68,101,108,117,103,101
99,49,46,38,99,73,67,0,0,0,0,0,64,16,92,6,17,99,74,67,27,99,93,78,0,0,0,0,0,80,8,82,14,49,45,42,25,32,99,90,0,0,0,0,0,0,48,1,72,0,0,48,49,46,38,99,73,67,0,0,0,0,0,104,12,60,8,2,78,73,83,83,99,78,69,0,0,0,0,0,32,28,92,1,67,98,60,24,48,99,91,40,0,0,0,0,0,56,8,99,2,0,97,83,60,87,58,52,50,50,17,15,35,60,64,96,17,24,92,79,82,73,69,78,84,32,49,92
88,34,14,67,99,80,0,99,35,0,35,0,61,12,82,18,0,66,80,14,67,99,92,0,54,0,0,0,0,61,20,94,6,0,85,56,62,40,99,46,0,0,38,0,7,0,46,4,85,55,64,88,82,18,67,99,92,0,0,0,0,0,0,60,12,99,2,0,66,75,19,53,99,86,53,63,42,0,15,0,59,20,99,2,0,88,60,24,48,99,87,0,0,0,0,0,0,37,0,99,6,0,99,99,99,99,50,50,50,50,12,14,45,0,0,0,33,24,78,46,89,46,32,53,48,32,32,32
99,99,99,99,99,99,99,0,0,0,0,0,56,0,94,47,86,99,99,33,99,99,99,0,0,0,0,0,0,56,0,99,63,36,99,99,85,40,99,99,60,99,0,0,0,0,56,0,99,15,66,99,52,45,71,99,82,6,0,0,0,0,0,56,16,99,63,82,99,85,99,73,82,82,0,99,0,0,0,0,56,0,99,63,99,92,67,58,67,99,17,99,0,0,0,0,0,56,4,99,33,0,99,99,99,99,51,50,50,50,8,15,35,0,0,0,49,24,65,117,116,111,72,105,45,72,97,116
53,7,34,44,99,84,30,0,49,2,0,3,80,4,53,16,0,18,11,41,38,99,59,28,0,50,0,36,3,64,8,92,2,0,22,8,37,43,99,87,45,0,53,17,0,3,73,8,68,10,0,32,17,27,43,99,74,64,0,42,0,0,0,40,5,96,2,0,18,18,26,28,99,71,52,0,46,4,35,3,18,6,82,2,0,60,6,21,37,99,94,53,0,98,0,0,15,88,9,99,2,0,99,99,99,99,50,50,50,50,8,7,42,0,0,0,49,12,45,65,78,65,76,79,71,32,49,45
22,55,62,11,99,95,0,0,0,0,0,0,56,28,95,12,0,25,43,38,15,99,92,0,0,0,0,0,0,56,16,70,18,0,18,42,41,19,99,99,0,0,0,0,0,0,56,12,63,18,0,33,44,21,25,99,91,99,0,0,0,0,0,88,4,79,0,0,35,46,22,24,99,86,0,0,0,0,0,0,0,16,84,0,0,54,43,33,37,99,92,0,0,0,0,0,0,72,7,99,1,35,99,99,99,0,43,52,50,50,16,5,25,61,56,0,17,24,68,88,32,65,100,100,105,116,118,92
99,54,22,90,99,80,75,0,48,99,0,0,96,0,96,12,0,99,80,22,90,99,99,99,0,0,0,0,0,104,0,94,2,99,99,80,22,90,99,99,99,0,0,0,0,0,112,0,94,0,0,99,80,54,82,99,99,99,0,0,0,0,0,56,0,94,0,99,99,20,22,90,99,99,97,0,0,0,10,0,56,0,94,0,99,99,80,22,90,99,99,99,0,6,0,0,0,24,2,94,6,0,99,99,99,99,50,50,50,50,31,14,45,0,0,0,48,24,78,105,103,104,116,99,108,117,98,46
81,13,7,25,99,92,28,0,27,99,0,0,112,0,87,0,99,81,13,7,25,99,92,28,0,49,0,0,0,48,19,77,8,0,50,54,34,49,99,69,86,0,29,99,0,0,32,2,99,2,0,8,28,16,11,91,89,99,0,49,0,12,0,56,3,81,0,50,15,27,16,18,90,99,99,0,49,0,4,0,80,8,92,0,10,10,26,13,36,99,64,94,0,49,0,0,0,56,0,99,2,0,99,99,99,99,95,95,95,95,9,5,99,50,56,99,90,24,115,117,114,103,119,114,109,98,114,51
70,27,16,49,90,99,91,0,0,0,12,0,112,12,94,0,0,46,27,16,53,90,99,91,0,0,0,4,0,56,0,84,0,0,46,27,16,49,90,99,91,0,0,0,0,0,40,0,75,0,0,69,40,23,44,99,97,94,0,0,0,0,0,32,0,99,1,35,49,26,18,42,94,99,27,0,40,0,5,0,80,8,85,0,0,66,99,99,44,99,99,99,0,0,0,0,0,40,0,99,1,33,99,99,99,99,50,50,50,50,8,14,35,0,0,0,1,24,74,82,89,45,66,82,65,83,83,51
99,99,40,25,99,99,0,0,33,0,0,0,118,0,65,18,0,99,0,0,35,99,0,0,0,38,0,26,3,114,12,71,8,0,90,33,0,42,90,63,79,0,26,0,13,3,117,20,81,4,0,48,39,0,30,73,99,99,0,39,0,25,0,6,20,99,0,1,77,12,0,0,99,99,0,0,17,0,0,0,9,0,81,0,1,87,63,9,32,99,99,32,0,50,0,0,0,56,0,99,1,24,94,67,0,0,50,50,50,50,15,8,33,42,19,0,24,24,68,97,119,110,39,115,32,32,32,32
75,45,99,35,91,92,92,0,0,0,0,0,88,0,82,2,0,95,99,20,40,81,99,99,0,0,0,0,0,27,20,99,2,0,70,40,99,40,92,92,90,0,0,0,0,0,56,0,99,1,44,99,45,90,65,99,99,99,0,0,0,0,0,56,8,99,2,0,35,40,99,20,92,92,90,92,0,0,0,0,24,0,99,2,0,65,40,99,40,92,92,90,0,0,0,0,0,56,0,99,1,44,99,99,99,99,50,50,50,50,21,15,37,0,0,5,56,12,79,82,73,90,79,78,32,50,49,54
53,64,32,54,27,81,78,7,55,10,0,3,34,4,83,10,0,53,67,38,54,86,92,84,0,0,0,0,0,106,4,79,10,0,96,19,20,54,99,92,89,0,0,0,0,0,34,4,67,2,0,46,45,35,41,94,97,99,0,44,48,30,3,42,4,51,2,0,92,81,15,45,82,90,87,0,54,0,0,0,41,4,89,2,0,45,30,25,36,94,98,97,0,0,0,0,0,42,4,99,1,0,27,67,95,60,50,50,50,50,16,6,25,10,44,0,24,24,83,84,71,32,32,32,32,32,32,51
57,27,16,31,99,95,92,0,0,0,17,0,8,0,99,4,0,70,27,16,40,99,95,92,0,0,0,0,0,112,0,74,0,0,70,27,16,44,99,94,92,0,0,0,0,0,8,0,82,0,0,64,40,23,56,99,97,94,0,0,0,0,0,56,3,99,0,0,62,26,9,36,94,99,94,0,24,0,5,0,112,4,87,0,0,80,37,26,55,99,94,91,0,0,0,0,0,104,3,99,0,0,0,3,9,60,50,50,50,50,8,14,34,0,0,0,17,24,72,65,76,76,83,32,49,32,32,32
99,99,37,99,50,99,0,0,0,0,0,0,0,0,97,0,0,23,99,49,99,51,99,0,0,0,0,0,0,0,0,99,0,0,99,99,37,99,50,99,0,0,0,0,0,0,112,0,99,4,0,53,99,51,99,50,99,0,0,53,99,0,0,112,3,99,2,0,99,99,37,99,99,99,0,0,0,0,0,0,112,0,92,0,0,99,99,55,99,99,99,0,0,0,0,0,0,0,0,99,0,0,99,99,99,99,51,50,50,50,4,14,35,0,0,0,49,24,83,101,113,83,121,110,116,104,50,32
99,99,0,47,99,99,0,0,99,0,8,3,56,0,69,14,0,98,99,0,61,99,99,0,0,0,0,12,4,56,0,77,6,0,99,99,0,61,99,99,0,0,0,0,15,4,56,0,86,2,0,99,18,9,61,99,78,0,0,0,0,0,4,56,0,99,4,0,25,46,0,67,96,99,85,0,15,0,6,4,56,0,82,6,0,25,46,0,99,96,99,85,0,15,0,0,4,56,0,99,6,0,99,99,99,99,50,50,50,50,0,15,35,58,5,99,104,24,83,89,78,45,76,69,65,68,32,53
99,36,71,28,99,30,32,0,0,0,0,0,56,0,73,16,51,67,11,71,39,99,0,32,0,0,0,0,0,56,0,99,4,0,98,12,71,28,99,0,32,0,0,0,0,0,42,0,60,20,59,95,33,71,30,99,0,32,0,0,0,0,0,18,0,99,4,0,99,12,71,28,99,0,32,0,0,0,0,0,80,0,73,12,0,99,33,71,28,99,0,32,0,0,0,0,0,74,0,99,4,0,67,95,95,60,50,50,50,50,4,4,35,0,30,0,16,24,70,65,84,42,67,72,73,77,69,83
51,18,11,40,99,99,99,0,27,0,0,0,26,5,99,8,0,99,89,96,99,99,99,0,51,51,0,14,15,114,5,99,40,0,99,30,34,31,99,78,11,0,35,0,0,0,88,0,86,32,0,99,28,37,33,99,85,0,0,39,41,0,0,52,8,94,16,0,51,18,11,40,99,99,99,0,27,0,0,0,2,4,99,8,0,51,18,11,40,99,99,99,0,27,0,0,0,114,4,99,8,0,94,67,27,60,50,50,50,50,29,7,34,56,27,0,25,12,70,77,32,67,72,73,77,69,83,32
66,63,99,48,99,53,0,0,0,0,0,0,24,3,92,16,25,49,70,99,47,98,51,0,0,0,0,0,0,81,3,76,8,0,64,42,99,50,98,51,0,0,0,0,0,0,19,3,52,12,0,92,39,99,48,98,61,0,0,0,0,0,0,106,3,89,2,0,72,28,99,55,98,71,82,0,0,0,0,0,97,3,61,8,0,66,34,87,45,98,42,0,0,39,11,0,3,1,3,92,1,21,99,99,99,99,50,50,50,50,17,14,60,0,0,0,6,12,83,65,87,84,79,79,84,72,32,46
20,20,99,50,99,0,99,0,99,72,99,3,63,3,99,0,49,51,20,99,50,0,0,99,0,98,72,99,3,63,0,14,0,20,33,20,99,50,0,0,99,0,97,69,99,3,63,0,14,0,23,21,20,99,50,0,0,99,0,79,67,99,3,63,0,34,0,9,27,15,14,50,99,23,0,0,39,0,0,0,56,0,99,0,3,46,14,14,50,99,23,0,0,39,0,0,0,56,0,99,0,0,93,98,98,98,51,50,50,50,24,9,22,0,0,0,56,48,77,105,100,110,105,103,104,116,46,50
98,76,99,99,99,44,0,0,0,0,0,0,56,24,98,20,0,33,99,99,26,99,99,99,0,0,0,0,0,24,31,99,20,0,97,44,99,28,99,42,0,0,0,0,0,0,56,27,99,2,0,97,41,99,28,99,42,0,0,61,0,99,0,16,2,99,1,0,59,25,99,19,99,39,0,0,0,0,0,0,80,24,85,2,0,66,99,99,32,99,99,99,0,39,99,0,0,57,0,99,1,36,99,99,99,99,51,50,50,50,14,15,27,0,0,78,18,24,69,99,104,111,80,108,117,110,107,32
25,21,98,38,99,0,99,0,37,14,85,10,56,0,92,0,1,66,69,60,35,0,0,98,3,0,0,0,0,56,0,99,0,21,25,21,98,38,99,0,99,0,37,14,81,7,56,4,92,0,0,66,69,60,35,0,0,98,0,4,2,0,0,48,0,99,3,18,25,21,98,38,99,0,99,0,37,19,82,11,8,0,93,0,4,66,69,60,35,0,0,98,0,0,3,0,0,56,4,98,0,0,99,99,99,99,50,50,50,52,3,2,33,94,0,0,32,24,72,85,83,77,82,86,65,69,80,32
95,49,28,24,94,79,0,0,60,54,0,1,119,16,99,30,0,95,36,99,28,99,70,0,0,52,0,35,3,100,20,79,6,0,95,33,49,33,99,70,0,0,0,0,0,0,43,12,99,2,0,95,50,44,10,99,70,0,0,58,0,37,0,115,16,79,20,0,69,46,99,12,99,70,0,0,52,8,0,3,27,12,79,2,0,66,25,30,30,99,94,0,0,60,0,0,0,59,12,99,0,0,94,67,95,60,50,50,50,50,18,14,34,33,0,0,25,24,83,108,105,118,101,114,65,112,108,101
99,99,55,43,99,99,0,0,0,0,0,0,0,4,77,2,0,99,42,36,45,99,0,0,0,0,0,0,0,59,4,99,2,0,99,99,57,28,99,99,77,0,0,0,0,0,2,4,92,2,0,37,99,41,41,50,99,0,0,0,0,0,0,116,0,99,2,0,85,99,0,0,83,99,69,0,0,0,0,0,115,4,78,2,0,38,99,47,55,50,99,0,0,0,0,0,0,3,4,99,2,0,52,99,99,99,51,50,50,49,4,15,35,0,0,0,33,24,80,105,122,122,105,99,97,116,111,50
87,33,32,0,99,99,0,0,0,0,0,8,56,0,99,60,0,89,12,63,60,99,89,0,0,0,0,0,4,56,0,99,36,0,46,58,69,57,99,0,0,0,0,0,0,12,7,31,99,0,0,91,32,67,43,99,90,0,0,31,0,11,0,37,24,99,2,35,92,65,44,47,99,0,0,0,32,0,0,0,58,29,99,0,0,47,46,42,47,99,40,0,0,31,0,0,3,61,0,99,0,0,99,99,83,92,50,50,50,58,10,15,55,0,0,0,6,24,70,117,112,104,117,112,112,112,112,115
99,46,37,17,99,95,95,0,43,8,15,3,40,0,89,2,0,53,44,93,31,92,85,85,0,49,3,18,3,16,0,87,1,44,82,85,53,11,99,99,99,0,31,99,11,3,16,0,92,0,0,42,33,39,40,99,99,99,0,34,99,7,3,8,12,99,1,40,99,70,49,21,99,99,93,0,42,2,7,3,72,0,89,0,1,41,35,99,39,73,99,99,0,0,0,0,0,49,12,99,1,21,99,89,95,60,46,50,50,50,8,6,38,25,50,0,17,24,42,79,114,99,104,46,86,105,111,108
99,17,24,10,99,40,0,0,0,0,0,0,0,0,60,62,0,99,60,10,10,99,50,0,0,0,0,0,0,114,8,85,8,0,99,28,26,20,99,50,0,0,0,0,10,0,88,8,70,26,0,99,10,44,10,99,60,0,0,0,0,5,0,0,12,80,0,0,99,10,15,15,99,95,0,0,0,0,10,0,96,12,85,2,0,99,8,22,40,99,90,0,0,0,0,0,0,58,8,99,1,0,99,99,99,99,50,50,50,50,15,15,35,0,40,0,0,24,75,76,65,82,72,69,73,84,32,32
94,24,24,55,99,78,0,0,37,0,84,15,57,0,67,0,0,99,50,0,68,99,0,0,0,41,6,96,15,56,8,61,4,0,80,39,28,54,87,89,0,0,23,92,42,3,60,0,99,0,0,83,29,28,49,99,99,97,0,34,99,68,15,60,4,99,1,0,80,39,28,54,87,89,0,0,52,99,99,15,60,8,85,0,0,83,29,28,49,99,99,97,0,86,99,98,15,60,0,99,1,13,99,99,99,99,50,50,50,50,13,8,34,33,0,0,24,36,77,97,115,99,101,114,97,100,101,32
80,47,11,82,99,90,0,99,51,17,38,2,63,4,78,30,0,80,20,14,85,93,80,30,93,36,11,14,6,76,0,79,6,0,80,25,14,57,99,88,54,0,39,38,17,5,26,4,73,2,0,78,27,30,45,99,90,0,0,15,0,12,4,83,4,92,2,0,99,71,23,86,99,97,91,99,51,56,48,1,1,4,98,12,0,99,51,35,52,99,90,0,0,15,0,12,4,18,7,94,4,0,0,0,0,0,50,50,50,50,7,5,35,0,0,0,1,24,72,65,82,80,83,73,32,52,32,32
99,54,46,48,99,94,92,0,34,26,29,6,48,4,75,6,0,99,54,46,48,99,94,93,0,34,28,29,6,24,0,69,2,0,90,54,46,47,98,96,95,0,36,25,28,6,0,4,85,0,0,90,32,19,53,99,90,0,0,44,99,18,7,26,0,94,0,0,99,54,25,47,98,93,91,0,34,0,18,5,104,0,82,0,0,90,32,19,53,99,90,0,0,44,99,18,7,98,4,94,2,0,99,99,99,99,50,50,50,50,1,15,34,0,0,0,17,12,65,78,76,79,71,66,65,83,83,51
99,78,36,26,99,72,0,0,32,0,0,15,58,12,76,62,0,99,82,28,35,99,93,0,0,32,0,0,0,59,28,80,18,0,99,46,27,35,99,99,0,0,32,0,0,3,58,16,99,2,0,99,78,35,26,99,72,0,0,32,0,0,15,34,12,95,62,1,99,82,28,35,99,93,0,0,32,0,0,0,35,20,80,18,1,99,46,27,33,99,99,0,0,32,0,0,3,34,16,99,2,1,0,0,0,0,50,50,50,50,3,14,34,0,0,0,8,24,67,104,105,109,101,67,108,111,99,107
89,247
240,67,0,9,32,0
99,68,32,22,99,88,88,0,53,7,0,0,0,0,94,2,0,99,12,17,22,98,98,97,0,54,0,0,0,1,0,70,2,0,81,24,20,39,99,99,99,0,0,0,0,0,0,0,99,2,0,99,12,17,22,98,98,97,0,27,0,23,12,113,8,72,2,0,99,12,17,22,99,99,99,0,41,0,27,0,113,0,86,2,0,99,24,20,35,99,99,99,0,0,0,0,0,114,12,99,1,11,94,99,95,60,48,50,50,50,3,4,38,0,50,17,48,24,85,45,78,97,109,101,45,105,116,51
59,21,24,30,99,58,55,0,49,0,0,0,16,24,68,40,0,59,21,24,30,99,58,55,0,49,0,0,0,0,0,83,2,0,59,21,24,30,99,58,55,0,49,0,0,0,24,0,71,0,0,58,21,24,30,99,58,55,0,49,0,0,0,0,0,98,0,0,59,21,24,30,99,58,55,0,49,0,0,0,16,12,80,0,0,59,21,24,30,99,58,55,0,49,0,0,0,88,0,91,0,0,84,95,95,60,50,50,50,50,14,7,26,41,1,0,40,24,87,101,116,46,83,116,114,105,110,103
99,49,28,12,91,82,0,0,0,0,0,0,59,0,49,5,60,99,40,38,20,91,82,0,0,0,0,0,0,59,0,64,8,60,99,26,50,21,91,82,0,0,0,0,0,0,115,28,99,47,55,99,30,35,43,99,92,0,0,0,0,0,0,59,12,99,2,0,99,19,20,44,99,87,0,0,57,0,71,2,58,8,67,63,66,99,40,33,35,99,92,0,0,0,0,0,0,60,0,99,2,0,50,50,50,50,50,50,50,50,14,15,25,0,0,0,8,36,65,71,79,71,79,32,32,32,32,32
94,56,24,55,93,28,0,0,0,0,0,0,113,28,85,18,0,99,0,0,0,99,0,0,0,52,75,0,0,119,12,62,0,0,90,42,7,55,90,30,0,0,0,0,0,0,117,20,93,10,0,88,96,32,30,79,65,0,0,0,0,0,0,118,12,99,0,0,99,20,0,0,99,0,0,0,41,0,0,0,119,0,80,0,0,95,62,17,58,99,95,32,0,36,57,14,3,119,0,99,0,0,94,67,95,60,50,50,50,50,15,15,35,0,0,0,48,12,66,65,83,83,32,32,32,32,49,32
92,71,58,36,99,83,79,0,36,0,98,0,67,4,78,48,0,90,71,33,31,99,42,71,0,27,0,26,2,59,4,94,62,0,97,27,10,25,99,86,71,0,0,0,0,0,51,4,85,2,0,90,27,20,50,99,85,0,0,32,0,27,0,69,4,81,2,0,95,0,25,0,99,75,0,0,0,0,10,0,74,4,64,8,0,80,21,10,50,99,62,0,0,0,0,0,0,59,8,99,6,0,99,99,99,99,50,50,50,50,17,7,30,0,0,0,64,12,70,65,73,82,76,73,71,72,84,53
94,57,24,55,93,28,1,0,41,39,5,1,73,4,93,16,0,18,17,20,0,97,61,17,0,42,44,5,1,55,4,92,4,0,47,37,32,50,99,87,65,39,43,51,5,1,71,4,90,12,0,88,96,32,30,89,65,0,0,44,98,11,1,80,4,92,18,0,99,21,0,0,99,60,56,0,44,83,11,1,56,4,93,0,0,98,62,17,39,99,99,37,0,44,50,10,2,56,4,94,0,0,52,68,69,60,50,50,50,50,15,3,46,73,4,0,23,24,83,105,116,97,114,46,83,111,102,116
99,30,0,40,99,80,0,0,0,0,0,0,63,0,86,16,0,20,99,40,40,99,99,0,0,0,0,0,0,61,12,70,8,0,10,99,30,40,99,99,0,0,0,0,0,0,3,0,78,8,0,30,40,45,40,99,80,0,0,0,0,0,0,115,0,90,2,0,20,40,45,40,99,80,0,0,0,0,0,0,3,0,99,2,0,30,40,26,40,99,80,0,0,0,0,0,0,57,0,99,2,0,94,67,95,60,50,50,50,50,30,4,34,33,0,0,40,36,78,79,75,79,71,73,82,73,32,49
58,65,99,42,99,0,0,0,0,0,0,0,57,8,79,8,6,99,99,99,47,99,99,99,0,0,0,0,0,56,8,74,8,0,76,99,99,34,99,99,99,0,0,0,0,0,56,9,78,9,0,73,99,99,44,99,99,99,0,0,0,0,0,56,12,99,4,0,99,99,99,0,99,99,99,0,0,0,0,0,56,1,99,31,99,85,61,21,42,99,81,60,0,0,99,0,0,56,12,75,4,0,98,98,98,98,50,50,50,50,1,15,37,0,8,0,33,12,81,117,101,110,97,87,105,110,100,50
82,70,37,48,99,81,0,0,48,0,0,0,56,20,90,18,0,91,37,29,29,99,90,0,0,0,0,5,0,62,0,75,8,0,90,28,17,39,99,76,0,0,10,0,17,4,62,0,90,2,0,94,64,10,33,99,92,0,0,0,0,0,0,61,12,75,2,0,99,68,28,48,99,83,0,0,0,0,10,0,62,28,99,8,0,94,64,10,33,99,92,0,0,0,0,0,0,61,12,99,2,0,85,99,75,0,49,50,50,50,15,15,30,40,17,15,41,24,82,101,118,111,107,111,116,111,32,32
99,42,23,71,99,56,56,0,27,0,45,7,56,0,76,4,0,99,76,99,71,99,88,96,0,39,0,14,15,56,0,98,2,0,99,76,99,71,99,88,96,0,39,0,14,15,56,0,99,2,0,99,76,99,71,99,88,96,0,39,0,14,15,96,0,99,2,0,99,42,23,71,99,56,56,0,27,0,45,7,56,0,78,4,0,99,76,99,71,99,98,96,0,39,0,14,15,96,0,99,2,0,84,95,95,60,50,50,50,50,21,15,37,0,0,0,56,24,72,79,76,76,79,87,77,79,79,71
67,50,76,25,99,75,75,80,3,0,99,12,119,31,79,2,0,57,25,25,25,99,75,0,0,0,0,0,0,3,31,99,4,0,68,50,76,20,99,99,69,99,0,99,0,15,59,0,97,2,29,68,25,25,25,99,75,0,0,0,0,0,0,59,28,99,2,0,82,50,76,25,99,98,1,99,15,0,99,14,56,28,60,4,17,57,25,25,25,99,75,0,0,0,0,0,0,83,0,99,0,0,94,67,95,60,50,50,50,50,4,2,39,33,0,99,40,36,71,65,77,69,76,65,78,32,50,32
94,15,21,35,99,19,0,0,53,0,3,12,83,4,77,6,0,98,20,6,2,91,89,0,0,41,0,3,3,35,0,89,0,0,90,64,28,55,99,97,0,0,46,0,3,0,91,0,95,0,0,94,80,19,12,84,67,0,0,43,0,4,3,36,0,96,20,0,98,36,6,32,91,90,0,0,50,0,2,3,90,0,85,0,0,90,41,28,55,99,95,0,0,32,0,3,0,27,0,99,4,0,0,0,0,0,50,50,50,50,2,13,0,0,0,0,16,24,67,65,83,73,79,80,46,80,73,65
99,99,99,21,99,99,99,0,51,0,90,0,112,8,66,10,0,99,21,10,20,99,90,0,0,39,17,10,3,116,8,80,2,0,99,16,25,60,99,96,0,0,0,0,0,0,115,4,99,2,0,99,99,99,20,99,99,99,0,51,0,90,0,0,8,66,10,0,99,21,10,20,99,90,0,0,39,17,30,3,4,8,80,2,0,99,16,25,60,99,96,0,0,0,0,0,0,3,4,99,2,0,99,99,99,99,51,50,50,50,3,8,35,0,0,0,49,12,79,117,116,46,46,84,117,110,101,32
99,99,50,35,94,79,50,0,60,54,0,1,103,12,99,0,0,99,40,30,35,99,70,50,0,52,0,35,0,116,16,99,0,0,99,40,30,35,81,99,50,0,0,0,0,0,11,20,95,2,0,95,50,40,27,99,99,0,0,58,0,37,0,83,3,90,10,60,95,46,32,27,99,99,0,0,52,8,0,3,43,31,90,8,0,95,85,0,27,65,99,0,0,0,0,0,0,61,23,99,4,0,99,99,99,99,50,50,50,50,2,15,60,0,0,72,19,48,69,67,72,79,32,66,69,76,76,32
99,66,55,0,78,78,0,0,41,0,0,0,56,19,99,63,56,99,41,0,8,82,48,0,0,54,0,46,0,56,11,97,22,0,90,75,46,82,82,48,82,0,54,0,0,0,56,23,91,14,0,99,35,99,40,99,80,80,0,0,0,0,0,59,28,99,2,0,90,75,46,82,82,48,82,0,54,0,0,0,56,26,99,4,0,99,35,99,40,99,80,80,0,0,0,0,0,59,28,99,2,0,94,67,95,60,50,50,50,50,6,15,40,0,0,0,32,12,68,121,110,97,109,105,99,32,32,32
99,55,0,19,92,0,0,0,35,4,21,2,16,0,63,8,0,83,13,5,50,99,0,11,0,50,0,12,2,16,0,93,22,0,98,37,0,30,80,0,15,0,59,0,0,2,24,4,58,2,0,99,45,0,50,99,7,13,0,47,0,1,3,104,4,99,0,99,99,39,0,40,99,15,22,0,74,0,0,2,8,4,75,2,1,77,35,0,50,99,2,13,0,49,0,1,3,0,4,99,2,1,99,99,99,99,50,50,50,50,1,15,30,38,25,0,24,24,69,110,101,114,103,105,115,116,105,99
99,57,99,99,99,0,0,0,39,53,20,0,56,8,86,32,1,81,87,22,99,99,92,0,99,0,0,15,0,60,12,92,6,0,81,87,32,99,99,92,0,99,26,60,14,0,60,0,86,6,0,78,87,22,53,99,92,0,0,34,9,0,0,6,28,99,2,0,91,25,39,60,99,86,0,0,0,0,32,0,58,16,99,4,0,74,85,27,70,99,95,0,0,0,0,0,0,60,12,99,2,0,99,99,99,99,50,50,50,50,7,8,35,0,0,0,49,12,80,73,67,75,32,71,85,73,84,82
99,77,56,46,99,99,80,0,15,0,0,4,112,0,99,0,0,99,36,50,99,99,99,55,0,15,0,0,4,0,12,90,12,0,99,99,99,46,70,99,99,0,15,0,0,4,112,8,90,0,0,99,45,40,40,0,85,60,0,15,0,0,4,0,0,86,4,0,99,46,40,40,0,85,60,0,15,0,0,4,112,0,99,0,0,99,16,40,45,99,99,99,0,15,0,0,4,0,0,90,0,0,99,99,99,99,51,50,50,50,9,15,35,0,0,99,56,24,70,97,116,46,50,46,80,113,108,121
98,63,55,37,78,76,0,0,38,0,0,10,56,16,99,12,32,98,83,10,34,82,48,0,0,54,0,46,0,56,0,93,2,97,98,22,10,23,82,48,0,0,54,0,46,0,56,0,85,2,0,95,31,49,33,99,92,0,0,2,0,0,10,61,0,99,0,0,98,64,38,7,99,27,14,0,54,0,46,0,56,0,78,6,0,98,45,35,38,99,92,0,0,2,0,0,10,59,4,99,4,0,98,98,98,98,50,50,50,50,6,15,28,0,2,0,33,24,65,65,80,65,65,83,32,32,32,32
99,0,39,24,94,79,0,0,0,0,0,1,0,12,57,0,0,99,18,30,28,99,70,0,0,0,0,0,3,88,16,76,12,0,99,0,25,58,99,70,0,0,0,0,0,0,112,20,99,2,0,99,72,34,37,99,70,0,0,0,0,0,0,0,0,79,24,0,99,7,33,53,99,70,0,0,0,0,0,3,40,12,79,2,0,99,10,27,51,99,70,0,0,0,0,0,0,96,20,99,2,0,0,0,1,0,50,50,50,50,3,15,34,33,0,0,25,12,67,79,77,66,79,32,75,69,89,83
95,29,20,50,99,95,0,0,41,0,19,0,115,16,79,6,0,95,20,20,50,99,95,0,0,0,0,0,0,3,0,99,2,0,95,50,35,78,99,75,0,0,39,86,87,4,59,24,89,32,0,95,20,20,50,99,95,0,0,0,0,0,0,115,8,99,2,0,95,50,35,78,99,75,0,0,39,40,0,12,115,16,58,62,0,96,25,25,67,99,75,0,0,0,0,0,0,83,8,99,2,0,94,67,95,60,50,50,50,50,4,6,27,0,0,0,8,12,83,70,84,32,84,79,85,67,72,50
99,80,99,99,99,99,99,0,0,0,0,0,56,0,85,3,99,49,80,99,99,99,0,0,0,39,99,99,0,56,0,99,7,61,99,99,99,99,99,99,99,0,0,0,0,0,56,1,99,5,36,99,99,99,99,99,99,99,0,0,0,0,0,56,0,65,7,97,99,47,99,99,99,99,99,0,0,0,0,0,56,1,90,3,44,99,47,99,99,99,99,99,0,15,0,99,0,56,0,87,7,33,99,99,99,99,50,50,50,50,4,13,13,0,0,99,9,24,51,73,78,83,69,67,84,83,32,32
76,75,49,26,76,83,0,0,0,0,0,0,113,19,90,8,0,79,26,39,35,99,89,0,0,0,0,0,0,98,31,99,4,0,66,69,37,17,99,97,0,0,15,0,5,0,114,9,94,0,0,52,22,26,22,99,94,0,0,15,0,0,0,62,0,99,0,0,72,12,5,23,99,97,0,0,0,0,21,0,58,12,90,0,0,44,33,26,38,99,79,0,0,0,0,0,0,60,24,99,10,0,99,99,99,99,50,50,50,50,4,5,30,17,3,0,120,24,67,97,114,108,111,115,32,50,32,92
53,75,54,44,79,67,82,0,0,0,0,0,65,4,57,20,99,76,72,58,28,99,52,97,0,39,0,48,0,33,12,83,2,0,59,90,62,47,60,89,89,0,41,0,99,0,58,4,85,4,1,27,99,54,25,99,67,97,0,0,0,0,0,114,8,44,20,61,65,87,57,26,96,46,92,0,48,18,31,3,64,12,85,2,0,57,89,82,51,99,89,99,0,41,0,18,0,24,5,93,4,0,57,83,94,98,41,52,50,50,10,0,29,36,9,5,32,12,70,101,109,97,108,101,86,99,46,57
99,99,85,26,99,99,99,0,0,0,0,0,56,0,92,2,0,75,99,86,44,99,99,99,0,0,0,0,0,40,0,99,14,0,75,99,85,46,98,98,91,0,98,0,0,0,40,0,99,14,0,78,99,86,23,99,99,99,0,0,0,0,0,40,16,99,2,0,86,99,85,45,99,99,99,0,0,0,0,0,32,0,98,22,0,89,99,86,42,98,98,99,0,98,0,0,0,40,16,97,62,32,97,71,60,43,50,50,50,50,20,8,28,31,11,0,40,12,102,111,114,32,121,111,117,32,32,32
99,99,99,99,99,99,99,0,39,5,0,0,80,4,72,4,0,99,31,25,98,99,99,99,0,72,0,0,3,80,5,99,8,0,80,54,99,98,94,86,86,0,50,12,13,0,24,4,92,6,0,99,31,28,98,99,99,99,0,27,0,5,3,24,4,93,4,50,99,57,99,98,99,80,80,0,39,0,0,3,88,5,89,4,0,98,0,99,98,99,99,99,0,27,0,4,0,72,4,99,2,0,98,71,95,60,50,50,50,50,4,7,30,13,7,0,32,12,82,79,67,75,32,79,82,71,65,78
94,40,24,55,93,28,0,89,34,50,0,0,57,0,85,18,0,99,0,0,0,99,0,0,78,52,10,0,0,63,0,62,2,0,90,43,7,55,90,30,0,0,0,0,0,0,61,20,93,10,0,88,96,32,30,79,65,0,0,0,0,0,0,62,12,99,8,0,99,21,0,0,99,0,0,0,41,0,0,0,63,0,80,2,0,71,10,20,58,99,95,0,0,36,57,0,3,60,4,99,2,0,94,68,95,60,50,50,50,50,15,15,35,0,0,0,48,12,94,83,101,103,111,118,105,97,46,72
98,91,0,30,99,0,0,0,2,0,0,10,2,0,85,4,0,76,78,71,70,99,0,0,0,2,0,0,10,58,20,99,5,51,98,12,71,30,99,0,32,0,2,0,0,10,42,0,75,4,75,95,33,71,25,99,0,32,0,2,0,0,10,18,0,99,2,0,98,12,71,30,99,0,32,0,2,0,0,10,82,0,78,4,75,95,33,71,25,99,0,32,0,2,0,0,10,74,0,95,2,0,67,95,95,60,50,50,50,50,4,7,14,0,0,0,16,24,32,66,69,76,76,83,32,51,32,32
27,42,47,36,99,53,0,0,0,0,0,0,59,16,66,2,0,90,68,20,43,95,90,0,0,39,83,0,3,59,12,70,2,0,97,27,10,25,99,86,48,0,0,0,96,0,59,0,97,6,0,90,27,20,50,99,85,0,0,36,0,68,0,59,8,71,10,0,95,30,25,50,99,75,0,0,0,0,10,0,58,8,86,2,0,96,30,25,50,99,62,0,0,0,0,0,0,59,12,99,2,0,94,67,95,60,50,50,50,50,16,5,34,33,0,0,8,24,69,46,71,82,65,78,68,32,49,32
99,74,47,52,99,95,0,0,0,0,0,0,56,0,57,14,4,99,68,47,52,99,95,0,0,52,0,0,0,56,0,82,10,0,92,53,99,52,99,0,0,0,0,0,0,0,57,0,99,2,0,99,74,47,52,99,95,0,0,0,0,0,0,56,0,56,13,67,99,68,47,52,99,95,0,0,41,0,0,0,56,0,82,6,21,92,53,99,52,99,0,0,0,36,0,14,3,57,0,99,4,0,0,0,0,0,50,50,50,50,2,13,35,0,0,0,48,36,74,79,78,69,83,86,73,66,63,32
78,0,0,0,99,96,72,0,27,0,0,1,82,0,81,16,41,86,60,19,0,99,83,66,0,32,0,0,0,89,0,87,14,79,84,38,30,37,99,94,0,0,77,2,0,0,97,12,79,4,0,41,40,27,33,99,92,0,0,15,0,14,3,64,7,91,2,0,57,40,17,18,97,86,82,0,16,0,4,0,41,5,86,6,0,44,22,19,38,99,99,99,0,15,0,6,0,41,0,99,2,0,67,22,5,79,50,50,50,50,2,7,13,4,27,0,24,12,79,75,50,67,72,79,82,65,76,69
76,51,33,11,99,84,0,0,39,0,0,0,58,4,65,20,0,74,25,99,27,99,0,0,0,39,0,0,0,42,0,99,0,0,75,25,99,35,99,0,0,0,39,0,0,0,18,4,94,2,0,76,51,33,11,99,84,0,0,39,0,0,0,114,4,65,20,1,74,25,99,27,99,0,0,0,39,0,0,0,66,0,99,0,1,75,25,99,35,99,0,0,0,39,0,0,0,98,4,94,2,1,99,99,99,99,50,50,50,50,3,11,32,0,26,0,33,24,119,97,118,101,116,101,114,109,67,32
71,247
240,67,0,9,32,0
99,1,0,0,99,0,0,0,58,0,3,0,56,0,92,19,26,77,25,0,40,99,0,0,0,39,28,40,8,48,12,92,4,0,72,98,20,40,90,98,20,0,81,10,0,0,56,12,70,20,1,70,31,30,50,99,75,0,0,51,0,9,0,57,8,95,2,0,76,98,20,40,90,98,20,0,81,10,0,0,56,8,79,2,0,74,31,30,50,99,75,0,0,51,0,9,0,57,4,96,2,1,99,99,99,99,50,50,50,50,4,15,19,1,18,0,32,24,83,116,46,69,108,109,111,39,115,32
87,99,99,11,99,99,99,12,0,0,0,0,56,0,83,19,0,22,99,99,15,99,99,99,12,0,0,0,0,56,3,99,45,99,96,33,99,28,99,44,87,0,0,0,0,0,56,24,99,2,0,35,33,99,28,99,44,85,0,48,99,0,0,112,0,99,2,0,67,36,38,29,99,46,79,0,0,0,0,0,56,24,89,1,51,61,39,99,35,99,44,85,0,48,0,0,0,0,0,99,8,0,99,99,99,99,50,50,50,50,4,14,4,0,0,78,52,24,78,73,71,72,84,86,79,73,67,69
99,99,99,53,99,99,99,99,44,0,0,0,56,0,99,5,27,99,99,99,53,99,99,99,99,44,0,0,0,56,3,57,7,82,99,99,99,53,99,99,99,99,44,0,0,0,56,0,99,5,21,99,99,99,53,99,99,99,99,44,0,0,0,56,3,57,7,85,99,99,99,53,99,99,99,99,44,0,0,0,56,0,99,5,38,99,99,99,53,99,99,99,99,44,0,0,0,56,3,57,7,95,94,67,95,60,50,50,50,50,4,4,38,0,0,99,6,24,32,67,73,71,65,76,69,83,32,32
87,29,20,50,99,95,0,0,41,0,19,0,75,24,60,4,0,80,29,20,50,99,95,0,0,0,0,0,0,43,0,90,2,0,90,50,20,78,95,75,0,0,0,0,0,0,59,24,90,2,0,90,25,25,67,99,75,0,0,0,0,0,0,59,8,99,2,0,85,29,20,50,99,95,0,0,0,0,0,0,59,28,95,2,0,85,25,25,67,99,75,0,0,0,0,0,0,59,8,99,2,0,94,67,95,60,50,50,50,50,13,0,34,33,0,0,56,12,87,105,108,100,101,32,66,97,115,115
99,64,44,54,99,92,56,0,0,25,12,3,58,8,96,16,0,98,67,38,54,86,92,74,0,0,0,11,0,58,4,99,2,0,96,19,20,54,99,92,89,0,0,0,0,0,58,8,95,2,0,99,98,48,67,99,92,91,0,0,0,0,3,34,4,78,8,0,99,79,69,99,82,92,88,0,0,0,0,0,57,4,82,2,0,99,0,42,60,99,92,0,0,0,0,0,0,58,4,99,2,0,0,0,1,0,50,50,50,50,8,15,99,0,0,15,4,12,77,69,84,65,76,66,79,82,68,32
99,98,10,99,99,99,99,0,0,0,0,0,56,0,73,2,0,99,98,10,99,99,99,99,0,0,0,0,0,56,0,89,6,0,99,98,10,99,99,99,99,0,0,0,0,0,56,0,90,6,0,99,98,10,99,99,99,99,0,0,0,0,0,56,0,90,6,0,99,98,10,99,99,99,99,0,0,0,0,0,56,0,90,4,0,99,98,10,99,99,99,99,0,0,0,0,0,56,0,91,0,99,75,80,75,60,50,50,50,50,28,14,35,14,22,0,25,24,54,48,45,83,32,79,82,71,65,78
0,54,11,0,78,78,0,0,0,0,0,0,56,0,99,12,13,99,78,2,8,82,48,0,0,53,0,46,0,56,0,93,0,50,99,46,35,29,82,48,0,0,53,0,46,0,56,0,85,10,0,95,33,39,39,99,92,0,0,0,0,0,0,59,0,99,0,0,99,37,0,0,82,48,0,0,53,0,46,0,56,0,96,6,3,95,41,13,34,99,92,0,0,0,0,0,0,59,0,95,0,0,99,99,99,99,50,50,50,50,6,8,35,0,0,0,49,24,77,69,84,65,76,32,68,82,32,50
99,38,40,55,96,73,73,0,27,0,0,0,62,20,60,6,0,99,64,20,20,99,99,75,0,27,0,26,0,62,4,65,0,0,70,68,24,55,96,76,70,0,27,0,0,0,62,4,50,10,0,99,49,28,76,99,89,75,0,29,43,92,3,62,4,71,2,0,99,38,75,54,90,69,60,0,27,0,0,0,62,4,92,0,0,99,25,28,68,99,89,0,0,27,3,0,3,62,4,99,2,0,98,98,98,98,50,50,50,50,16,15,34,0,0,0,113,12,77,83,45,50,48,32,66,65,83,83
55,24,22,64,92,87,78,0,99,60,47,0,56,4,41,0,0,58,27,23,62,98,0,98,0,52,0,0,0,56,0,61,10,0,39,17,28,61,89,10,74,0,50,0,0,0,57,0,80,0,1,54,56,28,64,99,98,96,0,20,10,0,0,56,3,99,2,0,55,56,28,64,99,91,87,0,0,52,0,0,56,0,73,0,0,55,56,28,64,99,99,99,0,0,53,0,0,56,0,46,2,0,98,98,98,98,50,50,50,50,13,3,35,57,0,55,8,36,72,97,114,109,111,110,105,99,97,55
0,95,32,44,88,73,55,2,0,0,0,0,56,0,99,14,0,63,35,32,44,85,86,79,0,0,0,0,0,56,2,99,0,0,96,33,32,44,99,99,80,0,0,0,0,0,58,18,91,1,0,49,33,33,48,59,99,75,0,0,0,0,2,58,0,97,5,49,97,33,58,46,80,80,28,0,0,0,2,2,0,0,97,8,0,73,35,19,46,99,64,16,0,0,2,2,0,56,0,89,0,0,94,67,95,62,48,48,48,48,11,7,33,25,25,0,32,25,72,79,82,82,79,82,111,111,102,115
99,40,4,73,99,96,89,0,0,0,6,0,57,0,76,4,0,99,22,53,75,99,0,0,0,0,0,0,0,60,0,89,3,47,99,75,1,73,99,77,0,0,0,0,0,0,60,0,80,3,0,99,71,75,46,99,0,0,0,0,0,0,0,59,0,99,2,0,99,69,29,50,99,0,0,0,0,0,0,0,59,0,76,4,0,99,73,77,53,99,90,0,0,0,0,0,0,58,0,99,2,0,99,99,99,99,50,50,50,50,14,15,34,0,0,0,24,24,80,79,80,67,79,82,78,32,66,32
72,25,25,14,99,99,99,0,46,0,0,12,75,4,62,20,1,78,80,81,18,99,58,96,0,0,0,0,0,27,0,82,0,0,57,38,25,28,99,94,99,0,60,0,0,0,35,0,94,2,1,72,25,25,14,99,99,99,0,46,0,0,12,115,4,61,20,0,78,80,81,18,99,58,96,0,0,0,0,0,3,0,82,0,0,57,38,25,28,99,94,99,0,60,0,0,0,19,0,94,2,0,94,67,95,60,50,50,50,50,2,15,34,33,23,0,40,24,42,80,80,71,42,86,111,108,46,51
99,55,72,53,98,80,85,0,54,0,0,0,65,0,65,2,0,99,72,60,53,98,80,85,0,54,0,0,0,57,0,72,4,0,99,21,21,32,98,80,14,0,54,0,0,0,57,0,90,4,34,67,70,20,54,99,92,84,0,0,0,0,0,58,0,99,4,34,99,38,0,54,99,0,0,67,0,0,0,0,58,0,99,2,0,99,27,0,54,99,0,0,0,0,0,0,0,58,0,99,10,0,94,68,95,60,50,50,50,50,13,0,42,0,10,99,40,12,69,108,101,71,117,105,116,46,49,77
99,99,99,0,99,99,99,99,0,0,0,0,96,0,78,2,0,56,99,99,49,99,99,99,0,0,0,0,0,96,0,74,2,0,64,99,99,95,99,99,99,0,25,0,12,0,96,0,99,2,0,99,99,99,81,99,99,99,99,0,0,0,0,16,0,67,6,0,56,99,99,49,99,99,99,0,0,0,0,0,16,0,68,4,0,53,99,99,84,99,99,99,0,25,0,12,0,16,0,99,2,0,99,99,99,99,50,50,50,50,2,14,50,33,0,0,9,24,77,85,83,69,84,84,69,32,32,32
99,39,25,29,99,96,85,0,39,0,14,3,115,4,65,40,0,99,38,25,33,99,91,86,0,39,0,0,15,58,0,90,2,0,99,44,20,45,99,99,99,0,39,0,0,15,58,0,99,2,0,99,39,25,31,99,96,85,0,39,0,14,3,59,4,63,40,1,99,38,25,36,99,91,86,0,39,0,0,15,58,0,90,2,1,99,44,20,45,99,99,99,0,39,0,0,15,58,0,99,2,1,84,95,95,60,50,50,50,50,2,13,31,0,10,0,40,12,62,32,80,80,71,67,76,65,86,52
99,65,98,61,99,67,52,0,46,0,0,12,88,8,91,2,53,66,38,0,61,99,0,0,0,53,0,43,0,56,0,64,4,0,99,99,99,99,99,99,99,99,60,10,10,0,59,0,0,4,0,53,38,75,61,88,44,24,0,46,0,0,3,32,1,76,2,0,99,97,63,54,99,99,90,0,0,0,0,0,92,8,70,2,0,60,67,55,65,93,89,98,0,41,0,0,0,40,11,98,2,0,94,68,95,60,50,50,50,50,15,5,35,23,8,13,32,24,60,70,108,117,116,101,46,49,51,62
97,59,28,40,99,58,0,0,0,0,0,0,58,16,99,10,0,97,30,28,40,99,40,0,0,0,0,0,0,58,8,99,0,98,41,30,28,40,99,40,0,0,0,0,0,0,104,8,99,0,0,50,30,28,40,99,40,0,0,0,0,0,0,1,8,99,0,0,97,30,28,40,99,40,0,0,0,0,0,0,56,8,99,0,99,97,30,28,40,99,40,0,0,0,0,0,0,58,8,99,2,0,99,99,99,99,50,50,50,50,25,15,35,0,0,0,49,24,82,105,110,103,51,116,104,105,110,103
96,89,27,46,99,0,0,0,15,0,0,4,64,16,99,12,0,99,57,26,42,99,0,0,0,15,0,56,4,56,20,83,10,0,99,35,26,39,99,0,0,0,84,14,99,1,58,20,99,4,0,83,34,0,35,99,0,0,0,15,0,28,4,97,24,99,2,0,99,61,26,71,99,0,0,0,99,86,99,5,58,24,80,4,0,83,36,0,39,99,0,0,0,15,0,28,4,58,28,96,2,0,98,98,98,98,51,50,50,50,13,15,27,0,1,0,56,24,72,97,114,112,68,111,99,66,111,107
99,9,39,37,99,95,0,0,0,0,35,0,56,0,86,4,0,99,31,17,34,99,95,0,0,0,0,0,0,56,0,99,57,0,99,0,11,31,99,81,0,0,82,0,0,3,56,0,98,4,0,99,0,61,28,99,80,0,0,0,0,0,0,56,7,99,6,0,96,5,57,32,99,75,0,0,0,0,0,0,56,11,99,1,0,99,33,3,29,99,75,0,0,0,0,30,0,56,11,99,32,0,94,67,95,60,50,50,50,50,22,8,27,0,13,65,35,12,42,67,108,111,99,107,119,111,114,107
99,57,28,0,97,84,0,0,30,35,0,3,100,20,80,12,0,99,63,13,0,99,99,0,0,42,5,15,0,50,4,71,2,0,67,36,18,36,97,75,0,0,46,85,0,2,77,20,72,12,0,99,50,21,53,99,95,0,0,25,0,0,0,75,8,99,2,0,67,72,21,39,99,75,0,0,44,99,17,3,51,16,99,2,0,81,75,30,50,61,99,0,0,0,0,0,0,106,12,99,2,0,99,99,99,99,50,50,50,50,6,11,35,0,0,0,49,12,42,75,117,114,122,119,101,105,108,50
99,99,99,99,99,99,99,99,0,0,0,0,56,0,63,28,0,99,36,14,20,99,0,77,39,0,0,0,0,56,0,62,18,0,9,8,8,42,50,77,99,0,0,0,0,0,56,0,75,0,0,99,99,99,36,99,99,99,0,0,0,0,0,56,0,99,2,0,99,0,56,20,82,99,82,42,0,0,0,0,56,0,88,2,0,41,26,5,35,99,90,0,0,0,0,0,0,56,0,96,1,0,99,99,99,99,50,50,50,50,7,15,30,99,5,0,48,24,66,105,103,83,99,111,114,101,32,32
99,61,55,32,99,80,0,0,0,0,0,4,64,0,78,10,0,99,31,50,43,99,80,79,0,0,0,0,4,56,0,99,2,1,99,66,46,50,99,80,80,0,0,0,23,4,56,0,99,2,0,63,19,50,45,99,80,80,0,15,0,0,4,99,12,99,2,0,99,61,55,32,99,80,0,0,0,0,0,4,80,0,60,0,0,99,31,50,43,99,80,79,0,0,0,0,4,56,0,99,2,0,99,99,99,99,50,50,50,50,4,15,35,96,6,10,48,36,70,117,108,108,101,114,32,57,49,57
99,89,40,99,99,78,75,73,44,10,42,2,75,4,87,30,0,99,90,35,99,92,86,77,97,44,40,9,2,44,16,83,6,0,99,54,18,45,99,97,0,0,41,32,74,10,62,12,84,0,0,99,64,57,99,71,67,0,0,41,0,0,8,19,16,80,22,30,99,86,85,99,94,94,0,0,41,0,0,8,34,16,91,55,45,99,21,25,99,99,87,0,0,49,1,5,3,76,16,87,0,0,82,76,95,73,50,50,50,50,17,15,31,33,0,0,81,24,67,108,97,118,105,110,101,116,32,32
93,75,18,20,99,90,0,0,10,0,10,4,70,4,86,24,0,94,18,15,22,99,87,0,0,10,0,50,4,62,4,66,24,0,95,17,15,21,99,85,0,0,0,0,0,4,94,4,83,2,0,95,17,17,42,99,95,0,0,0,0,0,0,85,8,99,2,0,80,53,16,18,99,97,99,0,0,0,0,4,117,8,94,2,0,80,33,18,31,99,95,84,0,0,0,0,0,5,8,99,2,0,99,98,75,61,50,50,50,50,1,2,36,0,9,0,33,24,77,101,116,97,108,66,97,110,106,111
82,74,44,40,99,89,81,0,98,0,0,0,56,28,80,8,0,82,74,44,40,99,89,58,0,98,0,0,0,56,16,93,2,0,82,55,40,40,99,78,60,0,98,0,0,0,56,8,90,8,0,82,35,50,45,99,78,84,0,98,0,0,0,104,0,99,2,0,88,75,50,0,99,93,74,0,0,0,0,0,8,12,95,8,0,80,40,40,45,98,86,82,0,98,0,0,0,56,0,99,2,0,84,95,95,60,50,50,50,50,1,10,55,80,10,0,40,12,80,69,82,75,89,32,32,32,48,54
72,76,10,32,99,99,99,0,0,0,0,0,56,0,85,2,0,99,73,10,53,99,99,99,0,0,0,0,0,56,0,83,9,3,31,35,10,58,69,87,99,0,98,0,0,0,48,0,76,6,0,72,76,10,32,99,99,99,0,0,0,0,0,56,0,87,4,0,99,73,10,53,99,99,99,0,0,0,0,0,56,0,79,1,14,31,35,10,58,69,87,99,0,98,0,0,0,56,0,76,8,0,84,95,95,60,50,50,50,50,2,11,30,29,45,0,24,12,87,72,65,83,65,82,32,32,32,50
75,10,50,41,99,85,85,0,0,0,0,0,59,0,82,4,0,67,46,35,45,99,99,67,0,0,0,0,0,59,0,99,1,0,70,27,34,40,99,56,34,0,51,45,0,0,35,0,70,8,32,58,51,33,45,99,85,79,0,0,0,0,0,59,0,99,8,0,75,30,32,40,99,98,95,0,0,0,0,0,91,0,99,8,0,50,47,34,45,99,95,76,0,0,0,0,0,59,0,90,1,14,99,99,99,99,0,1,1,1,5,6,55,33,0,93,56,43,83,105,108,108,105,84,72,85,77,80
53,25,21,26,99,92,0,0,55,25,0,3,58,8,99,28,0,53,31,0,54,86,92,43,0,0,0,0,0,58,4,84,6,0,99,0,0,54,99,92,89,0,0,0,0,0,58,8,92,2,0,50,52,35,41,99,92,91,0,25,99,99,3,58,4,99,4,0,99,71,35,51,82,92,87,0,54,0,0,0,113,0,87,2,0,52,30,25,43,99,92,90,0,26,0,99,0,2,4,99,2,0,94,67,95,60,50,50,50,50,14,15,28,46,30,0,24,12,73,78,32,84,72,69,32,65,73,82
99,49,1,24,94,79,0,0,60,54,0,1,71,12,99,30,0,95,36,8,28,99,70,0,0,52,0,35,3,92,16,79,6,0,95,33,25,33,99,70,0,0,0,0,0,0,27,23,99,2,0,85,50,2,10,99,70,0,0,58,0,37,0,11,0,79,18,0,75,47,16,12,99,70,0,0,52,8,0,3,43,12,79,4,0,75,30,27,31,99,70,0,0,60,0,0,0,99,23,99,2,0,94,68,95,60,50,50,50,50,2,14,34,33,0,0,25,12,67,104,114,111,109,97,46,56,32,32
99,26,26,48,99,0,0,0,0,0,0,0,4,0,68,2,1,99,16,26,48,99,0,0,0,0,0,0,0,104,0,99,2,0,99,20,26,48,99,0,0,0,0,0,0,0,36,0,74,2,0,99,26,26,48,99,0,0,0,0,0,0,0,60,0,98,2,0,99,99,99,99,99,99,99,0,0,0,0,0,56,0,0,2,0,99,99,99,99,99,99,99,0,0,0,0,0,56,0,0,2,0,99,99,99,99,50,50,50,50,4,14,35,0,0,0,6,24,83,79,85,86,69,78,73,82,32,32
46,11,9,41,99,97,91,0,39,33,0,6,40,0,55,8,0,43,34,19,39,99,95,70,0,39,34,0,6,96,0,63,6,0,49,17,10,38,99,96,95,0,44,64,28,10,64,0,77,2,0,45,6,6,51,99,90,90,0,56,97,0,3,0,0,90,1,54,75,25,8,42,99,96,93,0,55,9,0,9,0,0,80,2,1,44,27,15,51,99,90,90,0,39,99,0,7,0,0,90,1,58,97,75,94,66,52,50,50,50,14,7,27,0,31,0,17,24,49,48,54,83,84,82,73,78,71,83
94,35,16,48,99,72,0,0,30,0,4,1,59,12,73,14,0,79,26,18,36,99,89,0,0,34,0,7,2,59,4,77,2,0,89,20,20,52,99,90,0,0,36,48,17,7,60,8,97,2,0,77,39,25,36,99,85,0,0,38,0,5,12,15,20,71,38,9,99,41,30,48,99,72,0,0,39,44,0,1,116,20,71,28,0,99,37,20,52,99,90,0,0,34,0,14,7,68,12,98,2,0,99,99,99,99,50,50,50,50,2,12,14,2,0,53,0,24,77,70,65,99,111,117,69,84,121,98
72,247
240,67,0,9,32,0
95,75,28,80,94,79,0,69,60,0,0,1,64,0,99,40,0,99,63,42,64,99,90,0,99,52,0,35,0,89,8,81,16,0,99,26,14,99,99,90,0,99,0,0,0,0,27,20,99,2,0,99,29,0,51,99,0,0,0,0,0,0,0,4,28,99,2,0,99,25,11,43,99,0,0,0,52,0,40,3,44,8,93,2,0,99,25,0,37,99,0,0,0,0,0,0,0,108,16,99,2,0,99,99,99,99,50,50,50,50,8,13,7,25,0,0,57,12,80,76,85,75,83,85,83,84,78,32
99,99,99,0,99,99,99,0,0,0,0,0,56,28,60,62,0,99,99,99,0,99,99,99,0,0,0,15,0,56,16,80,22,0,99,99,99,0,99,99,99,0,0,0,0,0,56,0,70,0,0,99,80,99,99,99,0,0,0,0,0,0,0,56,28,99,1,85,99,99,99,99,99,99,99,0,0,0,15,0,56,8,99,0,0,65,99,99,46,99,99,99,0,0,0,0,0,58,0,99,1,30,99,99,99,99,50,50,50,50,17,15,35,0,30,0,24,24,70,65,73,82,76,73,71,72,84,32
99,54,99,99,99,0,0,0,49,0,0,0,56,0,42,8,29,99,39,99,58,99,0,0,0,49,0,0,0,56,0,99,61,12,84,99,62,27,99,99,0,0,49,0,0,0,56,0,92,45,14,99,55,72,85,99,0,0,0,49,0,0,0,59,0,99,45,24,99,60,57,26,99,0,0,0,49,0,0,0,56,0,85,59,96,99,96,83,63,99,96,0,0,49,0,0,0,24,0,99,15,0,99,99,99,99,50,50,50,50,6,7,35,0,0,0,49,48,72,65,78,68,32,67,76,65,80,83
99,99,48,99,99,99,0,0,0,0,0,0,60,20,85,12,0,99,99,38,99,99,99,0,0,0,0,0,0,61,28,70,18,0,59,99,26,71,99,99,0,0,0,0,0,0,53,28,53,18,0,86,50,19,71,99,98,91,0,0,0,0,0,61,24,88,0,0,41,99,24,71,27,87,0,94,0,0,0,0,101,16,69,6,0,99,64,33,79,99,97,0,0,0,0,0,0,72,8,99,2,0,99,99,85,99,50,52,50,50,16,15,35,0,0,0,57,24,67,76,65,86,46,84,79,79,84,83
67,41,99,39,99,45,0,0,0,0,0,0,40,16,84,6,0,92,32,99,39,99,57,0,0,0,0,0,0,75,20,99,4,0,75,16,99,38,99,24,0,0,0,0,0,0,56,12,99,0,0,48,32,99,38,99,24,0,0,0,0,0,0,56,12,99,0,1,97,33,99,40,99,14,0,0,0,0,0,0,114,0,99,8,0,97,33,99,40,99,14,0,0,0,0,0,0,2,0,99,8,0,99,99,99,99,50,50,50,50,28,15,30,58,16,0,33,24,67,65,83,67,65,68,69,32,32,32
43,22,19,31,99,90,79,0,41,23,0,3,106,12,72,2,50,44,25,19,31,99,90,79,0,45,1,0,3,74,12,83,2,0,30,30,27,68,95,87,63,0,53,0,0,0,58,16,68,14,23,57,28,12,43,99,93,70,0,0,0,3,0,107,8,99,0,0,46,19,14,31,99,90,79,0,37,0,0,0,10,8,77,2,0,52,28,12,41,99,93,70,0,0,0,3,0,19,4,99,0,0,75,81,29,85,52,49,50,50,8,15,30,11,10,0,32,36,83,97,109,112,108,101,83,113,114,50
99,41,26,48,99,98,0,0,0,0,47,4,64,0,40,44,0,99,77,26,48,99,98,0,0,15,0,33,4,16,0,76,2,0,99,41,26,48,99,98,0,0,0,0,0,0,32,0,77,0,0,99,77,26,48,99,98,0,0,0,0,0,0,56,0,84,2,0,99,41,26,48,99,98,0,0,0,0,0,0,56,0,84,0,0,99,77,26,48,99,98,0,0,0,0,0,0,32,0,99,0,0,99,99,99,99,50,50,50,50,0,7,37,0,0,0,48,24,68,69,82,69,71,76,69,32,32,32
99,99,99,0,99,99,99,0,32,0,0,8,112,0,99,55,57,99,78,60,50,99,89,0,0,80,0,0,7,112,4,90,0,0,95,50,42,45,99,80,0,0,56,98,98,12,115,12,99,21,20,99,80,35,57,99,90,0,0,48,0,0,4,88,4,94,33,83,95,57,0,0,99,0,0,0,41,0,0,4,112,0,98,3,0,90,50,33,62,99,0,0,0,51,98,98,3,115,0,99,27,91,99,99,75,60,50,50,50,50,2,15,55,0,0,0,6,24,66,46,68,82,77,45,83,78,65,82
99,99,99,99,99,99,99,0,39,0,0,0,64,0,83,8,0,99,31,25,98,99,95,92,0,63,0,99,0,64,4,80,24,0,99,99,99,98,99,99,99,0,68,17,99,0,32,0,71,10,0,99,31,28,98,99,94,92,0,86,0,0,15,40,4,93,6,0,99,99,99,98,99,99,99,0,39,0,0,0,48,4,93,4,0,98,42,99,98,99,91,91,0,39,0,0,0,56,4,99,2,0,98,71,95,60,50,50,50,50,28,13,14,6,0,0,24,24,70,97,114,102,32,79,117,116,32,50
95,29,20,50,99,95,0,99,41,0,19,0,115,16,78,2,0,80,50,20,50,99,95,0,90,0,0,0,0,59,16,48,2,0,95,29,20,50,99,95,0,99,33,15,11,3,59,16,90,2,0,95,20,20,50,99,95,0,99,0,0,0,0,59,16,0,2,0,90,50,35,78,99,75,0,99,0,0,0,0,59,16,58,18,0,90,25,25,67,99,75,0,0,0,0,0,0,83,4,99,2,0,94,67,95,60,50,50,50,50,17,0,35,33,0,0,56,24,82,111,99,107,61,71,117,105,116,49
48,57,21,55,99,99,99,0,46,52,0,1,80,0,63,2,5,56,48,42,56,99,96,95,0,69,0,41,1,0,0,82,2,0,64,51,25,55,72,96,92,0,69,0,31,2,40,0,87,4,0,59,15,74,69,99,96,0,0,56,0,0,3,112,0,99,4,0,44,25,11,56,99,96,86,0,46,0,0,5,56,0,83,2,6,59,15,74,69,99,96,0,0,56,0,0,3,112,0,99,4,2,99,67,35,61,57,79,35,50,1,15,27,38,10,0,17,24,69,76,69,80,72,65,78,84,32,49
99,43,50,59,99,99,99,0,33,0,45,3,96,0,56,60,0,99,50,55,46,99,90,80,0,38,0,22,0,82,0,77,16,0,62,30,0,35,99,98,90,0,46,4,13,3,59,0,87,4,0,59,18,17,56,90,95,92,0,0,0,0,0,114,16,99,4,0,99,0,0,33,99,98,97,0,39,1,6,3,1,0,76,4,0,61,25,22,39,99,97,86,0,0,0,0,0,48,8,99,1,20,99,99,99,99,51,50,50,50,1,7,35,0,11,0,25,12,83,116,114,105,110,103,115,46,35,56
88,34,14,67,99,80,0,99,34,0,35,0,61,12,82,18,0,66,80,14,60,99,92,0,99,0,0,0,0,61,20,94,6,0,85,56,62,40,99,46,0,0,38,0,7,0,46,4,85,63,64,88,82,18,67,99,92,0,0,0,0,0,0,60,12,99,2,0,66,75,19,53,99,86,53,63,41,0,15,0,59,20,99,2,0,88,60,24,48,99,87,0,0,0,0,0,0,37,0,99,6,0,99,99,99,99,50,50,50,50,8,14,45,0,0,0,33,24,83,84,82,65,84,32,32,32,32,32
51,52,0,36,99,92,92,0,0,91,0,3,8,4,85,4,0,92,0,0,32,93,56,28,0,58,0,99,2,24,0,81,4,1,43,13,22,44,99,98,36,0,0,99,0,15,72,8,0,8,1,51,52,0,36,99,92,92,0,29,91,0,3,48,4,75,4,0,92,0,0,32,93,56,28,0,32,0,99,2,56,0,81,4,1,43,13,22,44,99,98,36,0,0,99,0,15,48,8,98,8,1,98,98,98,98,53,49,50,50,3,8,33,35,15,0,16,0,77,82,46,72,79,66,65,82,84,32
96,72,48,17,91,0,0,0,27,0,99,0,112,8,74,2,0,99,50,24,21,82,31,0,0,0,0,0,0,32,4,92,4,0,65,68,41,14,99,57,0,9,27,0,99,0,40,12,67,2,0,99,71,53,37,99,47,0,0,0,0,0,0,112,12,86,1,52,99,26,53,14,76,53,0,46,0,0,0,0,72,14,99,4,0,99,28,53,36,99,64,0,0,0,0,0,0,0,0,92,9,29,18,60,95,60,48,51,50,50,15,15,35,35,5,2,64,0,82,69,86,69,82,66,76,65,78,68
87,45,53,45,98,99,99,0,43,0,0,0,56,0,83,3,0,55,45,53,57,98,99,99,0,43,0,4,0,56,0,60,10,0,72,19,42,17,99,69,69,0,41,0,0,0,56,3,69,8,0,52,59,53,57,69,94,94,0,0,0,0,0,56,0,57,6,0,97,45,53,25,98,99,99,0,43,0,7,0,56,0,75,2,0,56,20,17,71,99,94,93,0,0,0,0,0,56,3,99,8,0,99,99,29,28,78,70,0,42,16,15,64,9,76,99,105,24,74,97,99,107,97,108,115,32,32,32
99,30,11,32,99,36,99,0,0,0,0,0,56,0,63,16,75,99,30,0,20,99,59,82,39,0,0,0,0,56,0,62,12,50,8,8,8,42,50,75,99,0,0,0,0,0,56,0,75,0,0,99,99,99,36,99,99,99,0,0,0,0,0,56,0,99,2,0,99,0,55,20,82,99,82,42,0,0,0,0,56,0,88,2,0,40,26,5,35,99,90,0,0,0,0,0,0,56,0,96,1,0,99,99,99,99,50,50,50,50,7,15,30,99,6,0,48,24,83,67,79,82,69,32,49,45,45,32
99,42,99,99,99,0,0,0,39,0,0,0,112,1,61,14,0,99,99,99,98,99,99,99,0,39,0,0,0,112,0,99,6,0,99,99,99,98,99,99,99,0,39,0,0,0,8,0,75,2,0,99,99,99,98,99,99,99,0,39,0,0,0,40,0,99,2,0,99,99,99,98,99,99,99,0,39,0,0,0,64,0,99,4,0,99,99,99,98,99,99,99,0,39,0,0,0,56,0,99,2,0,98,71,95,60,50,50,50,50,28,0,32,0,0,0,8,24,32,79,82,71,65,78,32,32,32,45
99,99,52,40,99,38,31,0,0,0,0,0,56,0,68,0,91,79,99,58,41,99,99,16,0,0,0,0,0,56,12,99,30,0,0,75,99,38,99,99,13,0,0,0,0,0,56,12,99,62,0,16,28,0,27,99,41,26,0,0,0,0,0,56,0,94,44,0,31,31,56,22,95,99,76,0,0,0,0,0,60,0,79,0,0,28,28,53,33,82,83,80,0,0,0,0,0,112,0,99,0,0,99,99,99,99,50,50,50,50,0,6,25,60,9,0,55,24,83,116,97,114,71,97,108,97,120,121
54,44,22,34,99,99,87,0,34,0,6,0,64,0,89,0,0,26,56,50,34,50,99,0,0,0,0,0,0,0,3,99,1,0,86,73,46,34,99,99,0,0,0,0,6,0,105,0,94,2,0,60,37,49,78,99,99,0,0,54,0,0,0,105,0,99,0,0,86,73,46,34,99,99,0,0,0,0,6,0,9,0,94,2,0,60,37,49,78,99,99,0,0,54,0,0,0,9,0,99,0,0,94,67,95,60,50,50,50,50,4,13,32,33,34,0,24,24,83,102,116,69,107,111,32,93,47,92
75,25,36,34,99,99,99,0,29,0,2,3,56,0,50,16,0,85,67,5,37,68,99,0,0,0,0,15,3,56,0,95,2,0,95,50,35,78,99,75,0,0,0,0,0,0,59,20,75,20,0,96,25,25,67,99,75,0,0,27,10,0,0,59,12,99,2,0,75,25,36,34,99,99,99,0,29,0,2,3,112,0,79,2,0,75,67,5,37,68,99,0,0,27,0,0,3,0,28,99,1,21,94,67,95,60,50,50,50,50,8,7,37,71,15,0,16,24,71,105,116,32,83,116,114,97,100,32
95,48,28,24,94,79,0,0,60,54,0,1,71,12,89,6,0,95,46,19,12,99,70,99,0,52,8,0,3,91,16,79,2,50,95,32,49,53,99,70,71,0,0,0,0,0,27,0,99,0,0,95,50,44,10,99,70,0,0,58,0,37,0,11,0,70,8,0,95,46,19,12,99,70,99,0,52,8,0,3,43,12,80,4,0,95,32,45,52,99,70,70,0,60,0,0,0,99,4,99,0,0,94,67,95,60,50,50,50,50,2,14,34,33,0,0,25,24,98,97,115,115,32,112,117,110,99,104
82,53,37,99,99,81,0,0,49,0,5,0,62,4,81,6,0,91,37,29,99,99,90,0,0,49,0,5,0,62,8,83,8,0,92,28,17,25,99,76,0,0,49,12,39,3,62,16,84,2,1,96,64,30,38,99,92,0,0,49,0,0,0,61,8,99,4,0,99,76,28,99,99,76,98,0,49,0,10,0,62,12,99,2,0,99,31,58,99,99,92,0,0,49,0,0,0,61,4,90,4,0,85,98,98,98,47,50,50,50,1,15,25,46,66,15,57,24,83,72,73,89,65,77,73,83,69,78
99,69,57,30,99,73,0,0,0,0,0,0,56,15,89,28,0,99,63,33,30,99,70,0,0,0,0,0,0,0,19,88,2,0,91,61,60,38,99,64,0,0,0,0,0,0,56,0,44,40,0,91,60,60,38,99,99,99,0,67,0,98,0,56,0,78,2,0,44,35,60,38,99,74,74,0,58,0,99,0,58,12,80,0,0,91,60,60,38,99,99,99,0,0,0,0,0,56,0,99,1,1,99,99,99,99,50,50,50,50,8,15,38,0,0,0,49,24,115,116,114,105,107,101,114,98,114,115
99,69,57,30,99,73,0,0,0,0,0,0,56,15,89,28,0,99,63,33,30,99,70,0,0,0,0,0,0,0,19,88,2,0,91,61,60,38,99,64,0,0,0,0,0,0,56,0,44,40,0,91,60,60,38,99,99,99,0,67,0,98,0,56,0,78,2,0,44,35,60,38,99,74,74,0,58,0,99,0,58,12,80,0,0,91,60,60,38,99,99,99,0,0,0,0,0,56,0,99,1,1,99,99,99,99,50,50,50,50,6,15,38,0,0,0,49,24,115,116,114,105,107,101,114,112,105,51
92,34,13,27,99,97,96,0,60,0,50,3,2,0,93,2,1,92,31,25,27,99,98,97,0,27,7,9,3,11,0,88,2,1,92,34,0,26,98,94,93,0,39,10,0,3,82,4,84,2,0,96,23,28,40,96,99,82,0,0,0,0,0,81,8,84,2,0,70,23,28,40,96,99,85,0,0,0,0,0,9,0,93,2,0,69,23,28,40,96,99,88,0,0,0,0,0,1,8,99,4,0,99,50,95,60,50,50,50,50,1,13,49,99,0,0,48,12,65,109,98,105,83,89,78,84,72,49
99,62,25,50,99,99,0,0,32,0,0,3,60,12,76,10,0,99,82,27,36,99,93,0,0,32,0,18,0,59,28,98,2,0,99,45,27,51,99,99,0,0,32,99,0,3,58,16,99,2,0,99,62,25,50,99,99,0,0,32,0,0,3,28,12,71,10,1,99,82,27,36,99,93,0,0,32,0,18,0,27,20,98,2,1,99,45,27,51,99,99,0,0,32,99,0,3,26,16,99,2,1,0,0,0,0,50,50,50,50,3,8,34,0,0,0,8,12,69,80,73,65,78,79,32,49,48,32
85,63,24,25,99,96,92,0,54,0,0,0,51,4,81,16,0,99,60,39,45,99,96,0,0,54,0,0,0,57,8,99,8,0,37,32,24,36,99,96,92,0,54,0,0,0,43,8,85,4,0,99,34,20,35,99,92,89,0,49,0,0,0,2,0,79,8,0,99,46,0,28,99,93,87,0,99,0,0,0,9,8,88,4,0,47,33,20,35,99,92,84,0,49,0,0,0,2,4,99,41,31,94,67,95,60,50,50,50,50,18,15,38,33,17,71,40,12,79,82,67,72,69,83,84,82,65,76
87,29,22,4,99,95,0,0,13,0,18,3,56,16,95,2,0,69,55,19,35,99,94,0,0,12,0,6,0,89,4,83,2,0,80,51,18,44,99,94,0,0,99,0,0,15,67,4,99,2,0,60,24,22,4,99,91,0,0,8,0,25,3,27,12,99,2,0,74,38,17,35,99,95,0,0,99,0,0,7,65,8,74,0,99,88,32,18,48,99,96,0,0,99,0,0,3,11,8,99,2,0,99,99,99,99,50,50,50,50,10,4,35,0,0,0,49,12,103,101,110,101,115,105,115,32,32,49
30,41,49,40,99,0,0,0,51,99,0,0,65,3,96,2,2,79,41,99,32,99,0,0,0,51,99,0,0,57,28,99,4,0,35,99,99,40,99,99,99,0,41,0,38,5,25,0,90,8,1,35,99,99,40,99,99,99,0,41,0,38,5,25,0,97,2,1,35,99,99,40,99,99,99,0,41,0,38,5,73,0,90,8,0,35,99,99,40,99,99,99,0,41,0,38,5,57,0,94,2,0,99,99,99,99,50,50,50,50,30,5,35,50,16,10,40,24,83,79,70,84,32,84,79,85,67,72
0,40,38,28,93,90,82,0,27,0,54,5,32,0,76,10,0,64,37,14,26,93,92,88,0,20,0,21,5,24,0,84,2,0,66,49,43,27,93,91,88,0,36,0,23,5,26,0,81,2,0,45,56,7,43,99,98,0,0,27,0,9,3,33,4,99,2,0,75,33,26,16,81,80,78,0,30,0,27,9,92,0,96,2,0,49,48,15,43,99,96,0,0,27,0,9,3,89,4,99,4,0,97,61,80,70,82,38,50,50,1,7,29,11,38,0,24,12,79,66,32,83,116,114,105,110,103,50
95,76,99,99,99,43,43,39,80,62,40,0,57,3,96,24,0,93,99,99,99,99,99,99,0,0,0,0,0,8,3,99,6,1,93,99,99,69,99,99,99,0,22,0,54,12,56,3,99,2,0,93,99,99,68,99,99,99,0,0,0,0,0,48,3,99,4,50,95,50,99,67,94,80,80,0,27,0,0,0,112,0,99,0,98,95,99,99,74,99,99,99,0,27,99,0,0,0,0,91,0,0,99,99,99,99,49,50,50,50,23,15,15,2,11,0,41,12,79,76,68,32,66,45,51,32,33,33
58,247
240,67,0,9,32,0
41,41,39,36,99,90,83,0,52,8,35,0,4,1,69,12,3,46,37,39,36,99,95,92,0,52,8,14,12,116,1,67,6,0,54,26,0,45,99,98,90,0,46,4,13,3,59,4,86,1,23,46,18,17,57,99,90,85,0,0,0,0,0,114,4,99,1,0,54,16,0,19,99,98,97,0,39,7,6,3,104,4,60,4,0,35,22,18,48,99,96,85,0,39,0,0,0,115,8,91,1,1,80,98,99,99,45,51,50,50,0,7,32,39,4,0,40,12,70,108,117,118,80,117,115,104,50,92
16,99,7,37,99,99,77,0,0,0,0,0,56,4,94,13,95,99,99,99,14,99,99,99,0,0,0,0,0,56,4,90,6,32,1,21,99,12,99,75,75,0,0,0,0,0,56,16,90,6,68,1,21,99,10,99,75,75,0,0,0,0,0,64,16,90,10,11,99,99,99,99,99,99,99,0,0,0,0,0,96,0,0,2,0,99,99,99,99,99,99,99,0,0,0,0,0,56,0,0,2,0,3,94,35,0,25,25,25,39,21,15,0,99,0,11,58,24,68,73,83,84,79,82,84,73,79,78
99,85,35,33,99,85,0,0,32,0,0,0,60,12,96,22,0,99,50,35,34,99,95,0,0,32,0,0,0,42,4,88,6,0,99,85,37,30,99,85,0,0,32,0,0,0,59,4,0,16,0,99,50,35,34,99,90,0,0,32,0,0,0,98,4,90,2,0,95,82,49,20,99,85,90,0,32,0,0,0,59,8,0,10,0,99,50,35,35,99,90,0,0,32,0,0,0,18,8,90,2,0,99,99,99,99,50,50,50,50,4,14,0,0,0,0,112,36,42,77,101,116,97,108,108,102,111,110
94,27,11,26,94,79,0,0,0,0,0,0,61,13,87,2,0,97,60,99,33,99,0,0,0,52,0,31,3,60,28,81,5,0,95,30,18,36,99,70,0,0,0,0,0,0,60,12,99,2,0,94,35,29,35,99,74,0,0,58,4,37,3,61,8,78,2,0,94,31,82,38,98,75,0,0,52,8,0,3,61,8,70,2,0,99,25,21,36,99,70,0,0,0,0,0,0,60,8,99,2,0,65,61,95,60,49,51,50,50,10,14,34,33,0,0,25,24,123,123,72,97,114,112,46,66,125,125
99,39,39,17,99,99,99,0,0,0,0,0,56,0,64,2,0,99,39,39,21,99,99,99,0,53,0,0,3,56,0,86,1,0,76,14,26,21,99,75,0,0,0,0,0,0,61,0,90,4,0,99,39,39,17,99,99,99,0,0,0,0,0,56,0,79,2,0,99,39,39,0,99,99,99,0,22,0,0,3,56,0,74,1,2,85,14,26,21,99,75,0,0,0,0,0,2,5,0,90,2,0,99,99,99,99,50,50,50,50,2,15,34,0,0,0,25,12,42,66,97,99,107,108,105,110,101,50
21,24,40,59,99,99,99,0,0,0,0,0,56,0,91,8,0,95,21,99,59,0,99,99,0,0,0,0,0,56,0,99,0,0,24,24,25,59,99,99,0,0,0,0,0,0,56,0,99,4,0,93,99,35,59,99,97,99,0,0,0,0,0,61,0,99,2,0,39,25,29,59,99,92,0,0,0,0,0,0,56,0,83,10,0,99,44,99,59,99,94,58,0,0,0,0,0,60,0,99,2,0,99,99,99,99,50,50,50,50,12,13,35,0,0,0,49,24,80,80,71,32,83,89,78,32,50,32
98,87,19,0,87,86,0,0,32,0,0,0,43,28,60,18,0,95,95,0,0,99,99,99,0,32,0,0,0,75,28,99,0,0,95,92,26,60,99,99,0,0,32,0,0,0,59,8,99,1,17,98,87,0,0,87,86,0,0,32,0,21,0,59,4,85,10,0,95,95,0,0,99,96,89,0,32,0,0,0,51,12,99,0,0,95,92,28,60,99,85,0,0,32,0,0,0,67,12,99,1,0,0,0,0,0,50,50,50,50,2,11,11,0,0,99,0,24,83,84,69,86,73,32,67,76,65,86
95,28,14,27,97,90,49,0,5,0,0,12,41,16,98,6,0,93,29,35,47,97,90,55,0,41,0,37,1,56,12,89,2,0,71,28,24,48,99,90,57,0,39,99,99,11,56,8,99,8,0,80,28,29,13,99,90,0,99,32,46,99,6,50,16,83,14,0,71,28,24,14,99,90,57,0,39,0,55,8,65,0,84,6,0,88,31,20,41,97,88,0,0,47,0,0,0,57,0,99,2,0,0,0,0,0,50,50,50,50,10,14,35,0,0,0,7,12,70,32,76,79,73,68,32,32,32,32
60,40,8,39,99,0,0,0,0,0,0,0,88,3,99,0,0,69,29,39,39,99,39,0,0,60,0,99,0,112,3,99,2,50,69,52,39,39,99,59,0,0,0,0,0,0,4,3,99,22,0,65,28,39,39,99,19,0,0,0,0,0,0,0,3,99,2,50,38,29,59,29,99,29,0,0,0,0,0,0,0,0,99,2,0,49,38,39,39,99,59,0,0,0,0,0,0,112,0,99,2,0,99,99,99,99,50,50,50,50,31,15,35,0,0,0,49,24,111,108,121,109,112,117,115,32,32,32
60,45,29,65,99,91,0,99,46,14,0,0,63,12,72,44,0,60,45,29,68,99,91,0,99,46,29,36,0,56,8,75,14,0,99,38,26,74,99,96,0,99,46,6,0,3,60,4,88,2,0,99,32,42,57,99,0,0,0,46,5,0,0,56,28,92,2,0,53,99,99,44,99,99,99,0,46,7,0,12,58,4,79,4,0,88,99,26,15,99,99,99,0,46,14,0,3,56,0,78,1,12,99,99,99,99,50,50,50,50,14,7,36,23,7,0,49,12,83,89,78,66,65,82,79,81,32,32
38,11,6,21,99,82,70,0,53,0,8,0,56,12,70,8,0,39,12,14,23,99,83,0,0,60,0,14,0,56,8,68,1,65,37,13,20,25,99,83,82,0,53,0,6,0,56,12,74,2,0,38,15,15,28,99,85,0,0,53,0,13,0,56,8,68,1,51,30,17,8,30,92,80,99,0,58,0,20,0,40,0,87,0,0,58,0,0,32,99,97,95,0,0,0,0,0,56,4,99,1,0,9,4,19,62,50,50,50,50,15,7,10,0,3,0,57,36,39,65,105,114,121,39,32,32,32,32
99,19,30,3,99,30,0,0,0,0,0,0,58,4,93,2,1,40,20,0,33,99,61,0,0,0,0,0,0,56,0,78,1,60,40,19,0,33,99,41,0,0,0,0,0,0,58,8,99,2,0,94,50,30,40,99,40,0,0,0,0,0,0,58,12,60,20,0,94,30,30,40,99,40,0,0,0,0,0,0,56,0,99,2,1,94,30,30,40,99,40,0,0,0,0,0,0,56,0,99,2,0,99,99,99,99,50,50,50,50,26,14,35,0,0,0,49,24,115,116,97,114,83,116,114,103,32,50
95,56,24,55,99,28,0,0,36,0,65,0,63,28,84,18,0,99,0,0,0,99,0,0,0,52,75,0,0,56,20,84,2,0,90,42,7,55,99,30,0,0,0,0,0,0,59,8,98,10,0,88,96,32,30,99,65,0,0,0,0,0,0,62,12,95,0,0,99,20,0,0,99,0,0,0,0,0,0,0,63,0,87,0,0,95,62,17,57,99,95,32,0,36,57,11,3,63,0,99,0,0,99,99,99,99,50,50,50,50,15,15,35,0,0,0,49,12,67,104,111,112,112,101,114,66,97,115
89,41,99,42,99,59,0,0,0,0,0,0,57,12,73,62,0,89,68,99,42,99,50,0,0,0,0,0,0,57,12,80,16,0,89,33,29,42,99,49,0,0,0,0,0,0,57,12,58,26,0,89,20,99,42,99,58,0,0,0,0,0,0,112,0,90,0,0,89,30,99,42,99,48,0,0,0,0,0,0,56,0,80,0,0,89,0,99,42,99,49,0,0,0,0,0,0,58,12,99,1,5,99,99,99,99,50,50,50,50,27,7,35,0,0,0,48,24,103,108,111,99,107,114,101,101,32,32
75,57,96,12,99,65,99,0,54,0,0,0,57,0,84,8,0,61,63,97,23,99,70,99,0,54,0,0,0,57,0,55,12,0,69,50,95,25,99,70,90,0,54,0,0,0,57,0,84,4,0,92,32,53,34,99,86,0,0,0,0,0,0,58,0,98,3,7,61,48,99,0,99,73,97,0,16,0,3,0,57,0,78,4,0,85,40,46,35,99,83,0,0,0,0,0,0,58,0,88,3,7,94,67,95,60,50,50,50,50,1,15,99,0,79,71,8,12,83,113,114,69,99,104,111,46,50,32
95,49,28,24,94,79,0,0,60,54,0,1,119,20,99,30,0,95,36,99,28,99,70,0,0,52,0,35,3,100,20,79,6,0,95,33,49,33,99,70,0,0,0,0,0,0,43,28,99,2,0,95,50,44,10,99,70,0,0,58,0,37,0,115,12,79,20,0,69,46,99,12,99,70,0,0,52,8,0,3,27,12,79,2,0,66,25,30,30,99,94,0,0,60,0,0,0,59,8,99,0,0,94,68,95,60,50,50,50,50,10,14,34,33,0,0,25,24,83,105,108,118,101,114,72,97,114,112
80,35,45,40,99,97,95,0,50,0,10,0,16,0,95,4,0,80,35,45,40,99,97,95,0,58,0,15,0,56,0,70,1,59,85,32,45,40,99,99,75,0,0,0,0,0,56,4,99,2,0,80,35,45,40,99,97,95,0,41,0,10,0,112,0,95,4,0,80,35,45,40,99,97,95,0,48,0,10,0,56,0,65,1,28,90,33,40,40,99,99,85,0,98,0,0,0,112,4,99,2,0,84,99,99,99,50,50,50,50,3,8,45,40,25,0,41,24,80,101,114,107,121,32,32,32,48,51
46,51,71,27,50,99,91,0,0,0,0,0,115,24,79,2,0,46,51,71,27,50,99,91,0,0,0,0,0,3,0,99,2,0,46,51,71,27,50,99,91,0,0,0,0,0,59,24,89,2,0,46,51,71,27,50,99,91,0,0,0,0,0,59,8,99,2,0,46,51,71,27,50,99,91,0,0,0,0,0,59,28,58,28,0,46,51,71,27,50,99,91,0,0,0,0,0,83,8,99,2,0,94,67,95,60,50,50,50,50,4,6,15,33,0,0,40,24,82,72,79,68,69,83,32,80,65,68
78,49,38,33,99,85,0,0,38,0,30,0,75,8,56,28,0,54,34,27,39,99,81,0,0,15,0,21,4,68,8,68,14,0,56,69,10,47,99,97,0,0,25,0,41,4,53,12,87,2,0,80,14,13,40,99,91,0,0,15,0,0,4,63,12,99,1,0,54,34,27,39,99,81,0,0,15,0,21,4,108,28,82,18,0,80,15,13,40,99,91,0,0,15,0,0,4,63,12,99,1,1,82,99,99,99,51,50,50,50,14,13,35,0,0,0,0,12,70,97,122,101,71,117,105,116,46,51
95,29,20,50,99,95,0,0,41,0,19,0,59,27,89,2,0,95,20,20,50,99,95,0,0,0,0,0,0,27,0,99,2,1,95,29,20,50,99,95,0,0,0,0,0,0,59,27,92,2,0,95,20,20,50,99,95,0,0,0,0,0,0,75,8,99,0,99,95,50,35,78,99,75,0,0,0,0,0,0,59,11,20,28,0,96,25,25,67,99,75,0,0,0,0,0,0,115,8,91,2,0,94,67,95,60,50,50,50,50,5,6,12,0,0,99,56,24,87,65,84,69,82,70,65,76,76,50
94,35,32,17,99,51,99,99,55,10,0,3,42,28,88,0,1,99,60,46,19,99,93,76,0,0,0,0,0,58,28,99,0,0,99,88,94,99,99,68,51,99,0,0,0,0,58,20,99,7,92,99,90,50,99,99,74,37,66,54,0,0,0,4,31,99,63,0,27,85,57,99,99,76,30,0,54,0,0,0,49,4,99,2,0,99,80,25,45,99,99,0,0,0,0,0,0,58,0,99,1,0,94,67,95,60,50,50,50,50,16,6,34,10,9,0,24,24,60,80,108,117,107,62,32,32,32,127
99,99,99,4,99,99,99,0,0,0,0,0,61,0,19,4,0,99,99,99,12,99,99,99,0,0,0,0,0,61,0,30,1,77,99,99,99,28,99,99,99,0,0,0,0,0,61,0,72,2,51,51,19,55,42,86,0,0,0,0,0,0,0,56,0,93,4,12,99,99,99,99,99,99,99,0,0,0,0,0,56,0,0,2,0,99,99,16,60,99,99,99,0,0,0,0,0,57,0,90,0,0,98,98,39,98,52,0,94,0,17,15,99,0,99,99,53,0,77,79,84,79,82,67,89,67,76,69
55,99,99,99,99,99,99,0,0,0,0,0,56,0,61,10,1,54,99,99,99,99,99,99,0,0,0,0,0,112,0,71,0,2,60,99,99,99,99,99,99,0,0,0,0,0,0,0,99,2,1,54,99,99,99,99,99,99,0,0,0,0,0,56,0,65,10,0,54,99,99,99,99,99,99,0,0,0,0,0,56,0,71,0,0,61,99,99,99,99,99,99,0,0,0,0,0,56,0,99,2,0,99,99,99,99,50,50,50,50,2,8,35,0,0,0,49,36,65,67,67,79,82,68,69,79,78,32
77,9,7,45,99,97,97,0,67,0,37,2,40,0,76,8,0,77,9,7,45,99,97,97,0,69,0,41,2,64,0,70,4,0,77,9,7,45,99,96,95,0,69,0,31,2,72,0,68,2,0,87,6,6,54,99,90,90,0,56,0,0,3,112,0,99,1,51,77,6,4,45,99,99,99,0,51,0,39,5,112,0,78,4,0,87,6,15,54,99,90,90,0,39,0,0,7,80,0,99,2,0,97,75,94,67,50,50,50,50,1,15,30,0,4,0,57,24,65,110,97,108,111,103,83,113,114,49
43,42,20,24,88,0,0,32,41,0,0,0,113,24,84,46,0,99,26,25,40,99,75,0,0,0,0,0,0,1,0,99,2,0,95,78,21,44,99,69,0,69,0,0,0,0,26,16,74,4,0,96,25,25,38,99,75,0,0,0,0,0,0,58,0,99,2,0,68,16,34,37,99,99,46,0,0,0,0,0,58,12,67,30,0,96,26,25,54,99,75,0,0,0,0,0,0,114,0,99,1,27,94,67,95,60,50,50,50,50,4,7,21,39,0,0,72,24,80,112,103,83,121,110,56,32,32,32
95,30,20,21,99,95,43,0,41,0,19,0,114,8,99,2,0,95,21,20,33,99,95,65,0,0,0,0,0,3,9,99,2,0,95,30,20,23,99,95,43,0,0,0,0,0,61,12,99,2,0,95,20,20,33,99,95,46,0,0,0,0,0,58,8,99,2,0,95,51,35,54,99,75,33,0,0,0,0,0,61,8,99,28,0,73,21,99,33,99,75,44,0,0,0,0,0,83,8,96,2,0,99,99,99,99,50,50,50,50,4,7,30,33,30,0,25,12,65,114,99,116,105,99,75,101,121,115
98,87,0,0,87,86,0,0,32,0,21,0,59,4,53,50,0,95,95,54,0,99,96,89,0,32,0,0,0,43,12,94,0,0,95,92,28,60,99,90,0,0,32,0,0,0,59,16,84,16,0,98,87,0,0,87,86,0,0,32,0,21,0,59,16,81,0,0,95,95,0,0,99,96,89,0,32,0,0,0,3,16,92,0,0,95,92,28,60,99,90,0,0,32,0,0,0,3,21,99,0,0,0,0,0,0,50,50,50,50,16,11,30,0,0,0,36,24,67,76,65,86,73,78,69,84,32,53
99,90,34,44,99,78,11,0,54,0,0,0,3,8,99,40,0,99,28,37,41,99,85,0,0,0,0,0,0,2,24,94,8,0,99,92,17,44,99,78,11,0,54,0,0,0,11,16,99,6,0,99,26,23,41,99,85,0,0,0,0,0,0,60,8,99,2,0,99,90,34,44,27,78,11,0,54,0,0,0,59,16,99,40,0,99,28,37,41,99,85,0,0,0,0,0,0,59,24,94,8,0,99,84,95,60,50,50,50,50,13,15,34,82,0,99,40,12,69,76,69,67,72,65,82,80,83,73
64,61,22,53,99,99,99,0,46,0,56,0,56,0,39,7,61,50,38,57,99,47,82,93,0,0,0,0,0,106,4,78,2,1,52,68,34,65,85,91,95,0,0,0,0,0,72,8,99,6,0,21,53,22,75,56,99,99,0,46,0,0,0,56,4,40,31,44,42,34,41,74,85,88,99,34,0,0,18,0,17,4,99,2,0,53,33,34,60,99,99,95,0,36,0,0,0,32,4,99,4,0,99,99,99,99,50,50,50,50,3,5,35,48,49,0,32,12,68,46,66,45,45,87,65,72,72,32
23,18,12,20,95,92,88,0,0,0,0,0,41,8,91,24,0,28,21,10,30,80,70,60,0,0,0,0,0,48,12,99,8,0,9,34,14,26,81,79,76,0,0,0,0,0,25,1,86,24,0,26,21,13,33,90,80,70,0,0,0,0,0,32,0,99,8,0,16,20,8,20,97,92,94,0,0,0,0,0,89,4,76,24,0,28,21,10,30,80,70,60,0,0,0,0,0,104,0,99,8,0,99,99,99,99,50,50,50,50,4,8,9,85,4,60,24,0,94,87,97,116,101,114,94,32,32,32
98,12,71,0,98,0,32,0,46,18,0,6,43,0,88,2,0,57,33,71,99,99,99,99,0,15,0,0,4,19,12,92,1,17,99,99,99,28,99,99,99,0,46,0,18,3,83,0,78,2,0,45,12,0,67,99,99,99,0,46,0,0,12,75,0,78,1,23,99,50,0,28,99,38,48,0,15,0,0,4,63,0,92,8,0,58,99,99,99,99,99,99,0,46,0,0,4,19,0,99,2,1,99,99,99,99,50,50,50,50,5,13,43,0,1,0,64,12,39,66,97,109,98,111,111,39,72,77
98,75,0,56,99,37,12,0,0,0,0,0,56,0,53,20,0,99,26,29,44,99,60,21,2,0,0,0,0,56,0,99,0,0,51,28,49,36,97,85,67,0,0,0,0,0,16,12,87,2,2,46,61,21,25,99,90,50,0,70,0,76,0,104,0,99,1,0,34,62,63,29,93,97,97,0,0,0,0,0,24,0,69,2,0,43,72,45,36,88,93,90,0,62,0,83,0,72,4,99,2,0,99,99,99,99,50,50,50,50,5,14,27,45,8,0,33,24,67,101,110,116,114,83,116,97,114,115
104,247
240,67,0,9,32,0
93,67,73,27,99,21,0,0,7,0,0,0,56,28,84,2,0,95,70,61,25,99,67,19,0,0,0,0,0,56,3,78,28,0,97,48,44,35,99,95,0,0,0,0,0,0,56,16,99,0,0,95,31,20,54,99,80,0,0,36,36,0,0,56,14,66,22,0,99,58,37,53,99,78,0,99,0,0,0,0,56,8,70,2,0,97,35,25,38,99,75,0,0,0,0,0,0,56,28,99,2,0,94,67,95,60,50,50,50,50,10,6,60,33,0,0,24,24,76,105,103,104,116,115,80,108,117,107
99,60,99,45,99,99,99,95,15,0,0,4,113,4,75,4,0,47,60,99,45,99,99,99,0,15,0,0,4,113,4,75,4,0,52,98,26,40,99,99,90,0,15,0,0,4,113,4,99,4,0,49,41,40,40,99,98,95,0,15,0,0,4,113,0,98,8,0,36,98,26,40,99,99,90,0,15,0,0,4,113,0,98,4,0,36,41,40,40,99,98,95,0,15,0,0,4,57,0,99,2,0,99,99,99,99,50,50,50,50,24,7,33,45,7,0,48,12,83,89,78,45,79,82,67,72,32,32
8,12,15,14,99,17,91,0,34,0,99,1,60,4,92,10,0,17,88,10,0,98,98,52,0,27,0,28,1,68,0,99,0,0,17,22,34,0,99,98,97,0,39,0,29,1,74,31,92,2,0,32,99,99,22,99,99,99,0,58,3,0,0,44,0,99,1,11,99,99,4,11,99,99,91,0,60,2,0,0,119,8,85,0,0,60,67,99,22,99,66,99,0,58,0,0,15,114,0,99,1,18,84,95,95,60,52,50,50,50,11,7,35,66,32,0,24,24,68,88,32,73,110,116,114,111,32,32
72,76,10,24,99,92,0,0,0,0,0,0,88,4,71,8,0,76,73,10,20,99,92,0,0,0,0,0,4,104,0,68,2,2,56,74,10,29,99,97,36,0,46,0,2,0,112,8,87,2,0,55,15,10,40,99,92,0,0,46,0,0,0,104,4,94,2,0,56,39,23,30,98,96,95,0,46,3,1,15,8,4,80,2,0,56,56,0,43,98,98,32,0,46,0,7,0,8,4,99,4,0,94,67,95,60,50,50,50,50,1,11,34,0,15,0,40,24,78,101,120,116,32,100,97,121,32,32
75,14,51,11,99,35,0,0,39,12,12,12,61,4,73,36,0,72,85,24,32,99,90,46,0,9,0,0,5,115,8,99,2,0,72,73,24,33,99,90,0,9,9,0,0,5,3,4,90,8,0,75,63,22,7,99,26,0,43,39,12,12,12,60,8,90,6,0,72,28,33,31,99,42,69,7,39,4,12,12,58,4,99,2,0,68,28,42,39,99,92,0,0,39,12,12,12,58,4,99,0,0,99,98,75,61,50,50,50,50,22,13,26,0,0,0,33,36,68,121,110,111,42,80,105,97,110,111
99,99,99,30,99,99,99,0,0,0,0,0,56,0,78,0,0,99,99,99,43,0,0,0,99,0,0,0,0,76,0,77,1,0,99,99,99,19,99,99,99,0,0,0,0,0,56,16,99,2,0,99,99,64,75,99,79,0,0,0,0,0,0,56,0,92,4,0,99,46,36,19,99,81,0,0,0,0,0,0,56,8,68,6,0,99,99,99,33,99,99,99,0,0,0,0,0,62,12,99,2,0,99,99,99,99,50,50,50,50,15,7,35,0,0,0,49,24,79,99,116,105,76,97,116,101,32,32
50,98,98,30,99,99,99,0,0,0,0,0,56,0,66,10,0,60,98,98,40,99,99,99,0,0,0,0,0,56,0,55,2,2,60,98,98,40,99,99,99,0,0,0,0,0,56,0,99,6,1,78,98,98,35,99,99,99,0,0,0,0,0,56,0,88,6,0,60,98,98,35,99,99,99,0,56,0,58,0,56,0,99,12,0,60,98,98,40,99,99,99,0,0,0,0,0,56,0,99,2,0,72,98,98,98,46,50,50,50,22,8,31,0,21,9,33,24,80,80,71,32,54,32,32,32,32,32
99,84,43,99,99,79,0,75,10,0,0,4,106,4,77,24,0,99,57,24,41,99,99,0,99,46,4,7,0,88,16,90,0,0,99,99,22,58,99,99,0,0,0,0,0,4,115,16,99,1,0,99,43,43,25,99,0,0,0,10,0,0,4,18,4,63,12,0,99,57,23,21,99,99,0,0,46,0,0,0,40,8,90,0,0,99,99,17,49,99,99,80,0,0,0,0,0,115,16,99,1,31,99,98,75,60,50,50,50,50,3,0,28,0,0,0,32,24,80,112,71,45,83,116,114,97,116,46
99,39,21,11,99,99,99,0,0,0,0,0,56,0,67,45,99,99,42,22,13,99,99,0,0,0,0,0,0,56,0,59,61,92,99,44,23,20,99,99,99,0,0,0,0,0,56,0,54,7,39,45,99,35,32,85,99,99,99,0,0,0,0,57,0,66,21,82,99,44,21,21,99,99,0,0,0,0,0,0,56,0,99,61,57,46,99,52,99,96,99,0,0,0,0,0,0,60,12,99,31,99,99,75,64,99,50,50,50,50,17,15,87,0,99,0,34,24,83,104,97,107,101,114,32,32,32,32
45,45,30,36,65,75,99,0,39,0,30,3,112,0,99,6,1,99,65,60,36,99,90,70,0,39,0,0,15,64,0,99,2,1,99,55,35,45,99,95,90,0,39,0,0,15,24,0,99,2,1,45,45,30,36,65,75,99,0,39,0,25,3,112,12,99,6,0,99,65,60,36,99,90,70,0,39,0,0,15,96,0,99,2,0,99,55,35,45,99,90,80,0,39,0,0,15,56,0,99,2,0,98,98,98,98,50,50,50,50,3,8,43,0,0,0,48,24,45,61,93,86,91,61,45,32,32,53
73,70,60,0,99,99,97,0,32,0,21,0,59,0,47,20,0,85,70,97,0,99,65,60,0,32,0,0,0,41,0,54,16,0,95,92,28,60,99,90,0,0,48,0,60,0,62,1,59,12,0,98,87,0,0,87,86,0,0,32,0,21,0,59,8,92,8,0,95,95,0,0,99,96,89,0,32,0,0,0,51,6,68,4,0,65,27,12,70,99,90,97,0,32,0,0,0,65,16,99,2,0,27,0,0,0,50,50,50,50,16,13,28,42,7,99,24,12,75,46,67,76,65,82,73,46,32,49
99,8,98,28,97,1,78,0,15,0,2,4,17,0,79,4,1,58,56,40,41,87,95,96,0,15,0,0,4,33,0,99,8,1,99,37,40,12,99,0,0,0,15,0,0,4,61,0,80,16,0,99,10,40,39,99,0,0,0,15,0,60,4,59,0,99,4,0,58,56,40,41,87,95,99,0,15,0,10,4,119,0,70,10,0,58,56,40,41,87,95,99,0,15,0,10,4,57,0,99,8,0,99,99,99,99,50,50,50,50,4,15,27,11,17,27,32,12,66,101,108,108,115,116,114,97,100,32
53,57,37,42,99,92,56,0,55,25,0,3,2,0,54,6,0,53,67,38,42,86,92,84,0,0,0,0,0,106,0,84,10,0,67,37,20,34,74,97,94,0,0,0,0,0,18,0,81,2,0,99,99,99,99,99,99,99,0,55,63,60,0,114,8,94,1,71,93,53,31,40,82,92,90,0,54,6,0,0,1,0,88,2,0,40,30,25,29,81,98,90,0,0,0,0,0,58,8,91,1,54,99,99,99,99,50,50,50,50,2,15,33,26,14,0,40,24,101,108,107,97,82,104,114,97,112,121
90,20,20,20,99,95,90,0,39,0,0,12,114,16,90,32,0,65,25,40,20,99,99,99,0,39,0,0,12,17,4,75,1,0,90,20,20,20,99,95,90,0,39,0,0,12,90,9,80,4,0,99,20,42,42,99,99,90,0,51,0,0,15,73,12,99,16,0,70,12,20,20,99,95,90,0,39,0,0,12,98,4,85,4,0,70,25,45,45,99,78,60,0,39,0,0,12,57,5,99,16,0,99,69,75,99,50,50,50,50,8,13,30,40,10,0,32,0,83,87,73,83,83,67,76,79,67,75
99,26,0,99,99,0,0,99,25,0,0,2,4,8,99,50,0,90,46,10,99,99,85,0,85,51,0,0,4,76,16,85,18,0,99,69,50,78,99,0,0,0,0,0,0,12,3,28,99,7,68,80,70,35,52,99,90,0,0,0,0,0,8,114,12,99,2,0,85,85,21,64,99,93,0,91,24,0,5,2,90,16,99,2,0,88,85,21,66,99,93,0,0,0,0,0,3,66,8,99,1,14,99,99,99,99,51,50,50,50,6,5,32,0,0,0,56,24,84,105,110,101,67,104,105,109,101,115
47,94,29,34,82,99,0,0,0,0,0,0,114,0,99,8,0,97,47,99,33,99,29,0,0,0,0,0,0,0,0,99,8,0,47,95,29,34,65,99,0,0,0,0,0,0,114,0,99,4,0,97,46,99,33,99,29,0,0,0,0,0,0,0,0,99,4,0,44,94,29,34,82,99,0,0,0,0,0,0,66,31,18,30,28,99,30,99,27,0,27,28,12,0,12,56,0,0,0,99,2,0,99,99,99,99,51,50,50,50,31,14,35,0,0,0,49,24,76,117,110,97,114,46,66,101,108,108
90,52,25,54,99,99,99,0,7,0,0,0,59,11,66,14,0,98,10,6,62,98,99,99,0,0,0,0,0,58,11,71,2,0,87,16,19,0,99,99,99,0,47,0,20,0,63,8,68,2,0,76,16,14,64,99,94,83,0,36,0,0,0,58,15,80,0,0,77,20,25,54,99,99,99,0,39,0,0,0,60,8,77,0,0,79,11,7,67,99,99,99,1,0,0,0,0,57,3,99,2,0,94,67,95,60,50,50,50,50,17,7,28,53,0,0,9,36,69,108,99,116,83,97,120,100,32,32
87,65,8,25,91,84,61,0,50,7,6,0,66,0,97,2,0,82,15,12,35,99,89,0,0,0,0,5,0,83,8,99,2,0,91,64,21,33,99,91,68,0,49,24,42,0,40,4,89,12,62,87,63,20,41,99,90,0,0,49,3,6,0,40,8,90,6,0,85,66,18,32,99,87,68,0,47,38,38,0,57,4,93,20,40,87,32,17,40,99,89,0,0,0,0,4,0,88,8,90,8,0,99,99,99,99,59,51,51,50,5,14,21,33,12,0,32,24,69,116,104,101,114,104,97,114,112,65
99,26,55,20,99,78,0,0,41,0,0,0,56,12,0,12,0,99,75,20,8,82,48,0,0,54,0,46,0,61,0,0,2,0,99,75,20,82,82,48,0,0,54,0,21,0,56,12,92,12,0,81,40,49,49,98,92,0,0,63,0,9,0,59,20,99,4,0,99,90,55,20,99,83,0,0,68,99,18,3,59,8,69,16,0,77,60,49,74,99,92,0,0,73,0,0,0,60,12,99,1,0,98,98,98,98,50,50,50,50,8,11,0,0,0,0,0,24,88,121,108,111,112,104,111,110,101,51
99,99,54,32,99,99,0,0,33,0,25,0,0,5,58,62,0,99,25,24,11,99,82,38,0,54,0,0,0,11,13,82,20,0,99,28,37,34,99,85,0,0,0,0,0,0,11,19,99,4,0,99,42,53,31,99,99,0,0,33,99,0,0,56,9,54,62,0,99,30,34,31,99,78,11,0,54,0,0,0,59,14,89,20,0,99,28,37,24,99,85,0,0,0,0,0,0,60,27,99,4,0,99,84,95,60,50,50,50,50,3,8,7,73,0,59,123,24,66,69,76,76,83,32,32,32,32,32
89,78,99,78,99,0,0,0,0,0,0,0,56,0,51,7,36,99,91,99,79,99,0,0,0,0,0,0,0,56,0,84,5,68,95,83,99,78,99,0,0,0,0,0,0,0,56,0,78,1,0,95,83,99,81,99,0,0,27,0,0,0,0,56,0,83,3,76,95,87,99,82,99,0,0,0,0,0,0,0,56,0,85,5,15,99,48,53,55,99,92,0,0,0,0,0,0,56,0,99,3,78,99,99,99,99,50,50,50,50,17,15,35,0,0,0,49,24,75,105,99,107,68,114,109,46,51,32
33,28,44,26,99,95,0,0,39,0,0,3,73,8,94,1,77,40,27,35,45,99,90,0,0,0,0,0,0,56,0,99,16,3,34,24,44,26,99,95,0,0,39,0,0,3,89,8,99,1,72,51,27,35,45,99,90,0,0,0,0,0,0,104,0,99,16,0,31,21,44,26,99,95,0,0,39,0,0,3,25,8,99,17,75,48,27,35,45,99,90,0,0,0,0,0,0,8,0,99,16,0,71,99,99,99,99,99,99,99,3,0,62,99,42,0,41,0,76,121,110,110,115,71,104,111,115,116
61,57,25,54,99,90,89,0,63,99,0,0,57,4,99,23,68,72,10,6,62,98,99,99,0,0,0,0,0,112,12,75,14,0,98,15,7,64,99,99,99,0,39,12,15,0,56,12,58,6,22,65,16,14,50,99,99,98,0,75,7,0,0,56,12,83,0,0,95,0,26,50,99,99,99,0,99,0,12,0,58,12,79,0,0,63,11,7,65,99,99,99,0,0,0,1,0,90,12,90,2,0,94,99,99,99,50,50,50,49,17,15,32,38,9,0,41,24,82,97,115,112,112,121,32,83,97,120
25,37,34,32,99,85,0,0,39,0,0,0,3,3,87,4,0,29,39,48,61,51,99,0,0,39,0,0,4,112,24,99,4,0,99,46,39,61,99,40,99,0,39,0,86,0,57,0,98,8,0,35,42,31,37,99,63,91,0,39,0,0,4,56,0,88,6,0,64,44,35,61,99,30,0,0,39,0,0,0,56,3,82,2,0,42,44,35,43,99,30,0,0,39,0,0,0,56,8,91,18,5,0,0,0,0,50,50,50,50,11,0,53,0,0,0,56,12,83,80,65,32,54,32,65,86,32,32
95,48,28,24,94,79,0,0,60,54,0,1,71,12,89,38,0,95,35,99,28,99,70,0,0,52,0,35,3,92,16,79,10,0,95,32,49,33,99,70,0,0,0,0,0,0,27,20,99,2,0,95,50,44,10,99,70,0,0,58,0,37,0,115,0,70,40,0,95,46,99,12,99,70,0,0,52,8,0,3,43,12,79,8,0,95,32,45,31,99,70,0,0,60,0,0,0,99,20,99,2,0,83,67,95,60,49,50,50,50,2,14,34,33,0,0,25,24,68,85,76,67,73,77,69,82,32,32
24,98,79,16,54,25,88,0,28,71,95,9,99,25,57,18,42,73,29,40,52,92,1,70,0,78,4,64,13,91,4,50,14,30,33,32,83,25,37,30,50,0,59,16,52,5,58,10,94,38,87,86,33,44,9,63,91,12,0,98,43,49,10,57,14,47,9,86,33,23,74,66,80,32,98,0,31,58,6,10,84,27,82,2,24,81,43,85,52,67,51,99,0,67,26,50,13,105,6,96,20,77,75,19,91,40,88,60,78,48,1,1,76,18,56,6,38,0,83,112,97,99,101,98,105,114,100,51
97,56,24,55,93,28,0,0,0,0,0,0,57,28,85,10,80,97,0,0,0,99,0,0,0,52,75,0,0,47,12,62,0,0,90,42,7,56,90,30,0,0,0,0,0,0,93,20,93,10,0,88,96,32,33,79,65,0,0,0,0,0,0,38,12,99,1,28,97,20,0,0,99,0,0,0,41,0,0,0,23,0,80,0,0,97,62,17,58,99,95,32,0,36,57,14,3,103,0,99,0,0,94,67,95,60,50,50,50,50,15,15,35,0,0,0,48,12,70,76,65,78,71,69,66,65,83,83
99,81,50,36,99,37,20,0,0,0,0,0,3,1,99,18,0,99,17,50,37,99,98,96,0,50,0,45,0,115,0,77,2,0,99,17,50,32,99,98,96,0,0,0,0,0,3,4,93,2,0,99,50,99,37,99,49,0,0,0,0,0,0,115,12,88,6,0,99,42,99,14,99,70,0,0,0,0,0,0,3,8,66,4,0,99,35,30,35,99,70,0,0,0,0,0,0,115,13,99,2,0,94,67,95,60,50,50,50,50,10,8,40,0,0,63,40,24,70,82,69,71,78,65,32,77,65,88
99,47,99,31,90,28,0,0,0,0,17,0,8,0,99,46,0,99,99,99,0,99,99,95,0,0,0,0,0,8,0,67,2,99,70,27,16,46,90,99,94,0,62,0,99,0,104,0,74,4,0,73,85,67,39,99,79,99,0,0,0,0,0,56,2,99,1,0,50,31,9,51,99,17,94,0,0,0,0,0,112,28,86,0,0,99,99,99,42,99,99,99,0,0,0,0,0,104,0,99,1,0,99,99,99,99,50,50,50,50,1,15,23,0,11,0,33,24,73,65,73,68,65,32,32,32,32,32
60,39,8,20,99,99,99,0,0,0,0,0,57,0,84,2,0,60,39,8,20,99,99,99,0,0,0,0,0,58,0,57,2,0,94,68,24,55,96,89,0,0,0,0,0,0,57,0,65,62,99,60,39,8,20,99,99,99,0,0,0,0,0,60,0,67,0,0,60,39,28,45,99,99,99,0,0,0,0,0,60,0,93,0,0,73,70,71,65,99,99,99,0,0,0,0,0,60,4,85,50,1,98,81,95,60,55,50,50,50,17,0,48,0,0,0,105,24,83,65,77,66,65,32,87,72,73,83
10,53,20,9,99,0,99,0,32,0,0,0,0,0,99,46,32,89,49,7,2,99,0,99,0,25,0,0,0,7,0,99,20,82,99,18,38,3,99,0,99,87,21,0,0,7,1,4,99,0,0,99,49,20,62,99,95,99,0,0,0,0,0,0,16,99,10,0,9,26,21,5,99,0,99,0,36,0,0,0,112,4,99,32,78,60,0,99,52,99,95,0,0,39,0,0,0,2,8,99,1,0,53,30,78,0,0,99,0,50,16,8,18,0,0,0,10,0,79,102,102,84,104,101,87,97,108,108
72,29,17,19,99,99,99,0,18,99,5,0,98,0,77,4,0,25,29,19,29,99,99,99,0,23,99,0,0,98,0,89,4,0,44,11,8,35,96,91,0,0,21,99,0,0,82,0,90,1,47,78,48,36,55,99,87,0,0,15,0,99,0,56,20,70,28,0,75,68,9,0,99,90,0,0,12,0,99,0,58,4,93,4,0,93,35,42,58,99,93,0,0,15,0,99,3,58,0,99,4,0,94,67,27,60,50,50,50,50,10,15,30,60,32,0,16,0,66,83,47,83,116,114,105,110,103,55
109,247
240,67,0,9,32,0
99,99,99,0,99,99,99,0,0,0,0,0,56,0,59,2,0,99,99,99,0,99,99,99,0,0,0,0,0,56,0,83,1,0,48,99,99,35,99,99,99,0,46,14,0,0,56,0,99,1,75,99,99,99,0,99,99,99,0,46,7,22,3,56,0,87,2,0,99,99,99,0,99,99,99,0,46,4,6,3,56,0,70,4,0,64,99,99,99,99,99,99,0,0,0,0,0,56,0,99,4,0,99,99,99,99,50,50,50,50,3,4,35,25,12,0,49,24,39,51,100,45,79,98,111,101,72,77
92,65,21,70,35,99,46,20,39,0,0,3,116,0,56,4,0,56,81,73,17,99,53,99,0,27,0,4,15,36,12,88,4,0,56,81,73,57,99,53,99,0,39,0,25,7,60,0,98,4,0,99,64,46,70,99,67,0,20,39,0,0,3,114,3,84,3,92,56,81,73,17,99,53,99,0,39,25,15,3,28,0,74,4,0,56,81,73,57,99,53,99,0,39,0,0,7,60,0,99,4,0,99,99,99,99,51,50,50,50,2,6,37,50,50,38,16,12,86,101,108,46,84,114,117,109,112,32
99,85,64,47,99,95,0,0,0,0,0,0,58,8,98,0,28,99,74,49,47,99,95,0,0,0,0,0,0,58,8,56,10,0,99,85,64,47,99,95,0,0,0,0,0,0,58,8,73,10,36,99,74,49,47,99,95,0,0,0,0,0,0,58,16,88,4,23,99,74,49,47,99,95,0,0,0,0,0,0,58,8,66,2,73,99,74,49,47,99,95,0,0,0,0,0,0,58,0,99,2,0,57,0,99,0,52,50,50,50,15,13,35,0,0,0,49,12,74,85,78,71,76,69,68,82,85,77
63,0,12,70,99,90,99,0,60,0,0,0,57,0,75,2,0,63,0,12,70,99,90,92,0,51,0,0,0,57,0,82,2,0,40,45,27,70,99,99,95,0,51,0,0,0,58,8,72,16,0,97,80,80,70,99,90,80,0,51,0,0,0,57,0,85,16,0,63,0,12,70,99,90,99,0,51,0,0,0,57,0,85,2,0,68,40,20,70,96,95,85,0,51,0,0,0,57,8,99,12,0,0,0,0,0,50,50,50,50,15,5,37,48,36,29,41,24,77,69,76,79,45,84,79,78,69,55
99,0,99,50,99,99,99,0,44,0,0,8,56,0,97,0,0,99,84,99,93,99,99,37,0,63,0,55,0,56,0,97,0,0,97,60,60,0,99,80,0,0,70,98,0,0,56,0,99,21,20,98,80,35,0,99,90,0,0,27,0,99,0,32,0,96,1,83,99,62,0,0,71,0,0,0,33,0,99,0,80,0,99,3,0,99,40,56,99,99,94,7,0,59,98,99,3,59,0,99,0,17,99,86,99,0,60,0,0,60,16,15,80,0,0,99,11,36,66,46,68,82,46,76,79,45,70,32
42,16,75,31,99,0,32,0,0,0,0,0,0,3,81,2,0,99,11,71,31,99,0,32,0,0,0,0,0,112,3,99,2,0,98,12,71,29,99,0,32,0,0,0,0,0,10,0,77,4,75,95,33,71,28,99,0,32,0,0,0,0,0,18,0,99,2,0,98,12,71,29,99,0,32,0,0,0,0,0,82,0,80,4,75,95,33,71,28,99,0,32,0,0,0,0,0,74,0,99,2,0,67,95,95,60,50,50,50,50,4,7,35,0,0,99,99,24,84,85,66,45,69,67,72,79,32,32
10,38,0,0,99,78,0,0,41,24,0,3,63,3,93,60,0,85,64,0,8,82,48,0,0,32,0,0,0,61,20,99,6,0,90,65,0,82,82,48,0,0,0,0,17,0,57,20,99,14,0,86,30,34,46,99,80,0,0,0,0,0,0,89,8,99,2,0,75,45,36,25,99,87,0,0,0,0,9,15,45,20,78,16,0,89,33,35,28,99,80,0,0,43,99,0,3,91,8,99,1,18,94,67,95,60,50,50,50,50,8,15,21,0,0,0,33,12,80,114,112,114,100,80,105,97,110,92
51,52,99,39,99,78,99,0,0,0,0,0,92,16,87,2,99,80,39,49,49,99,99,99,0,0,0,0,0,56,0,99,1,7,89,18,39,40,99,40,49,0,0,0,0,0,40,0,99,0,0,38,20,49,38,99,25,99,0,60,0,99,0,58,12,99,16,0,78,20,49,38,99,58,39,0,0,0,0,0,72,0,99,0,0,48,15,39,39,99,13,99,0,0,0,0,0,56,0,99,8,0,99,99,99,99,52,50,50,50,21,6,35,0,0,0,49,24,97,110,111,98,114,97,115,115,32,32
87,77,99,69,99,86,0,0,41,0,0,4,56,4,99,55,35,99,39,62,28,99,99,66,0,0,0,0,12,56,8,99,1,39,87,77,99,69,99,86,0,0,41,0,0,4,56,8,99,63,34,99,39,62,28,99,99,66,0,0,0,0,12,32,8,99,41,42,87,77,99,69,99,86,0,0,41,0,0,4,80,16,99,23,31,99,39,62,28,99,99,66,0,0,0,0,12,56,4,99,1,33,98,98,98,98,50,50,50,50,5,15,4,0,0,0,65,24,67,97,115,116,101,110,101,116,32,32
36,25,49,31,99,68,0,0,49,0,0,0,56,8,62,32,75,37,22,22,50,99,22,15,0,49,0,0,0,104,12,99,10,0,36,36,22,44,99,42,37,0,49,0,0,0,88,1,44,56,0,42,16,33,41,99,32,0,0,49,0,5,0,48,0,99,10,0,25,24,22,27,99,66,0,0,49,0,0,0,88,0,36,30,0,35,18,22,35,99,80,43,0,49,0,0,0,0,0,99,10,0,99,99,99,99,50,50,50,50,9,12,39,0,6,38,24,19,80,76,65,78,46,73,67,69,32,65
99,84,22,90,99,0,0,0,0,0,0,0,112,0,99,7,30,99,54,22,90,99,75,99,0,0,0,0,0,112,0,64,4,0,99,59,99,90,99,70,70,0,0,0,0,0,112,0,99,6,0,99,80,54,82,99,99,99,0,0,0,0,0,88,1,99,2,50,99,20,22,90,99,99,97,0,0,0,27,0,64,1,99,2,0,99,80,22,90,99,99,99,0,0,0,0,0,56,1,99,0,1,99,99,99,99,50,50,50,50,30,15,40,0,0,0,32,24,69,46,79,82,71,65,78,32,49,65
78,75,72,69,99,64,48,99,0,0,0,0,58,11,88,10,0,34,27,24,17,99,19,99,0,0,0,0,0,57,11,99,2,0,94,24,16,40,99,51,0,0,0,0,0,0,56,11,99,1,2,80,60,53,50,99,40,97,0,0,0,0,0,60,19,91,0,99,94,24,16,40,99,51,0,0,0,0,0,0,56,8,99,0,0,94,24,16,40,99,51,0,0,60,0,99,0,56,0,99,6,48,92,99,99,99,54,50,50,50,25,11,38,32,19,0,57,24,67,65,78,84,79,82,65,72,32,32
39,33,13,33,76,88,0,0,15,0,0,4,88,0,94,0,0,26,30,21,39,99,0,0,0,15,0,20,4,33,0,48,20,0,25,37,15,47,99,97,0,0,15,0,20,4,18,0,85,0,0,82,24,25,49,99,91,0,0,15,0,0,4,61,0,99,0,0,34,32,15,44,99,97,0,0,15,0,20,4,56,0,86,0,0,82,25,25,40,99,91,0,0,15,0,0,4,59,0,99,0,0,99,99,99,99,51,50,50,50,26,5,32,59,2,0,16,24,94,79,117,121,103,117,101,50,32,32
25,21,98,26,99,0,99,1,37,11,87,11,56,0,93,0,0,66,69,60,22,0,0,98,5,0,4,1,0,56,0,85,1,16,17,21,98,29,99,0,99,3,34,21,29,2,64,0,84,2,0,66,69,60,35,0,0,98,1,2,0,0,1,48,4,66,1,5,25,21,98,38,99,0,99,2,42,11,24,2,8,0,91,0,0,66,69,60,35,0,0,98,0,0,0,1,4,48,0,96,0,0,99,99,99,99,50,50,50,50,2,2,36,96,0,2,17,24,32,83,119,105,114,108,115,32,32,32
99,18,13,26,99,98,97,0,53,3,14,3,32,12,71,32,0,88,54,13,24,99,93,68,0,64,3,25,3,35,12,78,14,0,77,73,17,26,99,82,53,0,46,0,7,0,32,12,82,8,0,78,35,27,39,99,89,0,0,19,0,2,0,34,16,99,2,0,99,57,7,27,99,93,90,0,26,0,2,0,72,4,79,4,0,75,34,21,43,99,89,0,0,19,0,6,0,56,16,97,4,0,99,99,99,99,50,50,50,50,1,7,25,37,19,0,16,24,80,108,101,99,116,114,97,83,121,110
67,77,14,0,30,99,82,0,60,0,52,12,24,0,77,8,0,99,73,13,39,17,99,0,0,0,0,0,0,56,0,80,1,8,53,74,10,0,0,99,99,0,0,0,0,0,56,0,64,20,0,99,15,10,36,99,99,99,0,46,82,42,2,88,0,71,16,0,99,13,7,0,99,99,99,0,0,0,0,0,8,0,82,2,0,94,55,12,41,99,99,99,0,39,60,0,3,56,0,80,2,0,99,99,99,99,50,50,50,50,4,15,32,53,50,0,24,12,42,69,110,115,101,109,98,108,101,51
69,27,18,50,98,94,60,91,36,0,20,0,86,16,87,2,0,69,37,14,99,99,65,0,90,32,0,32,0,86,12,49,18,0,89,64,51,89,99,51,0,62,63,10,0,0,38,16,99,5,38,80,28,11,55,99,98,0,0,46,0,0,12,53,12,99,2,0,55,60,17,65,99,67,0,86,51,13,0,0,62,20,99,32,5,96,50,13,47,94,80,0,0,60,23,0,0,63,16,94,8,0,94,67,95,60,50,50,50,50,12,14,6,33,0,0,8,24,75,110,111,99,107,82,111,97,100,32
94,97,99,99,99,99,0,0,0,0,0,0,58,20,92,22,87,72,64,99,99,99,0,0,0,0,0,0,0,58,24,99,0,19,99,26,99,14,99,17,0,0,0,0,0,0,114,12,99,0,51,99,99,99,14,99,99,99,0,0,0,0,0,114,8,66,0,82,99,99,99,19,99,99,99,0,0,0,0,0,58,8,71,6,3,99,70,28,39,99,98,0,0,0,0,0,0,58,24,99,0,0,99,99,99,99,50,50,50,50,16,15,35,0,0,0,49,0,32,84,65,73,75,79,45,49,32,32
80,73,15,10,99,19,0,0,53,0,0,12,115,20,84,0,0,98,20,6,2,91,90,0,0,41,0,27,3,10,4,87,2,0,90,64,28,45,99,97,0,0,46,0,27,0,115,8,95,2,0,94,80,19,12,83,67,0,0,43,9,20,3,11,12,99,26,2,98,36,6,32,91,90,0,0,50,22,50,3,114,0,85,2,0,90,30,28,45,99,95,0,0,32,0,0,0,5,12,86,2,0,0,0,0,0,50,50,50,50,2,12,45,0,27,0,0,12,80,73,65,46,66,65,83,84,82,46
98,2,26,27,98,0,0,0,41,0,24,0,61,4,73,62,56,99,50,26,19,99,0,0,0,80,0,0,7,62,4,73,13,0,65,31,17,30,99,75,0,0,41,0,15,3,60,24,87,62,33,99,77,26,23,99,72,0,0,0,0,0,4,34,0,85,18,17,99,76,26,23,99,72,27,0,41,0,88,4,84,4,28,14,0,91,36,98,33,99,0,0,0,0,0,0,0,62,28,99,4,0,98,98,75,60,50,51,50,50,15,15,11,0,16,0,32,24,72,97,105,114,45,107,114,32,77,83
36,25,49,31,99,41,0,0,0,0,0,0,56,8,62,32,75,37,22,22,50,99,22,15,0,0,0,0,0,104,12,99,10,0,72,36,22,44,99,43,37,0,0,0,0,0,56,0,94,1,36,39,37,17,20,99,95,32,0,36,0,0,3,60,12,99,2,0,28,40,32,36,99,99,46,0,41,0,0,0,59,0,87,8,0,28,40,32,36,99,99,46,0,41,0,0,0,67,0,84,6,33,94,67,95,60,50,50,50,50,25,8,32,0,0,97,0,18,87,72,65,84,32,46,46,46,46,46
99,42,50,18,99,99,99,0,99,0,62,3,24,0,66,4,0,99,49,55,20,99,95,92,0,99,4,44,3,58,0,78,4,0,71,30,0,33,99,98,90,0,99,4,13,3,19,3,84,4,0,39,7,9,14,99,97,86,0,50,7,0,0,84,8,99,1,0,75,7,7,14,94,99,98,0,39,3,6,0,32,0,82,6,1,44,11,0,36,99,99,92,0,50,7,0,0,4,11,99,1,23,87,94,0,0,46,51,50,50,3,15,27,0,14,23,8,12,65,32,83,79,85,78,68,32,32,32
94,56,24,55,96,78,0,0,0,0,0,0,56,16,82,8,0,99,0,0,0,99,0,0,0,41,0,0,0,56,8,68,6,0,94,68,24,55,96,76,0,0,0,0,0,0,57,8,97,0,0,84,29,28,76,99,89,0,0,36,0,64,0,60,4,81,2,0,80,39,28,54,99,89,0,0,0,0,0,0,60,8,76,2,0,84,29,28,76,99,89,0,0,46,97,32,3,59,0,99,0,0,94,67,95,60,52,50,50,50,16,15,34,33,0,0,24,24,82,73,75,78,66,65,75,82,46,49
71,29,20,55,99,95,0,53,41,0,0,0,32,28,50,18,99,71,50,45,55,99,90,55,55,15,0,25,0,80,28,70,14,99,75,26,30,50,99,80,0,0,0,0,0,0,56,0,75,2,0,75,10,10,67,99,80,0,0,15,0,0,0,56,0,75,2,0,75,26,25,67,99,80,0,0,15,0,0,0,56,28,75,2,0,75,21,25,60,99,80,0,0,15,0,0,0,56,0,99,2,0,94,68,95,60,50,50,50,50,17,8,34,33,0,0,56,12,83,116,117,98,101,115,66,83,51,32
99,64,99,53,99,99,99,0,0,0,0,0,56,8,99,1,85,99,99,51,42,99,99,69,0,0,0,0,0,56,0,99,4,0,99,99,44,43,99,99,39,0,0,0,0,0,56,0,89,16,0,99,99,99,33,82,82,82,99,48,0,57,0,80,0,99,8,0,99,99,99,38,99,99,99,99,0,0,0,0,40,0,60,4,0,58,64,99,48,80,99,94,0,0,0,0,0,64,0,99,4,0,99,99,99,99,50,50,50,50,18,8,35,0,0,0,49,24,69,85,82,79,80,65,32,60,65,84
59,8,2,52,99,98,97,0,24,0,0,0,80,0,74,10,0,61,13,7,43,99,98,99,0,28,0,0,0,112,0,71,2,0,61,20,8,63,99,98,99,0,24,0,0,0,32,0,99,4,0,60,99,99,0,99,99,99,0,6,0,0,0,72,0,90,13,30,25,99,99,35,99,99,99,0,0,0,0,0,96,0,83,5,48,30,99,99,39,99,99,99,0,49,0,0,0,8,0,90,13,30,71,94,86,99,45,50,50,50,19,13,0,7,55,0,27,24,66,97,103,80,105,112,101,115,46,56
99,71,53,47,99,73,85,0,56,0,97,0,58,16,96,4,0,50,24,55,50,99,98,99,0,0,0,0,0,56,0,99,2,99,95,70,50,32,99,74,32,0,0,0,0,0,58,8,83,10,0,95,50,50,32,99,50,32,0,0,0,0,0,56,0,99,2,0,42,42,42,42,99,99,99,0,0,0,0,0,58,0,99,0,0,42,42,42,42,99,99,99,0,0,0,0,0,24,0,99,4,0,99,99,99,99,50,50,50,50,22,14,35,63,9,0,57,24,78,111,101,108,32,111,114,50,51,32
99,9,39,29,99,59,0,0,0,0,0,0,114,12,82,2,0,49,29,19,39,99,99,99,0,0,0,0,0,56,0,99,1,9,92,29,19,40,99,99,99,0,0,0,0,0,58,12,69,14,0,92,29,19,40,99,99,99,0,0,0,0,0,1,8,99,2,0,42,42,42,42,99,42,42,0,0,0,0,0,56,0,99,2,1,42,32,42,42,99,36,42,0,0,0,0,0,56,0,99,2,0,99,99,99,99,50,50,50,50,23,14,35,0,0,0,49,24,109,111,111,110,99,104,105,108,100,51
99,20,80,37,99,71,0,0,27,0,34,3,56,22,75,46,1,99,22,99,36,99,72,72,0,27,0,0,3,56,18,89,12,1,77,99,31,35,99,99,0,0,27,0,0,3,56,13,99,10,1,99,37,29,35,99,71,0,0,27,0,21,3,56,22,89,22,0,99,12,99,38,99,72,72,0,27,0,0,3,48,18,89,8,0,78,99,31,33,99,99,0,0,27,0,0,3,56,13,95,4,0,84,95,95,60,50,50,50,50,2,8,32,0,0,0,65,24,66,69,76,76,65,46,32,32,32,32
93,5,17,30,76,51,0,0,10,32,19,0,42,0,99,24,0,99,39,0,99,99,61,0,0,15,0,4,12,40,4,91,0,0,95,99,23,84,99,99,0,0,0,0,0,4,44,8,99,4,0,99,99,47,66,99,2,0,0,38,98,90,6,72,12,70,20,0,99,39,21,30,99,85,0,0,0,0,0,4,72,4,93,0,0,80,32,18,66,99,95,0,0,0,0,0,0,76,8,99,0,0,99,98,75,60,50,50,50,50,3,0,45,30,0,0,48,24,67,108,97,118,105,110,101,116,32,49
99,27,12,25,99,60,46,0,0,0,0,0,56,0,58,10,0,99,34,38,37,99,77,0,0,0,0,0,0,56,0,0,20,0,99,44,27,52,99,55,0,0,0,0,0,0,56,0,0,38,0,93,35,28,57,99,89,34,0,0,0,0,0,56,8,99,4,0,99,54,46,53,99,78,65,0,0,0,0,0,56,0,50,40,0,99,57,42,65,99,76,29,0,0,0,0,0,56,8,85,48,0,99,99,99,99,50,50,50,50,12,8,25,0,0,0,50,24,52,57,56,32,50,56,56,49,32,32
73,20,24,50,99,27,0,0,53,0,4,12,75,4,50,0,0,61,87,99,33,99,78,98,0,49,17,33,7,115,1,81,4,0,90,87,99,33,99,78,98,0,49,17,33,7,91,5,79,2,0,61,87,99,33,99,78,98,0,49,17,33,7,59,16,99,2,0,71,87,99,33,99,78,98,0,49,17,33,7,59,4,43,6,1,43,87,99,33,99,78,98,0,49,17,33,7,59,4,90,2,0,85,92,75,60,51,49,50,50,0,15,12,0,22,8,24,12,82,111,99,107,111,117,116,32,32,32
12,247
240,67,0,9,32,0
99,46,75,61,88,44,25,0,98,0,1,4,32,0,80,20,0,99,38,75,61,88,44,25,0,66,0,33,4,56,0,86,2,0,99,38,75,61,88,44,25,0,85,0,11,4,88,0,33,0,0,99,72,75,61,99,89,98,0,92,0,0,4,48,0,98,0,0,99,38,75,61,88,44,25,0,98,0,0,4,56,0,0,20,0,99,72,75,61,99,89,98,0,99,0,0,4,56,0,99,2,0,99,99,99,99,50,50,50,50,6,13,30,23,0,0,112,36,83,79,76,79,32,32,67,76,65,86
99,66,0,24,94,0,0,0,60,0,0,1,66,12,99,12,17,95,36,23,28,99,70,0,0,52,0,0,0,94,28,85,6,0,75,99,23,39,81,99,0,0,0,0,0,0,28,16,99,2,0,95,50,50,49,99,99,0,0,58,0,37,0,11,0,85,16,0,95,77,33,12,99,91,0,0,52,8,0,3,44,8,85,4,0,35,95,29,37,65,99,0,0,0,0,0,0,99,20,99,2,0,99,99,99,99,51,48,50,50,2,14,25,33,0,0,41,24,83,116,114,117,109,32,72,97,114,112
99,55,30,38,83,45,37,0,98,0,0,0,88,0,88,56,0,55,56,25,48,98,98,68,0,98,0,0,0,96,3,92,8,0,55,50,25,38,98,98,68,0,98,0,0,0,56,0,60,4,0,55,56,25,48,98,98,68,0,33,0,16,0,56,0,92,4,0,99,55,30,46,83,45,37,0,98,0,0,0,8,3,99,32,0,55,56,25,48,98,98,68,0,98,0,0,0,8,0,79,4,0,84,95,95,60,50,50,50,50,5,15,60,0,0,0,8,12,65,108,117,109,105,110,117,109,32,32
99,99,99,0,99,89,59,0,0,0,0,0,59,3,62,12,39,99,99,99,0,99,99,99,0,0,0,0,0,57,2,53,10,0,99,46,23,37,99,76,0,0,0,0,0,0,33,1,99,2,0,99,99,99,0,99,99,99,0,66,0,37,0,1,7,57,28,0,99,99,99,0,99,99,99,0,60,0,19,0,97,0,63,8,0,53,29,23,41,99,90,0,0,35,0,8,0,73,7,92,4,0,99,99,99,99,50,50,50,50,10,11,29,64,48,4,23,36,107,105,114,97,107,105,114,97,32,32
77,51,25,87,96,91,43,86,52,3,43,3,77,12,73,48,9,77,91,84,47,99,29,89,0,58,39,9,2,67,8,83,8,9,73,34,23,51,68,58,26,0,46,12,42,3,39,16,87,56,72,75,33,28,51,99,82,0,0,32,18,6,3,69,12,98,8,9,74,66,28,51,99,55,29,0,44,15,50,15,60,8,67,0,4,75,30,26,48,99,84,0,0,22,17,8,3,93,12,99,8,9,0,0,0,0,6,6,6,6,12,14,15,3,5,0,16,24,65,84,65,75,49,54,32,80,78,79
75,73,4,31,99,99,96,0,31,3,27,3,65,0,63,22,51,70,22,8,35,99,92,87,0,0,0,0,0,49,0,90,2,50,58,46,51,50,85,85,0,0,56,15,55,12,73,0,99,2,50,63,20,53,45,99,94,97,0,0,0,0,0,113,0,65,4,50,73,26,53,25,78,61,76,0,0,0,0,0,65,0,84,4,50,52,51,57,53,99,94,0,0,48,0,25,0,26,0,96,2,50,31,60,95,98,37,52,50,50,3,7,32,36,17,0,40,17,72,97,72,97,32,86,111,105,99,101
14,72,48,17,53,47,41,0,0,0,0,0,64,8,84,6,2,31,21,36,63,99,90,85,0,0,0,0,0,48,4,99,4,1,10,19,41,12,48,58,82,9,0,0,0,0,80,12,92,2,2,31,20,99,31,99,94,97,45,0,0,0,0,112,12,99,2,0,19,26,53,25,46,56,71,46,0,0,0,0,56,14,54,8,0,31,20,53,57,99,94,97,0,0,0,0,0,0,0,99,0,0,0,60,95,60,99,51,50,50,4,15,36,36,26,2,48,24,65,67,69,78,68,32,86,79,73,67
99,99,0,81,0,99,0,0,0,0,0,0,56,12,99,18,3,99,99,0,80,11,99,30,16,0,0,0,0,56,8,99,40,2,99,99,0,80,0,99,0,0,0,0,0,0,56,4,99,12,11,99,99,0,77,6,99,0,0,0,0,0,0,56,0,97,22,0,99,99,0,72,0,99,0,0,0,0,0,0,56,12,99,12,9,99,99,0,65,0,99,0,0,0,0,0,0,56,12,99,7,0,39,37,37,19,50,0,50,50,18,8,66,10,99,28,38,48,65,82,73,65,78,69,32,51,32,32
99,20,40,20,99,85,80,95,0,0,10,0,56,28,80,26,0,99,50,40,20,99,90,85,95,0,0,0,0,56,0,75,62,0,99,30,40,20,99,90,85,95,0,0,10,0,56,8,80,4,0,55,70,30,20,99,90,85,95,0,0,10,0,56,0,95,0,0,99,99,99,99,99,99,99,90,0,0,5,0,56,8,75,2,0,60,99,99,99,99,99,99,0,0,0,0,0,56,8,99,1,0,99,99,99,99,50,50,50,50,17,13,30,0,40,0,16,24,67,77,73,32,73,73,73,32,32,32
99,68,27,27,0,0,0,72,0,0,0,0,69,19,95,12,0,86,0,4,31,97,88,99,0,0,0,0,0,50,0,99,2,0,78,0,0,35,99,92,86,0,0,0,0,0,58,15,99,6,0,99,35,55,99,99,0,0,0,33,99,0,0,56,0,0,1,28,99,51,34,9,99,34,11,0,54,0,0,0,59,16,99,32,0,99,0,18,38,99,85,70,0,0,0,0,0,61,28,2,58,0,99,84,95,60,51,52,50,50,3,15,34,0,0,99,3,12,68,111,108,98,121,46,80,112,112,103
99,79,22,90,99,0,0,0,0,0,0,0,56,0,99,1,27,99,80,22,90,99,99,99,0,0,0,0,0,16,3,94,2,0,99,80,22,90,99,99,99,0,0,0,0,0,96,0,60,1,0,99,80,54,82,99,99,99,0,0,0,0,0,88,3,84,6,0,99,54,22,90,99,0,0,0,0,0,0,0,8,0,75,12,1,99,54,22,90,99,0,0,0,0,0,0,0,56,3,91,12,0,75,80,75,60,50,50,50,50,4,15,35,0,0,0,64,12,79,114,103,97,110,69,121,101,115,92
88,34,14,67,99,80,0,99,35,0,35,0,61,12,82,18,0,66,80,14,67,99,92,0,54,0,0,0,0,61,20,94,6,0,85,56,62,40,99,46,0,0,38,0,7,0,46,4,85,55,64,88,82,18,67,99,92,0,0,0,0,0,0,60,12,99,2,0,66,75,19,53,99,86,53,63,42,0,15,0,59,20,99,2,0,88,60,24,48,99,87,0,0,0,0,0,0,37,0,99,6,0,99,99,99,99,50,50,50,50,8,14,45,0,0,0,33,12,84,69,76,69,67,65,83,84,69,82
25,97,40,82,60,99,0,0,0,0,0,0,3,0,99,8,3,29,97,40,82,60,99,0,0,0,0,0,0,19,0,99,8,0,30,97,40,82,60,99,0,0,0,0,0,0,27,0,93,8,0,40,97,40,82,60,99,0,0,0,0,0,0,43,0,99,6,0,50,99,40,82,60,90,0,0,0,0,0,0,51,0,99,2,0,70,57,40,82,99,90,0,0,0,0,0,0,59,0,99,0,0,99,99,99,99,50,50,50,50,31,14,30,0,0,0,49,12,65,73,32,100,105,110,103,108,101,32
57,32,77,30,99,99,58,0,10,0,0,4,48,4,99,1,25,11,30,25,28,99,99,0,0,10,0,0,4,56,4,92,8,0,26,71,20,39,99,99,0,0,0,0,0,4,72,4,93,51,5,8,10,20,41,99,99,0,0,0,0,0,0,56,5,93,14,0,18,99,20,36,99,99,0,0,0,0,0,0,64,5,90,4,0,28,99,20,35,99,99,17,0,0,0,0,0,56,5,99,12,0,98,98,75,60,50,50,50,50,16,3,35,99,10,8,48,12,76,70,79,32,83,87,69,69,80,32
94,56,24,55,93,28,0,0,0,0,0,0,73,0,81,16,0,99,0,0,0,99,61,0,0,50,0,0,0,55,28,74,4,0,90,48,21,51,99,87,0,0,58,0,0,3,69,28,82,12,0,88,96,41,30,89,65,0,0,0,0,0,0,86,0,99,18,0,99,20,0,0,99,60,0,0,41,0,0,3,63,0,85,0,0,99,62,17,51,99,99,37,0,24,57,12,3,56,0,98,0,0,51,67,69,60,50,50,50,50,15,3,24,0,0,0,40,24,79,83,67,65,82,32,66,65,83,83
65,60,13,63,99,99,99,0,39,0,0,0,3,4,94,3,99,65,32,13,63,99,95,90,0,27,0,6,12,59,4,75,51,19,42,40,11,72,82,84,83,0,48,10,15,0,62,11,65,6,0,89,95,33,50,57,89,99,0,32,0,15,0,43,7,78,2,0,65,73,60,50,69,93,89,0,39,0,11,0,11,7,80,4,0,65,67,33,66,93,97,99,0,35,0,8,0,1,3,96,2,0,31,35,99,99,50,50,50,50,17,6,30,0,0,0,9,36,70,108,117,116,101,32,119,120,32,50
50,0,32,2,99,95,96,0,0,0,0,0,0,0,2,12,0,42,0,29,4,99,95,99,0,39,0,15,0,112,0,70,6,32,52,0,23,3,99,95,95,0,0,0,0,0,40,8,74,4,0,42,0,25,43,99,95,95,0,0,0,0,0,112,0,98,9,0,49,0,27,7,99,95,95,0,0,0,0,0,0,0,76,4,25,42,0,39,38,99,95,95,0,0,0,0,0,62,0,99,1,32,99,99,99,99,50,50,50,50,27,15,30,0,11,0,32,24,76,65,66,79,32,32,32,32,32,32
99,41,26,10,99,98,0,0,15,0,0,4,66,12,76,14,0,99,77,26,7,99,98,0,0,15,0,0,4,18,8,95,14,0,99,41,42,7,99,98,0,0,15,0,0,4,34,4,90,14,0,54,77,26,28,99,98,0,0,15,0,0,4,58,8,91,2,0,99,41,26,7,99,98,0,0,15,0,0,4,58,8,97,2,0,99,77,26,42,99,98,0,0,15,0,0,4,58,4,73,40,0,99,99,99,99,50,50,50,50,7,8,28,0,0,0,32,24,67,72,73,70,45,67,72,65,70,32
92,25,13,27,99,97,96,0,60,28,33,0,1,0,77,0,1,92,32,25,27,99,98,97,0,54,0,23,0,1,0,82,0,1,92,35,0,26,99,94,93,0,0,0,0,0,81,4,78,0,0,44,24,20,35,99,90,90,0,0,0,0,0,82,8,99,0,0,92,13,17,26,98,98,97,0,41,3,3,0,9,0,79,0,0,45,24,20,35,99,99,99,0,0,0,5,0,2,12,99,0,0,99,99,99,99,51,50,50,50,1,15,32,40,8,0,48,24,66,114,105,103,104,116,83,116,114,52
99,49,28,12,91,82,0,0,0,0,0,0,75,0,80,5,60,99,40,38,0,91,82,0,0,0,0,0,0,59,0,59,8,33,99,44,50,21,91,82,0,0,0,0,0,2,116,4,88,4,0,99,30,35,42,99,92,0,0,0,0,0,0,59,12,99,2,99,99,19,20,9,99,87,0,0,57,0,71,2,58,8,74,2,0,99,40,33,38,99,92,0,0,0,0,0,0,58,0,99,2,0,99,50,50,50,50,50,50,50,8,15,25,0,10,99,40,24,67,65,76,89,80,83,79,32,32,32
96,83,68,66,99,90,0,0,0,0,0,0,58,12,62,34,0,96,93,77,66,99,90,0,0,0,0,0,0,58,8,77,10,0,96,83,67,66,99,90,0,0,0,0,0,0,58,0,78,10,0,96,93,71,66,99,90,0,0,0,0,0,0,58,12,85,10,0,96,93,67,66,60,90,0,0,50,0,23,0,61,4,79,10,0,96,34,46,66,99,90,0,0,0,0,0,0,62,12,99,2,0,94,67,95,60,50,50,50,50,17,15,34,33,0,0,24,12,87,79,79,68,32,66,76,79,67,75
95,12,71,28,99,0,32,0,0,0,0,0,98,0,77,6,75,57,32,71,30,99,0,32,0,0,0,0,0,66,0,99,4,0,98,12,71,28,99,0,32,0,0,0,0,0,50,0,75,4,75,49,33,71,30,99,0,32,0,0,0,0,0,50,0,99,10,0,98,12,71,28,99,0,32,0,0,0,0,0,74,0,78,4,75,95,33,71,30,99,0,32,0,0,0,0,0,58,0,95,0,0,99,99,99,99,50,50,50,50,4,0,28,16,0,0,32,12,87,69,83,84,77,73,78,45,74,72
99,42,45,55,99,97,0,0,0,0,0,0,45,20,82,24,0,99,99,39,0,99,99,0,0,46,18,0,3,100,24,54,18,0,81,39,28,53,90,57,0,0,0,0,2,0,113,4,75,1,0,99,25,32,30,99,78,0,0,0,0,0,0,9,8,68,0,0,70,25,0,50,99,0,0,0,53,0,35,0,9,12,80,0,0,79,32,15,63,99,76,0,0,60,0,12,0,104,4,99,2,0,0,0,74,60,50,50,50,50,15,3,32,43,7,0,56,24,83,110,97,112,66,97,115,115,126,52
93,64,98,60,99,67,52,0,46,0,2,12,64,8,99,24,1,59,33,0,60,99,46,0,0,0,0,43,0,56,0,48,2,0,50,25,25,60,69,99,97,0,60,10,10,0,3,0,22,4,0,49,38,75,61,82,44,24,0,0,0,0,0,112,0,70,2,0,51,53,62,54,92,60,0,0,0,0,0,0,60,8,77,8,14,60,71,66,65,82,75,95,0,0,0,0,0,56,8,98,2,0,99,99,99,99,50,50,50,50,16,15,30,23,0,0,32,24,76,73,77,79,78,65,73,82,69,32
82,19,39,28,99,90,99,0,39,0,99,4,56,0,76,14,0,80,15,9,27,99,95,92,0,70,0,44,0,56,0,74,8,0,78,22,11,30,99,91,85,90,0,0,0,4,56,0,82,2,0,82,54,37,43,99,90,0,0,39,0,28,4,56,8,99,9,36,99,31,20,18,99,93,82,99,0,0,0,0,56,0,84,2,0,99,49,33,42,99,90,0,0,39,0,28,4,56,8,84,9,34,99,99,99,99,50,50,50,50,7,14,34,0,18,0,24,24,76,117,99,121,73,110,84,83,107,121
60,45,29,0,99,91,70,0,46,14,20,0,78,0,65,48,0,99,38,20,0,99,96,37,0,46,6,78,15,73,4,92,2,0,70,17,26,30,99,99,99,0,46,2,0,12,79,20,97,2,0,60,45,29,0,99,91,48,0,46,14,42,0,47,0,65,40,0,99,38,20,0,99,96,99,0,46,6,7,3,41,4,92,2,0,70,17,26,29,99,99,99,0,46,2,0,12,47,20,97,1,50,99,0,0,99,50,50,50,50,3,7,35,46,44,3,17,12,86,32,32,32,32,32,32,32,32,86
99,57,99,99,99,0,0,99,39,53,20,0,56,8,86,32,1,81,87,22,99,99,92,0,99,0,0,15,0,60,12,92,6,0,81,87,32,99,99,92,0,99,26,60,14,0,56,8,86,6,0,78,87,22,53,99,92,0,0,34,9,0,0,6,28,99,2,0,91,25,39,60,99,86,0,0,0,0,32,0,58,16,99,4,0,74,85,27,70,99,95,0,0,0,0,0,0,60,12,99,2,0,99,99,99,99,50,50,50,50,7,8,35,0,0,0,32,12,80,73,67,75,71,85,73,84,65,82
75,76,10,32,99,92,91,0,0,0,0,0,80,0,82,2,0,73,73,10,55,99,94,94,0,0,0,0,0,72,0,78,4,0,66,74,10,45,98,98,98,0,98,0,0,0,48,0,69,4,0,65,15,10,53,99,99,0,0,0,0,0,0,96,0,99,4,0,68,46,32,61,99,92,90,0,6,0,2,0,8,0,84,2,0,82,56,10,52,98,98,36,0,98,0,0,0,57,0,99,2,0,84,95,95,60,50,50,50,50,1,15,34,0,5,0,57,24,66,82,65,83,83,32,83,84,82,49
89,66,42,40,99,98,50,0,35,0,0,0,57,28,71,10,84,89,33,20,40,99,92,84,0,15,0,14,0,1,28,56,2,50,89,33,20,40,99,92,84,0,17,0,10,0,113,0,79,4,0,89,33,20,40,99,92,84,0,0,0,0,0,58,0,86,1,2,69,43,52,42,99,77,49,0,44,9,18,3,57,0,77,4,0,69,33,20,40,99,92,84,0,0,0,0,0,58,0,99,1,28,94,67,95,60,50,50,50,50,14,0,38,33,0,0,8,12,115,121,110,45,115,116,101,101,108,32
98,98,98,17,99,99,99,0,2,0,0,10,56,0,75,2,0,98,35,98,45,99,0,0,0,2,0,0,10,57,0,99,1,31,98,33,98,4,99,99,99,0,2,0,0,10,56,0,82,4,0,98,46,98,43,99,0,0,0,2,0,0,10,41,0,99,1,0,98,35,98,16,99,99,99,0,50,0,56,0,56,0,99,8,0,98,32,98,45,99,0,0,0,2,0,0,10,81,0,99,1,69,98,98,98,98,50,50,50,50,4,14,35,0,14,0,49,24,66,69,76,76,65,32,53,32,32,32
99,77,56,0,78,78,0,0,41,24,0,3,63,0,98,60,0,99,65,0,8,82,48,0,0,32,0,0,0,61,0,99,6,0,90,66,0,82,82,48,0,0,0,0,7,0,57,0,71,14,0,99,69,68,57,99,80,0,0,0,0,0,0,57,0,99,2,0,75,46,36,19,99,87,0,0,0,0,5,3,43,20,79,6,0,99,99,99,99,99,99,99,99,43,99,0,3,59,8,0,2,0,94,68,95,60,50,50,50,50,8,15,0,0,99,0,123,24,82,97,110,100,111,109,78,111,116,115
99,29,98,40,99,0,0,0,15,0,14,4,67,3,76,8,17,51,52,46,32,99,86,0,0,15,0,0,4,2,3,99,2,12,99,43,99,39,99,0,0,0,15,0,49,4,58,1,80,10,24,30,30,30,30,99,27,94,0,15,0,0,4,114,0,77,2,10,99,43,99,39,99,0,97,0,15,0,49,4,59,0,71,2,5,51,35,36,40,99,86,96,0,15,0,0,4,57,1,70,2,0,99,99,99,99,50,50,50,50,17,7,3,0,7,70,56,36,32,32,32,32,32,87,79,82,82,89
63,247
240,67,0,9,32,0
99,0,25,0,99,75,0,0,0,0,10,0,53,16,76,2,0,81,58,36,39,99,14,0,0,48,0,66,0,53,12,60,2,58,81,23,22,45,99,78,0,0,0,0,0,0,69,8,99,2,0,81,24,25,14,99,99,99,0,37,32,74,3,61,12,57,6,0,99,0,25,0,99,75,0,0,0,0,13,0,77,12,87,2,0,81,25,20,48,99,82,0,0,0,85,0,3,44,14,99,2,0,94,67,95,60,50,50,50,50,15,14,35,0,0,35,64,24,82,69,76,65,88,73,78,71,32,32
53,97,85,15,50,99,0,0,46,0,0,0,56,8,92,62,16,59,95,72,40,50,99,0,0,32,0,0,3,57,3,99,16,1,89,45,6,50,99,95,0,0,32,0,18,0,27,16,96,2,0,85,19,24,50,99,90,0,0,32,0,0,3,60,12,99,2,0,85,58,18,36,99,93,0,0,32,0,18,0,107,16,99,2,0,87,22,27,51,99,92,0,0,32,99,0,3,106,16,99,2,0,0,0,0,0,50,50,50,50,4,15,34,0,0,0,8,12,69,112,46,67,108,105,113,117,101,92
70,90,60,99,80,99,70,0,36,0,20,0,56,12,75,20,0,70,90,40,99,80,99,75,0,27,0,21,0,56,12,83,12,0,70,90,35,99,80,99,85,0,39,0,0,0,32,8,85,6,0,70,90,35,99,80,99,90,0,39,0,0,0,72,8,90,6,0,70,90,25,99,80,99,97,0,39,0,0,0,80,4,99,2,0,70,90,20,99,80,99,95,0,39,0,0,0,32,4,99,2,0,99,99,99,99,50,50,50,50,31,9,24,0,0,0,49,12,83,111,102,116,79,114,103,97,110,32
82,49,38,60,99,82,0,0,0,0,0,0,56,0,99,2,99,99,67,38,60,99,25,0,0,53,0,0,0,56,0,99,7,0,82,49,38,60,99,82,0,0,0,0,0,0,56,0,99,2,50,82,49,38,60,99,82,0,0,0,0,0,0,56,0,99,4,0,82,27,38,60,99,99,0,0,0,0,0,0,56,0,99,0,99,82,31,38,60,99,82,0,0,0,0,0,0,56,0,99,2,0,99,78,99,99,48,47,50,50,31,15,35,0,0,0,49,24,75,73,84,65,82,79,32,32,32,32
95,29,20,50,99,95,0,0,41,0,19,0,115,24,0,2,0,95,50,35,78,99,75,0,0,27,0,15,0,3,0,75,2,0,99,29,20,50,99,95,0,0,0,0,12,0,59,0,82,2,0,99,52,20,50,99,0,0,0,0,0,12,0,59,0,85,4,0,95,50,35,78,99,75,0,0,27,0,15,0,59,28,0,28,0,99,15,20,67,99,85,0,0,27,0,15,0,83,0,99,4,0,94,67,95,60,50,50,50,50,17,12,34,33,0,0,56,12,65,98,101,32,77,111,111,103,32,56
32,86,20,38,19,92,10,0,0,0,0,0,8,0,84,2,50,66,93,20,33,93,96,10,0,0,0,0,4,8,0,99,1,13,9,84,0,21,49,97,36,0,46,0,12,0,96,6,94,2,0,9,25,20,36,49,92,10,0,46,0,0,0,104,0,94,1,5,56,49,33,20,98,96,95,0,39,13,21,0,8,0,92,0,0,66,56,0,38,98,98,52,0,46,0,17,0,80,4,90,1,1,94,67,95,60,50,50,50,50,5,15,34,65,15,99,35,24,87,47,67,51,68,101,108,97,121,49
50,40,11,38,99,89,42,0,60,25,0,4,8,0,49,7,79,64,57,11,31,69,97,87,0,48,0,6,0,96,4,67,2,0,61,34,14,33,65,99,85,0,5,0,8,0,104,5,52,12,51,53,23,26,39,97,92,0,0,34,0,9,0,17,8,99,2,0,82,39,14,21,99,83,0,0,5,0,3,0,96,6,48,18,0,53,23,26,39,97,92,0,0,34,0,9,0,89,8,99,4,0,96,99,21,87,51,47,50,50,6,7,11,3,24,7,16,24,70,97,105,114,108,121,116,101,49,98
52,22,31,41,99,92,0,0,0,0,0,0,113,7,98,4,0,91,38,36,41,99,99,0,0,0,0,0,0,3,9,83,4,0,99,23,36,40,99,91,0,0,0,0,0,0,44,16,85,0,99,91,20,8,40,99,94,0,0,0,0,0,0,93,5,99,0,99,99,44,29,37,99,86,0,0,0,0,0,0,60,16,78,22,0,92,50,6,40,99,89,0,0,0,0,0,0,26,4,99,2,0,94,68,95,60,50,50,50,50,27,10,31,11,21,63,25,24,77,117,108,116,105,83,105,110,116,104
95,49,21,12,94,79,0,0,60,0,0,1,47,8,79,30,0,95,36,25,14,99,70,0,0,52,0,48,3,27,16,83,6,0,95,33,32,32,99,70,0,0,0,0,0,0,27,27,99,2,0,95,50,31,31,99,90,0,0,58,0,1,0,43,28,76,18,1,69,40,30,20,99,91,0,0,52,11,0,3,26,16,82,2,0,66,25,23,28,99,94,0,0,60,0,0,0,19,11,99,0,0,94,68,95,60,50,50,50,50,10,15,34,33,0,0,25,29,83,105,108,118,101,114,68,98,108,102
16,99,12,28,99,99,80,0,0,0,0,0,90,0,31,2,0,38,98,0,35,99,99,72,0,0,0,0,0,26,8,99,2,0,98,12,71,28,99,0,0,0,0,0,0,0,42,0,75,4,75,95,33,71,25,99,0,0,0,0,0,0,0,26,0,95,2,0,98,29,71,28,99,0,0,0,0,0,0,0,106,0,82,4,75,95,20,19,25,99,0,0,0,0,0,0,0,114,0,95,2,0,67,95,95,60,50,50,50,50,31,5,0,55,0,0,114,36,75,76,79,75,75,69,78,32,32,32
0,0,17,43,25,99,0,0,14,0,0,0,78,0,86,8,0,2,87,29,43,61,99,0,0,14,0,0,0,16,0,84,8,0,2,87,32,43,48,99,0,0,14,0,0,0,96,0,92,4,0,12,87,33,43,47,99,0,0,14,0,0,0,56,0,99,2,0,0,74,31,43,60,99,0,0,14,0,3,0,88,0,90,4,0,79,22,28,43,99,77,0,0,14,0,0,0,56,0,99,4,0,0,0,0,0,51,50,50,50,21,15,26,20,35,0,17,12,69,99,104,111,86,111,105,99,101,54
71,68,88,65,99,67,62,0,0,0,0,0,56,0,99,30,0,71,68,88,65,99,67,62,0,0,0,0,0,56,0,99,32,0,57,67,97,65,99,67,85,0,52,99,0,0,56,0,98,2,0,71,68,88,65,99,67,62,0,36,25,0,0,56,0,90,14,0,88,40,75,57,75,74,96,0,0,0,0,0,56,0,85,0,0,71,79,82,49,81,56,99,56,0,0,0,0,56,0,97,2,0,99,99,99,99,50,50,50,50,2,8,35,0,0,0,49,24,52,102,97,115,116,114,101,112,115,32
31,99,99,30,99,99,99,0,63,0,0,1,56,0,28,7,38,41,99,99,40,99,99,99,0,51,0,0,0,72,1,92,4,0,99,99,99,99,99,99,99,99,51,84,0,0,72,1,0,14,0,45,99,99,30,99,99,99,0,15,36,0,4,56,0,12,7,61,66,23,17,30,99,97,97,93,32,0,7,0,40,0,90,2,0,38,99,99,42,99,99,99,0,39,0,0,0,56,1,99,2,0,94,73,92,60,52,50,50,50,18,12,28,44,12,0,48,24,82,97,117,108,46,86,111,105,122,101
64,35,53,32,99,99,86,99,10,0,8,3,16,0,84,2,0,64,30,50,20,99,99,70,99,10,0,8,3,16,0,89,2,0,52,43,61,39,99,99,75,99,39,0,98,3,16,0,83,2,0,61,24,32,43,99,95,95,0,39,0,0,15,16,3,99,4,0,64,43,49,23,99,99,81,96,10,0,2,3,96,0,96,2,0,61,24,32,39,99,95,95,0,39,0,0,15,96,3,99,2,0,99,99,99,99,50,55,50,50,8,1,37,0,0,0,8,12,78,101,103,105,84,111,114,111,47,92
99,2,26,33,98,85,85,99,41,0,24,0,20,8,50,38,80,99,50,26,4,99,88,88,99,80,0,0,7,112,4,82,62,0,99,31,65,6,99,87,87,99,41,0,15,3,3,4,80,4,0,51,72,35,12,99,89,89,95,0,0,0,4,3,8,91,0,0,99,38,67,14,99,99,99,99,41,0,0,4,63,8,39,2,0,49,36,99,40,99,99,99,0,0,0,0,0,92,8,92,1,0,98,98,98,98,50,50,50,50,17,13,32,0,15,0,48,36,32,69,45,77,85,46,73,73,32,32
87,49,46,45,99,93,0,0,20,0,2,0,58,4,76,2,0,85,99,99,46,99,99,99,0,23,0,3,0,64,4,80,0,0,89,99,99,82,99,0,0,0,23,0,3,0,64,4,91,16,0,79,89,52,60,99,41,0,0,19,0,3,0,58,16,63,4,0,70,85,40,98,99,0,0,0,24,0,3,0,56,0,76,1,89,81,15,23,51,99,86,0,0,24,0,7,3,62,12,99,0,0,99,99,99,99,50,50,50,50,15,15,25,0,0,0,49,24,65,105,114,104,101,97,100,66,97,115
43,56,24,55,93,28,0,0,34,0,99,0,57,12,50,26,0,99,0,0,0,99,0,0,0,52,75,96,0,63,12,50,14,0,99,43,99,55,99,30,99,0,0,0,96,8,61,12,84,18,0,88,96,32,30,79,65,0,0,0,0,96,8,62,4,79,8,0,99,21,0,0,99,0,0,0,41,0,0,8,63,0,82,0,0,85,63,17,49,1,95,91,0,36,57,96,11,63,0,99,0,0,94,67,95,60,51,50,50,50,15,15,35,0,0,0,48,24,67,108,97,118,46,77,111,100,32,32
99,48,99,99,99,38,0,0,60,25,0,7,96,0,62,2,0,98,36,52,53,99,59,44,0,40,0,0,11,4,0,99,2,0,98,36,52,53,99,59,44,0,40,99,0,10,56,0,99,2,0,98,35,52,53,99,59,44,0,31,0,99,2,56,0,99,0,0,99,51,54,91,92,0,3,0,31,0,99,2,60,0,99,8,0,98,36,52,53,99,59,44,0,31,0,12,2,56,0,93,2,0,99,99,99,99,51,50,50,50,18,8,35,0,0,0,49,24,66,83,47,80,105,97,110,111,49,51
82,35,27,99,91,99,73,0,39,0,25,0,80,0,99,2,0,85,17,42,99,90,99,70,0,35,0,19,0,80,0,66,52,0,85,39,32,99,90,99,81,0,27,0,5,0,80,8,72,10,0,82,62,36,51,99,87,82,0,22,0,2,0,56,0,79,2,0,82,66,57,51,90,99,92,0,22,0,7,0,56,4,81,2,0,82,39,30,60,99,91,74,0,27,0,6,0,56,8,99,2,0,99,57,49,56,45,51,50,50,3,15,35,0,0,0,49,24,83,121,110,99,84,119,105,99,101,32
35,77,99,30,99,99,99,0,0,0,0,0,56,0,99,6,0,99,76,99,99,99,99,99,0,0,0,0,0,56,0,81,2,0,99,77,99,99,99,99,99,0,0,0,0,0,56,0,79,0,0,99,75,99,21,99,99,99,0,0,0,0,0,56,0,83,49,19,99,75,99,99,99,99,99,0,0,0,0,0,56,0,64,4,0,36,76,99,42,99,99,99,0,0,0,0,0,56,0,99,2,0,99,99,99,99,50,50,50,50,27,10,35,0,0,0,49,12,77,89,83,84,69,82,89,53,53,53
98,78,98,35,99,60,0,0,37,12,12,15,114,0,99,36,4,98,85,24,35,99,90,42,0,9,0,0,5,1,0,99,2,0,98,85,24,37,99,90,0,0,9,0,0,5,41,0,99,2,0,98,94,43,38,99,74,0,0,39,12,12,12,113,0,99,8,0,98,85,24,45,99,90,0,0,39,4,12,12,80,0,99,8,0,98,7,8,37,99,99,50,0,39,12,12,12,56,0,99,2,0,98,98,98,98,50,50,50,50,23,15,50,0,5,0,33,36,71,76,79,67,75,45,66,79,88,32
73,70,60,81,99,99,97,0,32,0,21,0,59,0,63,20,0,85,70,97,0,99,65,60,0,32,0,0,0,41,0,60,16,0,95,92,28,60,99,90,0,0,48,0,60,0,62,1,74,0,0,98,87,0,0,87,86,0,0,32,0,21,0,59,8,79,0,0,95,95,0,0,99,96,89,0,32,0,0,0,51,6,79,0,0,65,0,12,45,99,90,97,0,32,0,0,0,57,16,99,2,0,0,0,0,0,50,50,50,50,16,13,37,42,7,99,24,24,83,89,78,72,65,82,80,83,32,65
99,42,50,55,99,99,99,0,33,0,0,3,24,0,72,16,0,99,49,55,49,99,95,92,0,38,4,44,3,58,0,68,6,0,71,30,0,42,99,98,90,0,46,4,13,3,19,0,88,2,0,32,7,9,35,99,97,86,0,50,7,0,0,84,28,45,4,0,77,11,7,26,99,98,97,0,39,3,6,3,33,0,76,4,1,33,11,11,35,99,97,86,0,50,7,0,0,4,20,99,1,28,87,94,0,0,46,51,50,50,2,15,35,0,18,0,24,12,65,82,77,32,32,80,65,68,32,49
94,25,25,70,99,99,99,0,46,10,1,12,59,8,79,20,0,61,25,25,61,99,99,93,0,0,0,0,0,59,0,97,4,0,61,25,25,50,99,99,97,0,60,10,10,0,59,16,90,8,0,99,97,62,47,99,99,90,0,46,17,40,3,61,12,75,2,0,99,97,62,47,99,99,90,0,0,0,0,0,60,12,90,0,0,45,25,25,36,99,99,98,0,41,0,50,0,61,8,99,0,0,94,67,95,60,50,50,50,50,18,15,34,33,0,0,40,24,80,73,80,69,32,79,82,71,65,78
84,32,24,93,94,94,89,0,32,45,0,0,31,0,74,7,30,89,26,41,90,84,93,95,0,46,49,29,10,24,0,83,0,99,82,57,32,76,72,98,82,0,58,69,39,10,3,0,92,8,0,99,40,13,89,0,85,82,0,46,14,0,10,7,0,83,2,0,99,40,16,98,0,95,75,0,46,10,0,2,32,0,88,4,0,99,40,28,97,0,95,79,0,46,57,0,2,58,0,99,4,0,79,52,99,99,48,50,50,50,9,15,56,0,53,0,16,12,60,73,62,32,67,104,111,105,114,32
99,0,0,0,99,99,99,0,15,0,0,4,79,0,78,2,0,37,42,16,30,99,99,80,0,15,0,0,4,116,0,99,4,0,99,25,0,30,93,72,0,0,48,99,99,15,63,0,99,10,19,99,30,0,30,99,99,0,0,45,0,99,12,59,0,94,4,0,99,0,0,0,99,99,99,0,39,32,0,7,119,0,81,6,0,37,42,17,30,99,99,74,0,99,99,0,7,59,0,99,2,0,99,99,99,99,50,50,50,50,4,7,34,40,43,0,16,12,75,85,82,90,87,73,69,76,32,32
88,85,78,47,99,93,0,0,0,0,0,0,59,28,88,18,0,88,85,54,62,99,93,0,0,0,0,0,0,59,24,96,6,0,88,85,46,33,99,93,0,0,0,0,0,0,58,16,98,2,0,88,85,28,47,99,93,0,0,0,0,0,0,106,8,99,2,0,88,85,37,47,99,93,0,0,0,0,0,0,35,16,92,2,0,88,85,35,47,99,93,0,0,0,0,0,0,58,28,99,2,0,99,99,99,99,50,50,50,50,6,11,35,0,0,0,49,24,68,65,86,69,32,75,79,84,79,32
99,99,99,99,99,99,99,0,0,0,0,0,0,4,0,2,0,50,49,15,25,99,99,99,0,0,0,0,0,0,8,75,12,0,56,28,0,35,99,99,99,0,0,0,0,0,0,24,99,4,0,95,17,17,23,99,99,99,0,0,0,0,0,80,20,74,0,0,99,39,21,30,99,99,99,0,0,0,0,0,112,12,92,0,0,67,25,0,33,99,99,99,0,0,0,0,0,112,0,99,0,0,99,99,99,99,50,50,50,50,3,7,25,17,17,0,56,24,68,73,71,46,79,82,71,65,78,49
40,50,99,80,50,99,99,0,46,99,4,0,57,0,95,4,0,99,99,99,82,99,99,99,89,39,19,99,0,57,0,82,2,0,50,50,99,75,50,99,99,0,46,0,54,0,57,0,67,2,0,50,50,99,75,50,99,99,0,37,0,99,0,65,0,93,2,0,50,50,99,75,50,99,99,0,43,99,5,0,57,0,75,4,0,40,50,99,75,50,99,99,0,48,99,6,0,57,0,95,2,0,99,99,99,99,50,50,50,50,27,0,35,0,0,0,33,24,72,97,114,109,111,110,105,117,109,50
99,49,55,0,78,75,0,0,41,40,27,0,31,0,99,31,29,99,58,0,8,82,48,0,0,47,0,57,0,89,20,99,20,7,90,80,0,82,82,48,0,0,0,0,0,0,25,20,0,14,0,99,25,27,46,99,80,0,0,0,0,0,0,59,20,99,2,0,99,76,36,36,99,87,0,0,54,0,1,0,116,12,86,10,0,99,25,32,45,99,80,0,0,0,0,0,0,115,12,99,2,0,99,99,99,99,50,50,50,50,6,15,31,0,28,0,33,24,67,72,73,77,69,79,82,71,65,78
60,45,29,99,99,91,0,87,46,14,20,0,78,0,65,40,0,99,38,20,99,99,96,0,99,46,6,78,15,73,4,92,2,0,70,17,26,52,99,0,0,0,46,2,0,12,79,23,97,2,0,60,45,29,99,99,91,0,87,46,14,42,0,47,0,65,40,0,99,38,20,99,99,96,0,99,46,6,7,3,41,4,92,2,0,70,17,26,52,99,0,0,0,46,2,0,12,47,23,97,1,24,99,0,0,99,50,50,50,50,2,0,35,0,0,3,0,12,83,116,114,97,116,111,99,97,77,83
99,99,99,0,99,99,99,0,0,0,0,0,56,12,74,2,0,99,99,99,0,99,99,99,0,0,0,0,0,56,0,83,1,20,99,99,99,35,99,99,99,0,46,14,0,0,56,3,90,1,0,99,99,99,0,99,99,99,0,46,7,22,3,56,0,57,14,0,99,99,99,0,99,99,99,0,46,4,6,3,56,0,70,2,0,99,99,54,99,99,99,0,0,0,0,0,0,56,0,99,2,0,99,99,99,99,50,50,50,50,3,4,35,25,12,0,49,24,39,83,112,104,101,114,101,39,72,77
91,247
240,67,0,9,32,0
78,62,53,85,99,99,0,99,32,0,0,3,60,12,76,10,0,82,71,27,36,99,93,0,0,32,0,18,0,59,28,98,4,0,81,45,27,51,99,99,0,0,32,99,0,3,58,19,99,2,0,82,62,53,80,99,99,0,75,32,0,0,3,28,12,71,10,1,81,73,27,76,99,93,0,95,32,0,18,0,27,20,98,4,1,84,45,27,47,99,99,0,0,32,99,0,3,26,19,99,2,1,0,0,0,0,50,50,50,50,3,10,34,0,0,0,8,12,72,111,108,108,111,80,105,110,111,92
99,27,46,39,99,92,0,0,39,0,0,0,59,3,99,0,44,29,99,30,36,95,0,95,0,39,0,0,4,59,0,99,12,0,39,99,53,47,50,80,0,0,39,0,71,4,59,0,99,22,7,31,99,32,48,51,87,0,0,39,0,0,4,59,0,92,12,0,62,99,44,99,99,89,58,0,39,0,0,4,59,3,99,10,0,99,49,99,45,99,38,99,0,39,0,0,0,59,0,94,6,0,0,0,0,0,50,50,50,50,21,4,9,0,0,0,51,12,69,86,69,32,57,32,32,32,32,32
84,32,26,65,94,87,0,0,45,17,10,12,62,4,92,40,0,68,63,21,48,99,84,0,0,43,4,6,3,63,12,87,32,0,77,68,30,43,99,92,18,0,29,8,14,0,62,12,58,18,0,81,65,18,27,99,93,80,0,48,0,3,0,59,8,82,2,0,72,63,20,50,99,86,0,0,43,0,12,0,63,16,58,32,0,72,35,17,55,99,91,0,0,43,4,0,0,59,16,99,2,0,72,63,28,52,50,50,51,50,17,14,26,0,0,0,33,24,83,116,101,101,108,72,97,114,109,50
94,99,0,85,99,99,0,0,34,0,40,2,60,16,86,2,0,94,39,34,68,87,55,0,0,0,0,0,4,75,24,53,22,0,95,62,50,78,99,0,0,0,0,0,0,12,3,16,89,0,6,80,70,35,55,99,90,0,0,0,0,0,8,66,12,99,2,0,85,85,21,54,99,93,0,0,32,0,0,2,82,4,75,2,0,90,85,21,54,99,93,0,0,0,0,0,3,50,8,99,1,16,75,80,75,60,50,50,50,50,11,4,34,0,0,0,24,24,83,109,111,111,116,104,69,100,105,116
95,29,20,50,99,95,0,0,41,0,19,0,91,24,90,2,0,95,20,20,50,99,95,0,0,0,0,0,0,27,0,99,2,0,95,74,20,99,96,0,0,99,0,0,0,0,56,28,99,47,71,95,20,20,70,99,95,0,0,0,0,0,0,35,12,99,2,0,95,50,35,99,99,75,0,99,0,0,0,0,59,8,80,20,0,96,25,25,67,99,75,0,0,0,0,0,0,83,28,99,2,0,99,99,99,99,50,50,50,50,5,4,20,33,5,0,40,24,67,97,115,116,101,80,105,97,110,111
99,0,25,26,99,0,0,0,43,0,0,1,88,0,80,2,0,99,0,25,26,99,0,0,0,43,0,0,1,40,0,60,4,0,99,0,25,26,99,0,0,0,43,0,0,1,48,0,50,2,0,70,42,25,26,99,0,0,0,99,0,0,3,56,3,99,2,0,90,0,25,26,99,0,0,0,43,0,0,2,112,0,80,2,0,70,42,25,26,99,0,0,0,99,0,0,3,40,3,99,2,0,30,99,99,99,50,50,50,50,12,8,25,0,0,99,0,24,32,32,32,69,67,72,79,32,32,32
99,54,27,32,99,91,37,0,44,0,4,0,35,0,81,10,0,99,58,20,39,99,92,29,0,55,0,0,0,34,0,73,2,0,57,86,40,46,66,99,0,0,37,0,0,9,34,8,99,2,0,99,46,34,34,99,90,25,0,42,0,14,2,83,0,83,14,0,99,57,16,35,99,95,0,0,43,0,0,3,82,0,78,2,0,85,58,33,40,95,90,0,0,37,0,81,9,84,8,99,4,0,99,98,75,61,50,50,50,50,2,7,34,85,1,0,40,24,71,111,100,70,97,116,104,101,114,32
60,25,18,55,83,74,50,0,31,1,10,0,85,8,91,20,0,60,51,20,47,96,80,20,0,28,6,20,3,71,8,85,4,0,62,71,13,43,99,92,80,0,34,0,7,12,68,8,79,2,0,63,30,10,43,99,88,20,0,38,0,24,0,77,8,77,8,0,64,44,36,50,79,66,0,0,38,0,12,0,13,16,71,40,28,50,92,17,55,56,99,0,0,24,0,5,0,56,12,99,2,0,67,60,7,52,50,50,50,50,17,15,26,0,0,0,32,24,69,108,101,99,46,66,111,100,121,50
75,76,10,32,99,92,0,0,0,0,0,0,104,24,95,16,0,76,73,10,28,99,92,0,0,0,0,0,0,16,20,84,4,0,77,74,10,32,98,98,36,0,98,0,0,0,96,0,76,4,0,78,15,10,47,99,92,72,0,0,0,0,0,104,0,92,4,0,81,13,7,25,99,92,59,0,0,0,0,0,8,0,74,4,0,82,56,10,47,98,98,74,0,98,0,0,0,56,0,92,4,0,84,95,95,60,50,50,50,50,1,15,30,81,8,0,40,0,74,85,78,79,32,49,48,54,32,52
57,35,99,41,99,99,99,0,46,26,8,0,40,4,36,10,60,58,46,99,40,42,99,99,0,0,0,0,0,80,0,73,2,0,42,44,36,40,98,91,89,0,0,0,27,0,33,4,36,4,0,50,74,99,50,93,93,93,0,0,0,0,0,82,8,95,6,0,74,74,99,42,99,99,99,0,0,0,0,0,73,4,55,2,0,55,48,99,50,95,95,95,0,0,0,0,0,33,8,95,2,0,98,46,44,98,48,48,50,50,11,8,31,35,33,0,41,12,77,46,67,72,79,82,85,83,32,52
95,48,28,24,94,79,0,0,60,54,0,1,71,15,89,6,0,95,35,23,28,99,70,0,0,52,0,35,0,92,19,79,6,0,74,99,23,39,81,99,0,0,0,0,0,0,27,23,99,2,0,95,50,45,50,99,99,0,0,58,0,37,0,11,3,91,4,0,95,46,32,55,99,99,0,0,52,8,0,3,43,31,79,4,0,32,95,29,48,65,99,0,0,0,0,0,0,101,23,99,2,0,99,99,99,99,50,50,50,50,2,14,34,0,0,72,19,36,69,67,72,79,77,65,76,76,69,84
71,21,14,22,99,82,93,0,0,0,0,0,0,16,95,4,0,71,26,17,28,99,99,90,0,0,0,0,0,32,4,65,4,0,68,32,48,48,99,89,84,0,0,0,0,0,32,0,99,4,0,62,17,20,26,99,83,91,35,0,0,0,0,56,8,85,0,0,66,29,21,30,99,95,95,0,0,0,0,0,88,4,79,0,0,74,29,48,48,99,95,95,0,0,0,0,0,56,0,99,0,0,71,73,95,46,49,51,50,50,3,13,47,29,20,0,24,24,76,69,83,32,76,73,69,83,46,46
95,29,20,50,99,95,0,0,41,0,19,0,115,28,81,2,0,95,20,20,50,99,95,0,0,29,64,0,3,67,0,99,2,0,95,29,20,50,99,95,0,0,0,0,0,0,59,28,93,2,0,95,20,20,50,99,95,0,0,35,87,0,3,3,8,99,2,0,95,99,78,78,99,99,0,0,0,0,0,0,59,12,82,24,0,96,25,25,67,99,75,0,0,27,71,0,0,91,28,99,2,0,94,67,95,60,50,50,50,50,5,6,34,33,0,0,8,12,66,114,111,107,101,114,115,32,77,83
0,1,99,3,99,0,99,9,0,0,0,0,112,0,99,37,41,0,19,8,13,58,0,99,0,0,0,0,0,32,0,94,19,55,0,99,4,13,99,99,99,0,0,0,0,0,0,0,99,3,78,0,18,24,1,99,99,0,61,0,0,0,0,72,0,80,50,7,99,99,20,3,99,99,99,43,0,0,0,0,108,0,99,3,6,67,99,85,5,99,99,99,0,0,0,0,0,56,0,99,1,38,22,57,62,15,99,99,28,99,10,13,8,99,2,55,58,0,49,53,53,83,101,99,46,101,102,120
99,99,99,99,99,99,99,0,0,0,0,0,56,0,50,4,0,99,99,99,99,99,99,99,0,0,0,8,0,56,0,83,6,0,99,99,38,99,99,99,0,0,0,0,0,0,59,0,90,2,0,99,99,99,99,99,99,99,0,0,0,0,0,56,0,89,2,0,99,99,99,99,99,99,99,0,46,7,41,3,56,0,89,4,0,99,99,48,99,99,99,0,0,0,0,0,0,56,0,90,4,0,99,99,99,99,50,50,50,50,3,15,35,0,0,0,49,12,72,79,72,78,69,82,45,68,54,32
72,76,10,32,99,92,0,0,0,0,0,0,56,0,39,12,0,0,73,10,97,99,92,0,0,0,0,0,0,56,0,83,26,0,46,74,10,32,98,98,12,0,98,0,0,0,56,0,81,4,50,51,42,3,48,99,93,37,46,0,0,0,0,56,0,36,4,0,80,13,7,15,99,92,28,0,0,0,0,0,8,0,76,2,0,48,56,16,41,98,98,28,0,98,0,0,0,56,0,92,2,0,84,95,95,60,50,50,50,50,10,15,30,81,8,0,40,12,66,65,67,72,32,79,82,71,65,78
99,60,99,40,99,99,99,95,15,0,0,4,57,4,75,16,0,99,60,99,40,99,99,99,0,15,0,0,4,57,4,75,4,0,99,98,26,35,99,99,90,0,15,0,0,4,57,16,99,16,0,49,41,40,35,99,98,95,0,15,0,0,4,49,0,98,8,0,49,98,26,35,99,99,90,0,15,0,0,4,49,0,98,4,0,99,99,99,99,99,99,99,0,15,0,0,4,33,0,99,8,0,99,99,99,99,50,50,50,50,24,7,0,45,7,0,49,12,69,84,72,46,32,83,84,65,66,32
99,55,22,50,80,62,62,0,53,0,32,0,59,0,87,7,28,99,45,22,50,99,89,62,0,37,0,31,1,104,12,86,18,0,99,43,20,62,99,90,0,0,31,4,2,3,37,4,85,2,0,99,24,19,62,99,86,60,0,50,52,0,2,59,11,99,9,13,99,71,36,67,99,94,69,0,32,3,17,7,59,8,95,2,0,99,25,19,70,99,86,74,0,32,27,0,7,59,11,99,2,0,99,99,99,99,52,50,50,50,7,6,31,45,5,0,48,12,68,105,115,32,67,76,45,80,110,111
82,53,21,29,99,90,0,0,56,7,31,0,59,12,91,16,0,75,47,33,29,99,83,0,0,49,0,5,0,59,12,69,16,0,1,29,10,96,63,99,94,0,64,17,0,0,60,3,86,1,85,80,41,20,46,99,90,85,0,39,0,6,0,56,12,99,4,0,90,41,20,40,99,82,95,0,36,0,9,0,72,4,80,8,0,76,32,18,47,99,92,0,0,29,0,6,0,40,12,85,8,0,20,20,20,20,50,51,50,51,8,7,50,15,5,99,22,24,70,108,101,117,114,68,46,76,105,50
50,33,29,28,99,91,64,0,20,0,4,0,40,0,87,4,50,35,41,17,54,99,92,78,0,24,0,5,0,72,0,99,2,50,39,41,17,18,99,99,99,0,39,0,0,0,32,0,72,4,0,39,41,17,60,99,96,82,0,24,0,5,0,48,0,99,2,0,41,39,99,57,99,94,86,0,27,0,5,0,80,8,97,6,0,38,41,26,55,99,96,67,0,24,0,5,0,88,0,99,4,0,90,88,21,57,45,46,50,50,28,6,31,0,7,0,40,24,68,53,48,83,110,100,116,114,107,66
71,20,22,50,99,99,97,0,0,0,10,0,56,0,99,4,1,70,80,22,52,99,99,99,0,0,0,0,0,72,0,99,4,0,70,20,22,44,99,99,97,0,0,0,10,0,96,0,99,2,98,70,80,22,44,99,99,99,0,43,35,0,0,88,0,99,4,0,70,20,22,44,99,99,97,0,44,38,10,0,112,0,99,0,99,71,80,22,44,99,99,99,0,44,35,0,0,0,0,99,2,1,75,80,75,60,50,50,50,50,31,15,47,50,0,0,48,12,79,82,71,65,77,79,78,73,85,77
99,99,88,99,99,99,0,0,46,33,50,0,88,16,99,14,0,99,99,51,50,99,99,71,0,46,0,38,15,90,4,45,14,0,99,99,26,41,99,99,0,0,46,0,0,15,92,12,99,4,0,99,99,30,0,99,74,0,0,51,0,0,0,31,0,85,36,0,99,99,42,0,99,99,0,0,51,0,0,0,24,0,54,6,0,99,99,21,73,99,99,0,0,32,0,0,3,27,6,99,2,0,99,99,99,99,50,50,50,50,2,8,26,0,0,90,0,24,67,104,111,114,46,86,105,98,101,115
99,99,99,99,99,99,99,0,50,99,5,0,80,0,0,6,0,85,2,30,35,99,95,0,0,0,0,14,4,32,0,99,2,0,77,20,5,50,99,67,60,0,0,0,0,0,64,0,86,2,50,77,7,47,58,99,93,0,0,99,0,99,0,56,0,99,6,50,99,99,99,99,99,99,99,0,50,99,5,0,24,0,0,6,0,99,99,99,99,99,99,99,0,50,99,0,0,56,0,0,0,0,99,99,99,99,50,50,50,50,29,14,35,0,0,0,33,12,72,65,82,68,82,65,85,81,85,69
99,42,99,37,99,98,99,0,11,0,9,0,0,0,95,3,0,82,35,25,36,98,65,78,13,0,19,0,4,48,0,84,30,1,92,88,74,35,95,23,88,8,0,2,1,1,73,0,67,0,19,99,73,99,43,99,36,99,17,0,0,0,0,56,5,78,0,57,59,25,5,33,91,80,71,7,2,0,2,0,65,0,73,8,9,46,51,36,29,95,85,90,0,0,11,0,5,40,4,99,8,0,99,99,99,99,50,50,50,50,25,0,19,24,7,15,57,0,68,101,101,112,83,112,97,99,101,32
73,70,60,0,99,99,97,0,32,0,21,0,59,0,82,14,0,85,70,97,0,99,65,60,0,32,0,0,0,41,0,54,36,0,95,92,28,60,99,90,0,0,48,0,60,0,62,1,74,12,0,98,87,0,0,87,86,0,0,32,0,21,0,59,8,72,4,0,95,95,0,0,99,96,89,0,32,0,0,0,51,4,53,4,0,65,99,0,70,99,99,90,0,32,0,0,0,65,16,99,0,0,0,0,0,0,50,50,50,50,16,13,7,42,7,99,24,24,67,76,65,82,73,78,69,88,85,83
20,37,0,17,99,99,47,32,0,99,84,10,115,8,94,2,10,99,36,41,35,99,77,0,0,39,99,99,10,56,8,99,8,10,50,50,0,23,99,99,99,0,0,95,95,10,59,16,99,2,10,42,54,88,30,82,99,99,15,0,96,0,10,72,8,70,4,10,72,35,27,32,75,99,60,0,0,99,99,10,56,12,72,4,10,72,35,27,32,75,99,60,0,0,99,99,10,56,16,60,2,10,80,99,99,99,56,50,50,50,21,12,11,60,3,13,16,24,76,89,76,69,32,77,65,89,83,32
99,99,35,0,99,99,87,0,46,0,0,12,59,0,63,18,50,98,99,25,0,99,99,99,0,46,0,0,0,56,0,78,2,0,99,99,35,36,99,99,57,0,63,10,0,0,57,0,81,1,0,99,99,99,0,99,99,99,0,46,0,2,0,40,0,55,6,0,99,99,99,0,99,99,99,0,27,0,9,0,40,0,68,2,0,76,99,99,42,99,99,99,0,46,0,13,0,40,0,89,2,0,99,99,99,99,50,50,50,50,3,6,34,36,5,0,32,24,65,110,100,114,111,109,101,100,97,32
89,42,23,0,99,30,16,0,39,21,99,5,113,0,87,10,47,66,62,36,44,99,99,70,0,51,0,0,0,56,0,99,2,0,89,42,23,0,99,30,16,0,39,99,22,5,112,0,87,10,46,66,62,36,44,99,99,70,0,51,0,0,0,56,12,99,2,0,89,42,23,0,99,30,16,0,39,24,99,5,0,4,92,10,48,66,62,36,44,99,99,70,0,51,0,0,0,0,8,99,2,1,0,0,0,0,50,50,50,50,5,4,28,42,5,99,24,24,77,101,114,114,121,71,111,82,110,100
99,54,25,38,99,96,88,85,42,15,29,3,56,12,83,2,0,75,80,31,44,99,0,0,0,0,0,0,0,57,16,95,3,93,83,68,25,46,99,98,0,0,57,0,15,0,65,12,99,2,0,75,69,27,76,99,97,93,88,36,19,44,3,32,8,65,6,0,99,31,22,38,99,97,91,85,42,15,29,3,80,4,79,2,0,83,68,12,44,99,98,0,0,0,0,0,0,44,12,99,2,0,99,99,99,99,50,50,50,50,10,5,35,0,0,0,17,24,80,73,65,78,79,32,32,32,32,32
94,99,0,85,99,99,0,0,34,0,40,0,60,0,86,2,0,94,38,34,68,87,55,0,0,39,50,0,7,75,24,53,22,0,95,61,50,78,99,0,0,0,0,0,0,12,3,28,93,0,3,80,70,35,55,99,90,0,0,44,79,79,11,67,28,99,4,0,85,85,20,54,99,93,0,0,32,0,0,2,82,8,75,2,0,90,85,20,54,99,93,0,0,0,0,0,2,50,0,99,2,0,99,99,99,99,50,50,50,50,15,0,17,0,0,0,24,12,87,85,82,76,73,84,90,69,82,32
78,37,39,58,93,90,77,0,24,0,44,5,64,4,72,12,0,78,37,14,49,93,92,84,0,43,8,35,9,40,4,82,2,0,60,49,43,49,93,90,80,0,43,0,46,9,42,8,88,2,0,55,56,7,56,99,98,36,0,15,0,35,6,64,0,99,1,27,76,53,25,51,96,91,88,0,31,7,39,5,90,4,92,2,0,56,48,25,57,99,96,0,0,15,0,35,7,48,12,99,1,39,95,81,55,82,52,49,50,50,1,6,25,41,28,0,24,12,81,85,65,82,84,69,84,32,32,52
96,89,26,46,99,0,0,0,15,0,0,4,64,16,84,12,0,99,56,26,42,99,0,0,0,15,0,56,4,56,20,83,10,0,99,34,26,39,99,0,0,0,84,14,99,1,58,20,82,2,6,55,99,36,31,0,0,99,0,39,0,0,0,56,0,99,0,96,60,99,46,31,0,0,99,0,39,0,0,0,56,1,99,2,2,99,99,60,31,0,0,99,0,39,0,0,0,56,1,99,2,0,99,99,99,0,50,50,50,48,31,8,42,72,1,75,8,36,79,79,72,32,65,72,72,32,69,69
31,247
240,67,0,9,32,0
79,20,19,9,99,94,0,0,0,0,0,0,59,16,99,4,0,99,29,29,39,99,0,0,0,0,0,0,0,56,0,99,2,0,29,99,10,10,99,99,39,0,0,0,0,0,56,0,72,5,17,59,99,99,39,99,99,99,0,0,0,0,0,112,3,99,5,47,23,19,29,36,99,7,0,59,0,0,0,0,72,0,99,5,30,29,9,29,29,99,9,99,0,17,0,0,0,112,3,99,3,99,99,87,99,99,46,46,50,50,4,8,35,0,0,0,49,24,68,32,100,114,111,110,101,32,32,32
99,68,98,28,99,0,99,0,10,0,0,4,56,0,85,10,0,99,82,98,71,99,0,0,0,0,0,0,0,56,24,97,16,27,61,99,55,56,4,99,0,0,0,0,0,0,56,0,99,0,0,99,82,98,51,99,17,29,0,0,0,0,0,56,0,99,2,0,16,99,56,44,52,99,0,0,0,0,0,0,96,0,99,8,0,99,59,40,62,99,0,0,0,0,0,0,0,17,0,99,4,0,98,98,98,98,50,50,50,50,22,15,57,0,99,0,5,24,65,82,80,69,68,71,101,114,32,32
73,75,5,0,99,99,92,0,49,0,0,0,103,0,84,4,0,77,54,0,47,98,98,36,0,49,0,0,0,26,20,99,4,0,99,74,10,0,98,98,36,0,98,0,0,0,85,4,84,4,0,83,15,10,47,99,92,0,0,49,0,0,0,80,0,99,4,0,64,38,6,0,99,92,99,0,49,0,0,0,55,4,87,4,1,66,33,0,47,99,99,85,0,98,0,0,0,72,0,99,4,0,84,95,95,60,50,50,50,50,4,6,30,0,11,0,32,12,83,89,78,84,72,32,69,78,83,50
73,99,71,18,50,99,31,99,99,0,99,0,112,16,99,6,25,74,21,34,49,99,82,0,0,50,0,0,0,3,0,99,0,0,73,99,71,82,50,99,0,99,99,0,99,0,80,2,78,8,28,74,21,34,65,99,82,0,0,50,0,0,0,115,10,99,2,0,53,61,27,34,99,95,0,0,33,0,26,0,74,2,82,2,0,54,97,99,36,99,99,99,0,41,0,0,0,2,2,99,2,0,99,99,99,99,50,50,50,50,4,8,34,0,0,0,32,24,68,79,85,66,76,69,32,32,52,32
53,64,32,54,70,81,78,0,55,10,0,3,34,0,83,10,0,53,67,38,54,86,92,84,0,0,0,0,0,34,0,79,6,0,96,19,20,54,99,92,89,0,0,0,0,0,34,0,67,2,0,46,45,35,43,94,97,99,0,44,80,30,3,34,0,99,2,0,92,81,15,45,82,90,87,0,54,0,0,0,82,0,87,2,0,45,30,25,43,94,98,97,0,0,0,0,0,82,0,99,2,0,94,67,95,60,50,50,50,50,14,6,30,14,5,0,56,12,67,69,76,76,73,32,32,32,32,32
38,29,20,24,99,95,27,0,41,0,19,0,27,28,75,2,0,38,20,20,28,99,95,0,0,0,0,0,0,91,0,99,2,0,95,29,20,30,99,95,0,0,54,0,27,0,75,24,86,2,0,29,20,20,40,99,95,0,0,0,0,0,0,3,8,99,2,0,95,84,35,27,99,75,0,0,36,46,0,0,59,24,78,38,0,96,25,25,35,99,75,0,0,0,0,0,0,115,8,99,2,0,94,67,95,60,50,50,50,50,4,7,15,33,9,0,40,24,84,72,69,32,87,79,82,68,50,32
78,95,70,0,99,96,79,0,48,0,67,0,57,0,89,4,0,48,0,12,70,99,90,97,0,0,0,0,0,57,0,85,2,0,62,95,70,0,99,96,79,0,48,0,67,0,113,0,90,4,0,50,0,12,70,99,90,97,0,0,0,0,0,57,20,99,2,1,67,95,70,0,99,96,79,0,48,0,67,0,1,4,90,4,0,59,0,12,70,99,90,97,0,0,0,0,0,57,8,99,2,0,99,70,0,0,49,50,50,50,5,5,0,10,10,99,75,24,83,84,69,65,77,32,79,82,71,78
78,48,17,46,99,96,95,0,69,2,41,3,40,0,70,4,0,78,48,17,43,99,96,95,0,69,1,41,3,40,0,74,4,0,74,28,27,41,99,92,88,0,69,0,31,3,40,4,79,4,0,66,12,11,57,99,96,78,0,36,0,0,15,24,12,99,2,0,76,21,22,42,83,78,69,70,46,20,9,5,88,0,91,4,0,66,12,11,53,99,96,78,0,36,0,0,15,88,12,99,2,0,94,78,97,75,52,50,50,50,1,15,37,3,6,0,48,24,83,113,117,97,114,101,115,32,49,32
40,20,99,50,80,99,99,0,0,0,0,0,64,8,99,2,0,40,20,99,50,80,99,99,0,0,0,0,0,72,8,99,2,0,50,99,99,60,99,99,99,0,0,0,0,0,64,7,70,1,33,60,99,99,60,99,99,99,0,0,0,0,0,56,8,99,17,0,40,46,7,60,70,99,96,0,0,0,0,0,64,7,86,2,0,31,30,99,60,60,99,99,0,0,0,0,0,48,8,99,1,36,99,99,99,99,50,50,50,50,14,14,16,0,0,0,24,12,80,104,97,115,101,114,115,32,32,32
75,27,43,50,99,99,0,0,0,0,0,0,56,0,98,2,4,99,99,99,99,99,99,99,99,0,0,0,0,56,0,96,2,0,52,36,43,49,99,99,64,89,0,0,0,0,56,3,56,2,0,58,99,28,46,99,99,0,0,0,0,0,0,56,0,97,2,0,55,99,28,53,99,99,0,0,0,0,0,0,0,0,95,2,0,60,99,28,43,99,99,0,0,0,0,0,0,112,0,99,2,0,99,99,99,99,50,50,50,50,29,15,69,0,0,67,55,24,70,83,72,82,87,72,73,83,84,76
77,56,20,70,99,0,0,0,0,0,0,0,63,0,79,14,21,48,55,22,50,98,61,62,0,0,0,0,0,48,0,70,6,6,66,92,22,50,53,61,62,0,99,0,0,0,56,0,79,2,2,73,35,22,50,99,86,86,0,0,0,0,0,57,0,87,2,0,37,34,15,70,85,0,0,0,0,0,0,0,58,0,70,2,0,74,24,19,67,99,86,39,0,0,0,0,0,58,0,99,2,0,98,98,98,98,50,50,50,50,17,14,40,0,5,0,48,12,83,89,78,46,66,82,65,46,32,51
95,99,99,50,99,99,99,0,0,0,0,0,72,4,99,0,0,76,73,10,28,99,92,0,0,0,0,0,0,72,28,83,6,0,51,74,10,32,98,98,98,0,41,56,0,2,72,24,85,2,0,82,15,10,47,99,92,92,0,56,91,0,3,112,4,99,2,0,99,26,52,29,99,77,0,0,68,0,99,2,35,8,93,0,99,85,56,10,47,99,99,0,0,39,99,0,15,32,8,99,2,0,98,98,98,98,50,50,50,50,27,7,25,35,15,0,16,24,80,121,108,111,115,32,83,121,110,104
96,89,26,46,99,0,0,0,41,20,99,7,96,12,88,42,0,99,56,26,43,99,0,0,27,15,0,56,4,16,12,77,24,0,99,34,26,37,99,0,0,0,84,14,99,1,74,8,94,4,0,83,34,0,43,99,0,0,0,15,0,28,4,1,12,99,2,0,97,29,26,73,99,78,57,0,28,31,25,12,119,12,40,63,25,83,25,0,46,99,99,53,0,15,0,0,4,33,12,99,2,0,98,98,98,98,53,50,50,50,14,8,27,28,10,0,48,24,32,69,78,86,45,75,79,84,79,32
35,15,54,28,99,1,89,0,15,0,96,4,67,0,19,52,2,73,15,54,28,99,1,89,0,15,0,96,4,67,0,99,8,1,35,15,54,28,99,1,89,0,15,0,96,4,59,0,57,44,1,95,15,54,28,99,1,89,0,15,0,96,4,59,0,99,62,0,0,0,0,0,0,0,0,0,0,0,0,0,56,0,0,0,0,0,0,0,0,0,0,0,0,0,0,0,0,56,0,0,0,0,99,99,99,99,50,50,50,50,7,6,56,77,98,88,116,19,83,80,65,67,69,32,87,65,82,32
87,37,31,25,79,68,58,0,94,0,0,4,56,0,94,18,36,77,37,31,35,79,88,88,0,15,0,0,4,8,0,99,8,65,97,37,41,30,89,88,88,0,15,0,0,4,40,0,99,18,4,97,37,51,30,79,88,88,0,49,0,0,4,8,0,69,14,57,97,68,61,25,89,88,86,0,37,0,0,0,56,0,89,16,37,67,37,41,30,99,88,82,0,51,0,0,0,56,0,99,12,4,99,99,99,99,50,50,50,50,18,15,99,0,0,99,0,0,103,111,110,103,32,115,111,114,116,97
99,99,99,80,99,99,99,0,0,0,0,0,32,0,54,2,0,99,99,99,80,99,99,99,0,0,0,0,0,32,0,75,2,0,99,99,55,80,99,99,99,0,0,0,3,0,32,0,74,2,0,78,99,99,80,99,99,99,0,58,0,8,0,40,0,93,2,0,91,89,54,80,85,97,97,0,0,0,3,0,80,0,83,2,0,66,99,80,80,89,99,99,0,58,0,21,0,72,0,99,2,0,50,50,50,50,50,50,50,50,1,15,35,0,0,0,48,24,71,101,108,98,74,97,99,107,32,32
99,72,52,50,99,93,0,0,0,0,8,12,62,12,80,28,14,99,45,59,50,99,96,0,0,0,0,0,0,83,30,99,6,46,99,55,74,69,99,94,0,0,0,0,0,0,25,30,99,5,32,89,54,37,40,99,96,0,0,0,0,3,0,4,20,87,4,0,99,55,37,39,99,96,0,0,0,0,5,0,58,28,72,18,0,89,55,37,39,99,96,0,0,0,0,0,0,58,10,99,2,0,99,99,99,99,51,50,50,50,18,15,35,0,0,0,1,36,123,67,101,108,101,115,116,46,49,125
79,34,13,35,96,92,99,0,28,0,0,4,73,0,81,4,0,75,25,25,45,99,95,90,0,27,0,0,12,90,0,97,1,39,79,36,15,32,95,90,98,0,26,0,0,4,89,0,84,8,0,80,25,25,44,99,95,90,0,27,0,0,12,82,0,99,4,0,99,46,18,27,99,42,68,0,22,0,35,4,41,0,74,56,0,99,37,13,46,99,71,78,0,28,0,0,4,33,16,97,20,0,95,78,88,75,50,50,50,50,4,7,35,0,4,0,48,12,72,89,80,69,82,32,83,81,82,49
42,56,20,70,99,0,0,0,0,0,0,0,63,12,99,14,21,48,12,22,50,99,61,61,0,0,0,0,0,53,0,50,12,4,66,76,22,50,99,61,61,0,63,0,0,0,61,16,74,2,0,41,12,22,50,99,68,64,0,0,0,0,0,61,4,79,2,0,99,12,22,50,85,0,0,0,68,0,96,4,58,28,50,4,5,58,24,19,55,99,89,89,0,0,0,0,0,58,16,99,2,0,86,67,95,60,52,50,50,50,17,15,34,45,5,0,32,24,66,82,32,84,82,85,77,80,69,84
53,42,35,34,99,99,99,0,30,14,6,0,88,3,52,2,50,56,17,34,32,99,99,99,0,30,0,17,0,72,2,90,2,50,62,38,20,38,99,99,99,0,32,0,0,0,64,8,99,4,50,49,42,37,34,99,99,99,99,30,0,3,0,40,3,67,2,99,49,17,34,39,99,99,99,0,30,0,13,0,48,2,91,0,99,57,38,20,38,99,99,99,0,32,0,0,0,48,4,99,0,99,99,99,83,99,49,51,50,50,3,7,1,0,0,90,8,12,76,70,79,82,101,122,53,116,104,92
99,44,59,50,99,96,0,0,0,0,2,0,114,12,80,10,19,99,44,59,50,99,96,0,0,0,0,0,0,94,28,99,6,18,99,54,50,87,99,94,0,0,0,0,0,0,28,15,99,5,11,89,54,37,40,99,96,0,0,0,0,7,0,116,8,91,2,0,60,57,35,39,99,92,0,0,0,0,10,0,3,12,89,2,1,89,54,37,39,99,96,0,0,0,0,0,0,58,0,99,0,0,99,99,99,99,50,50,50,50,18,14,35,0,0,0,49,36,88,89,76,79,32,50,32,32,32,32
96,66,99,33,99,96,89,0,0,0,6,0,57,0,74,16,0,96,76,50,46,99,90,0,0,0,0,0,0,60,0,99,2,0,96,98,44,33,99,96,97,0,0,0,6,0,60,0,80,8,0,96,65,65,50,99,0,0,0,0,0,0,0,59,0,99,5,72,96,80,50,33,78,75,0,0,0,0,0,0,59,0,99,14,0,96,45,50,50,99,90,0,0,0,0,0,0,58,4,99,2,0,99,67,95,60,50,50,50,50,5,8,34,33,0,0,24,24,67,79,87,66,69,76,76,32,32,32
99,53,28,21,99,85,52,0,46,41,9,12,60,0,78,34,0,99,99,0,32,99,99,0,0,56,37,0,8,59,0,70,25,54,99,47,20,23,99,99,99,0,54,47,14,8,59,0,88,2,0,90,60,40,21,99,71,8,0,51,0,2,12,58,20,99,6,0,99,99,0,35,99,99,0,0,49,0,12,8,63,0,76,9,35,71,99,26,42,99,99,0,0,51,75,46,15,56,0,99,0,0,51,46,0,46,0,0,99,81,2,15,35,0,0,0,49,36,87,69,73,82,68,32,32,32,32,32
80,32,18,81,99,95,90,99,10,0,30,0,83,7,64,44,0,80,32,18,81,99,95,90,99,10,0,80,4,59,7,57,14,0,80,32,18,81,99,95,90,99,0,0,0,4,91,23,96,0,0,80,32,18,81,99,95,90,99,0,0,0,0,83,11,99,2,0,80,32,18,81,99,95,90,99,58,0,15,0,59,11,96,0,0,80,32,45,64,99,95,97,96,0,0,0,0,59,11,99,2,0,99,99,99,99,50,50,50,50,1,9,35,3,0,99,3,24,68,111,119,110,115,116,97,105,114,115
70,51,29,29,82,95,96,0,27,0,19,7,56,0,86,0,99,50,32,32,37,99,60,60,0,39,0,15,15,8,0,75,22,0,70,51,29,29,82,95,96,0,27,0,19,7,88,0,86,0,99,50,32,32,37,99,95,96,0,39,0,15,15,40,0,89,2,0,50,51,29,29,82,95,96,0,27,0,19,7,112,8,99,0,0,39,32,32,37,99,94,96,0,39,0,15,15,112,0,99,0,0,99,95,95,0,44,54,50,50,4,5,32,94,25,0,24,24,72,89,77,78,69,83,32,75,66,32
98,12,71,28,99,0,32,0,0,0,0,0,42,0,75,4,75,95,33,71,25,99,0,32,0,0,0,0,0,18,4,99,2,0,98,12,71,28,99,0,32,0,0,0,0,0,82,4,78,4,75,95,33,71,25,99,0,32,0,0,0,0,0,74,12,95,2,0,95,33,71,25,99,0,32,0,0,0,0,0,58,4,99,2,2,95,33,71,25,99,0,32,0,0,0,0,0,2,0,89,2,0,67,95,95,60,50,50,50,50,4,8,34,35,56,2,8,0,67,65,82,71,79,32,72,85,76,76
99,45,99,0,99,0,0,0,46,33,0,4,60,8,82,62,0,99,31,22,99,99,83,0,0,15,0,11,4,60,12,67,14,0,92,69,22,47,99,97,0,0,25,0,21,4,68,4,88,2,0,99,14,13,40,99,91,0,0,15,0,0,4,5,8,93,0,1,99,85,69,40,43,99,54,0,47,0,0,4,58,4,99,7,99,20,99,58,40,32,99,0,0,37,94,0,4,58,12,99,8,0,98,98,98,98,50,50,50,50,0,2,33,12,9,99,24,24,80,73,67,75,73,42,83,89,78,32
94,44,0,55,99,28,0,0,0,0,0,0,56,0,85,18,0,99,0,0,0,99,0,0,0,52,75,0,0,96,0,62,0,0,90,46,0,55,90,30,0,0,27,0,14,0,57,0,93,10,0,88,96,0,30,79,65,0,0,0,0,0,0,24,0,97,0,0,99,20,0,0,99,0,0,0,41,0,0,0,40,0,80,0,0,95,62,10,58,99,95,32,0,36,57,0,3,56,0,94,0,0,94,67,95,60,50,50,50,50,17,15,35,0,0,0,48,36,68,111,105,110,107,32,32,32,32,32
90,53,25,54,99,60,0,0,7,0,0,0,58,28,90,16,0,56,31,20,54,99,80,0,0,52,36,89,5,91,8,99,4,0,97,69,13,54,99,81,0,0,0,0,0,0,59,16,53,22,0,55,31,20,54,99,80,0,0,36,36,0,0,91,4,99,2,0,83,99,0,55,99,99,75,0,0,0,0,4,59,8,3,12,0,43,31,20,54,99,80,0,0,46,85,90,5,107,8,98,2,99,94,68,95,60,50,50,50,50,4,7,34,33,0,0,16,24,67,104,105,102,102,83,121,110,116,104
99,99,36,41,99,99,0,0,39,0,0,3,56,1,85,2,2,99,99,99,42,99,99,99,0,39,0,0,3,56,0,66,18,1,99,99,29,30,99,99,99,0,39,0,0,3,61,0,68,24,5,99,71,39,42,99,70,0,0,39,0,0,3,56,0,99,8,8,99,71,30,42,99,70,0,0,39,0,0,3,56,0,98,4,0,99,99,36,41,99,99,0,0,39,0,0,3,56,0,99,2,0,99,98,75,60,50,50,50,50,6,15,36,0,0,0,57,24,70,69,82,82,79,67,72,73,78,65
47,19,29,35,99,39,0,0,0,0,0,0,96,0,99,2,0,99,99,99,19,99,99,99,0,0,0,0,0,2,12,93,2,0,99,99,99,19,99,99,99,0,0,0,0,0,57,8,84,1,47,32,32,39,29,99,0,0,0,0,0,0,0,113,4,99,2,0,47,19,29,35,99,39,0,0,0,0,0,0,56,0,99,2,1,47,19,29,35,99,39,0,0,0,0,0,0,24,0,99,2,0,99,99,99,99,50,50,50,50,29,12,35,0,0,0,49,24,115,112,97,99,101,83,104,105,109,101
99,46,35,73,99,92,71,0,41,0,12,0,31,8,91,2,0,99,0,10,99,99,99,0,0,0,0,0,0,56,12,99,2,0,49,74,10,99,98,98,36,0,0,0,0,0,112,0,76,2,0,57,15,10,47,99,92,0,0,39,0,1,0,104,0,99,2,0,81,13,7,25,99,92,28,0,48,0,1,0,8,0,74,2,0,56,56,10,47,98,98,36,0,0,0,0,0,56,4,99,2,0,83,99,99,87,50,50,50,50,4,14,30,61,21,0,40,24,65,76,71,79,77,79,79,71,32,32
120,247
240,67,0,9,32,0
14,99,0,13,99,99,84,0,55,0,75,0,57,0,89,4,0,15,99,0,15,99,99,84,0,51,0,0,0,57,0,85,2,0,16,99,0,17,99,99,84,0,48,0,30,0,113,0,90,4,0,17,99,0,19,99,99,84,0,51,0,0,0,57,20,99,2,1,18,99,0,21,99,99,84,0,48,0,67,0,1,4,90,4,0,19,99,0,23,99,99,84,0,51,0,0,0,57,8,99,2,0,0,0,0,0,50,50,50,50,5,5,37,42,38,99,8,36,69,88,80,65,78,46,32,65,48,54
42,56,20,70,99,0,0,0,0,0,0,0,63,12,99,10,21,56,12,22,50,99,61,61,0,0,0,0,0,53,0,26,12,4,78,76,22,50,99,61,61,0,63,0,0,0,58,16,99,8,50,71,12,22,50,99,75,61,0,0,0,0,0,61,4,63,8,0,99,40,45,50,86,21,0,0,68,0,95,4,58,0,84,4,1,85,99,99,55,99,99,99,0,0,0,0,0,58,16,99,2,0,86,67,95,60,52,50,50,50,16,7,34,43,5,0,32,24,45,45,45,45,76,69,65,68,45,45
73,70,60,0,99,99,97,0,32,0,21,0,59,0,47,20,0,85,70,97,0,99,65,60,0,32,0,0,0,41,0,68,16,0,95,92,28,60,99,90,0,0,48,0,60,0,62,1,96,12,0,98,87,0,0,87,86,0,0,32,0,21,0,59,8,92,8,0,95,95,0,0,99,96,89,0,32,0,0,0,51,6,68,4,0,65,0,12,70,99,90,97,0,32,0,0,0,65,16,99,2,0,0,0,0,0,50,50,50,50,16,13,37,42,7,99,24,24,77,79,79,71,32,56,65,32,32,32
99,80,80,23,99,99,99,0,15,0,15,0,98,16,80,6,0,25,80,80,25,99,99,99,0,0,0,0,0,114,0,99,2,0,99,80,80,23,99,99,99,0,15,0,15,0,42,16,80,6,0,25,80,80,25,99,99,99,0,0,0,0,0,58,0,99,2,0,99,80,80,23,99,99,99,0,15,0,15,0,90,16,80,6,0,25,80,80,25,99,99,99,0,0,0,0,0,2,0,99,2,0,99,99,99,99,50,50,50,50,5,8,29,0,0,0,16,12,32,32,66,82,79,78,90,69,32,32
89,65,62,74,99,99,0,0,0,0,99,12,60,20,99,24,0,89,64,38,74,99,99,0,0,0,0,14,8,61,28,70,18,0,59,61,41,71,99,99,0,0,0,0,0,0,53,28,64,18,0,59,60,74,71,99,99,99,0,0,0,0,0,61,0,71,0,0,59,90,22,71,27,86,0,0,0,0,0,0,101,20,69,8,0,88,52,33,71,99,86,0,0,0,0,0,0,112,8,99,0,99,99,99,99,99,50,52,50,50,16,15,35,0,0,0,17,24,80,85,76,76,45,79,70,70,32,32
95,47,74,25,99,0,59,0,36,59,78,12,4,16,61,24,0,53,60,28,31,72,99,46,0,39,89,47,8,56,1,99,0,0,98,12,71,28,99,0,32,0,0,0,0,0,2,0,75,4,50,95,33,71,25,99,0,32,0,0,0,0,0,18,0,73,2,0,97,13,70,29,99,0,33,0,46,19,0,3,82,0,78,4,75,96,34,70,24,99,0,38,0,0,0,0,0,2,11,99,2,1,65,99,99,99,51,50,50,50,5,4,5,27,15,18,16,36,42,79,99,116,97,118,105,97,110,32
99,99,99,45,88,67,97,0,39,32,7,3,34,4,66,10,0,65,82,99,50,63,65,81,0,39,67,26,3,81,4,99,6,0,60,99,99,45,99,99,99,0,24,49,29,9,82,12,99,2,0,99,99,99,45,61,67,91,0,39,28,7,3,90,4,72,10,0,71,50,17,50,89,81,70,0,39,67,26,3,73,4,99,6,0,60,99,99,45,99,99,99,0,24,49,29,9,34,12,99,2,0,99,99,99,99,50,50,50,50,3,8,32,34,13,0,49,12,83,84,65,67,67,65,84,79,32,32
99,99,28,70,91,85,55,0,15,0,74,4,117,0,71,62,48,99,51,23,50,99,94,46,0,15,0,0,4,4,0,99,2,0,75,72,99,99,98,70,42,0,15,0,36,12,81,3,47,16,43,90,3,25,50,99,94,0,0,15,0,19,4,116,0,98,2,0,99,51,23,50,99,94,0,0,15,0,0,4,56,3,99,62,75,90,51,28,50,99,94,0,0,38,0,99,0,61,0,99,0,0,99,99,99,99,51,50,50,50,7,5,25,78,27,17,24,12,73,110,100,117,115,116,114,105,97,108
93,16,17,17,99,51,0,0,10,0,0,4,85,4,99,12,0,94,17,15,15,99,87,0,0,10,0,0,4,61,4,38,12,0,95,16,15,15,99,85,0,0,0,0,0,4,93,4,99,2,0,95,17,17,23,99,95,0,0,0,0,0,0,85,8,99,2,0,80,7,8,8,99,85,0,0,0,0,0,4,117,8,99,2,0,80,32,18,23,99,95,0,0,0,0,0,0,5,8,99,2,0,98,98,98,98,50,50,50,50,0,2,24,71,66,15,16,24,83,89,78,46,83,73,84,65,82,32
99,42,99,37,99,98,99,18,0,0,0,0,0,0,99,0,0,82,35,25,36,98,65,78,3,0,0,0,0,56,0,62,20,0,92,88,74,43,95,23,88,5,0,0,0,0,56,0,80,0,0,99,73,99,43,99,36,99,8,0,0,0,0,56,0,75,8,52,59,25,5,33,91,80,71,3,0,0,0,0,56,0,82,0,0,46,51,36,29,95,85,90,1,0,0,0,0,56,0,99,2,0,99,99,99,99,50,50,50,50,27,8,19,24,7,15,57,24,80,108,105,97,100,105,101,115,32,32
98,91,20,28,99,0,0,0,0,0,0,0,2,0,73,63,35,94,78,71,33,99,0,0,0,0,0,0,0,58,20,94,31,96,98,12,71,33,99,0,32,0,0,0,0,0,0,0,64,6,75,80,33,71,40,99,0,32,0,0,0,0,0,114,8,64,46,0,98,12,71,33,99,0,32,0,0,0,0,0,1,0,47,6,75,99,33,71,40,99,0,32,0,0,0,0,0,92,8,88,10,0,99,98,99,99,50,50,50,50,4,7,35,0,0,0,24,20,84,114,105,97,110,103,108,101,115,49
99,99,99,99,99,99,0,0,32,0,0,8,56,0,99,4,0,99,99,99,99,99,99,99,0,80,0,0,7,56,0,78,2,0,21,47,99,57,42,99,99,0,56,0,0,12,59,3,99,2,0,99,80,35,0,99,6,0,0,48,0,0,4,32,8,99,13,25,95,70,0,0,99,0,0,0,41,0,0,4,80,0,99,19,69,96,57,42,99,99,0,0,0,56,0,0,12,59,12,99,5,14,99,11,7,99,71,60,53,0,3,13,56,0,99,99,56,24,72,79,82,83,69,32,50,32,74,72
95,16,28,24,94,79,0,0,60,54,0,1,71,12,89,6,0,95,35,23,28,99,70,0,0,52,0,35,3,92,16,79,6,0,74,99,23,39,81,99,0,0,0,0,0,0,27,20,99,2,0,95,50,45,10,99,99,0,0,58,0,37,0,11,0,91,4,0,95,46,32,12,99,99,0,0,52,8,0,3,43,12,76,4,0,32,95,29,37,65,99,0,0,60,0,0,0,101,20,99,2,0,94,67,95,60,50,50,50,50,2,14,34,33,0,0,25,24,68,66,76,46,72,65,82,80,32,66
72,76,10,95,99,92,0,0,0,0,0,0,96,8,71,24,0,76,73,10,28,99,92,0,0,0,0,0,0,40,8,71,4,0,49,74,10,32,98,98,98,0,41,56,0,2,72,8,72,16,0,58,15,10,46,99,92,92,0,56,91,0,3,56,4,99,4,0,88,7,7,29,93,56,28,0,68,0,99,2,32,0,91,4,1,66,56,10,55,99,98,36,0,39,99,0,15,16,8,99,4,1,99,98,98,99,50,50,50,50,27,15,30,35,15,0,16,0,83,121,110,116,104,79,114,99,104,32
63,78,32,40,99,99,0,0,0,0,0,0,96,0,67,8,0,63,78,32,40,99,99,0,0,0,0,0,0,16,0,67,8,0,54,99,67,40,99,99,0,0,0,0,0,0,56,0,58,18,1,62,78,32,40,99,99,0,0,0,0,0,0,56,0,67,8,0,71,78,32,40,99,99,0,0,0,0,0,0,112,0,99,2,0,71,78,32,40,99,99,0,0,0,0,0,0,56,0,99,2,0,99,99,99,99,51,50,50,50,31,8,35,0,0,0,49,36,66,101,108,108,115,66,105,108,108,115
99,0,21,11,99,97,88,80,60,0,50,3,1,0,61,13,2,39,17,29,27,99,98,88,0,27,7,9,3,2,0,90,0,4,60,26,26,26,98,94,92,0,39,10,0,3,82,4,99,0,0,19,0,38,27,99,97,90,84,60,0,50,3,81,8,80,3,99,39,17,29,27,99,98,88,0,27,7,9,3,10,0,90,0,1,60,26,26,26,98,94,92,0,39,10,0,3,2,0,99,0,0,99,80,80,99,28,32,50,50,3,1,49,99,0,0,48,24,65,110,103,114,121,61,71,111,100,115
99,83,26,47,99,0,0,0,54,0,0,0,60,20,99,50,0,99,83,26,47,99,0,0,0,54,0,0,0,60,20,87,1,0,99,59,33,47,99,90,0,0,54,0,0,0,60,20,99,6,0,99,56,29,47,99,93,0,0,54,0,0,0,60,28,99,1,5,99,34,13,28,80,75,0,0,54,0,0,0,60,8,99,2,0,99,40,16,30,99,92,0,0,0,0,0,0,59,4,99,1,12,94,67,95,60,50,50,50,50,6,15,34,33,0,0,40,24,71,97,114,115,46,86,99,101,49,32
90,52,25,54,99,99,98,0,7,0,0,0,58,2,69,15,0,72,78,20,57,99,99,99,0,0,0,0,0,59,3,68,2,0,97,41,13,54,99,81,0,0,0,0,0,0,59,16,42,28,0,95,27,20,54,99,80,0,0,36,36,0,0,115,8,94,2,0,95,0,25,54,99,75,0,0,0,0,0,0,59,12,76,2,0,96,23,25,54,99,75,0,0,0,0,0,0,59,8,95,2,0,94,67,95,60,50,50,50,50,14,1,34,33,0,0,24,24,69,108,101,99,80,105,97,110,49,50
99,99,99,0,99,99,99,0,0,0,0,2,56,0,99,18,6,93,99,99,0,99,99,99,0,0,0,0,0,56,0,99,6,15,83,46,53,30,99,99,75,29,0,0,0,0,88,20,79,6,17,67,99,0,44,99,99,99,0,0,0,0,0,88,4,80,6,0,96,94,30,39,99,99,0,0,0,0,5,0,0,0,82,4,0,58,99,0,44,99,99,99,0,0,0,0,0,0,4,99,1,0,99,99,99,99,50,50,50,50,0,15,38,0,10,0,32,12,65,105,114,45,45,45,42,45,45,51
99,81,14,0,99,71,0,0,0,0,6,0,40,12,98,6,1,99,10,21,2,99,83,0,0,43,17,13,3,71,16,82,2,1,99,25,39,45,99,97,0,0,0,0,0,0,115,4,99,2,1,94,70,19,12,82,67,0,0,57,20,0,3,31,0,78,18,0,98,36,6,32,91,90,0,0,59,18,0,3,90,8,80,2,0,99,27,26,38,99,95,0,0,39,0,26,15,29,4,94,2,0,99,99,99,99,50,50,50,50,2,12,45,0,0,0,48,24,72,79,78,75,89,45,84,79,78,75
29,72,48,17,53,47,41,0,0,0,0,0,64,8,84,8,2,35,21,36,39,99,90,85,0,0,0,0,0,48,4,99,8,1,28,19,41,12,48,58,20,9,0,0,0,0,80,12,92,4,2,32,20,53,35,99,94,97,0,0,0,0,0,112,12,99,4,0,98,99,63,63,99,99,0,0,55,0,74,0,48,12,94,8,0,99,38,34,39,99,94,0,0,0,0,0,0,24,0,99,8,0,18,60,95,60,48,51,50,50,4,8,36,58,38,2,48,12,79,90,32,32,32,32,32,32,32,32
99,68,29,15,99,0,21,32,39,20,0,0,58,16,99,32,0,99,0,45,39,99,0,50,0,0,0,0,0,56,24,91,4,0,98,50,71,28,99,0,32,0,0,0,0,0,42,16,83,4,75,95,33,71,30,99,0,32,0,0,0,0,0,18,24,99,2,0,98,46,71,14,99,0,66,0,0,0,0,0,82,16,80,4,75,95,33,71,30,99,75,67,0,0,0,0,0,74,24,99,2,0,9,4,19,62,50,50,50,50,4,11,26,13,3,0,48,24,83,112,97,99,101,42,98,101,108,108
99,77,55,0,78,78,0,0,41,24,0,3,63,4,98,54,0,99,64,0,8,82,48,0,0,32,0,0,0,61,20,99,6,0,90,65,0,82,82,48,0,0,0,0,17,0,57,28,99,10,0,99,30,34,46,99,80,0,0,0,0,0,0,57,12,99,2,0,75,45,36,25,99,87,0,0,0,0,9,3,45,8,76,6,0,99,33,35,28,99,80,0,0,43,99,0,3,56,28,99,1,18,94,67,95,60,50,50,50,50,8,15,21,0,0,0,33,12,77,65,82,73,77,66,65,32,50,32
99,51,17,30,97,9,0,0,10,32,0,4,82,4,65,24,0,95,18,17,66,99,95,0,0,38,98,98,6,56,8,91,0,0,95,99,24,84,99,99,0,0,0,0,0,4,63,12,99,4,0,95,17,17,66,99,95,0,0,38,98,98,6,56,16,75,4,0,99,40,21,30,99,85,0,0,0,0,0,4,112,8,74,0,0,80,33,18,66,99,95,0,0,0,0,0,0,60,12,99,0,0,99,98,75,61,50,50,50,50,3,0,35,30,0,0,48,24,82,105,99,107,115,46,67,108,97,118
98,91,0,28,99,0,0,0,0,0,0,0,2,0,77,44,58,76,78,71,70,99,0,0,0,0,0,0,0,58,20,99,7,32,98,12,71,28,99,0,32,0,0,0,0,0,40,0,96,2,50,95,33,71,25,99,0,32,0,0,0,0,0,16,0,82,48,4,98,12,71,28,99,0,32,0,0,0,0,0,82,0,99,0,50,95,33,71,25,99,0,32,0,0,0,0,0,74,0,96,0,0,99,99,99,99,50,50,50,50,24,7,0,0,0,0,8,36,76,105,118,68,110,103,115,108,121,32
32,28,33,12,99,95,0,0,39,0,0,3,73,8,97,1,79,36,27,35,31,99,90,0,0,0,0,0,0,56,3,99,20,3,28,24,32,26,99,95,0,0,39,0,0,3,89,8,99,1,72,48,27,35,35,99,90,0,0,0,0,0,0,104,3,99,16,0,30,21,31,26,99,95,0,0,39,0,0,3,25,8,97,17,78,44,27,35,34,99,90,0,0,0,0,0,0,8,3,99,8,0,71,38,0,6,44,52,50,24,4,0,61,99,42,0,68,0,71,111,115,116,72,105,119,97,121,49
52,45,29,48,99,91,0,0,34,0,55,0,4,12,55,56,0,99,38,26,48,99,96,0,0,46,6,9,3,36,4,92,2,0,99,16,26,99,99,0,0,0,46,0,44,3,39,20,99,2,0,99,42,31,48,99,82,0,0,43,4,17,3,60,4,67,28,0,99,20,26,48,99,0,0,0,46,9,24,15,84,4,86,2,0,99,26,26,99,99,0,0,0,46,0,0,3,86,20,99,2,0,99,99,99,99,50,50,50,50,2,0,39,99,0,0,33,12,67,104,111,114,46,67,108,97,118,105
45,99,99,18,99,99,99,0,20,0,4,0,72,7,93,2,0,45,99,99,25,99,99,99,0,0,0,10,0,40,7,74,10,0,60,99,99,32,99,99,99,0,21,0,3,0,40,4,68,2,0,63,25,22,40,94,99,0,0,10,0,5,0,56,4,99,2,0,74,75,3,19,99,91,78,0,45,3,26,0,112,12,94,16,21,81,56,36,41,99,89,35,0,79,11,0,0,112,12,93,8,33,89,54,47,67,47,53,50,50,7,7,17,0,26,0,24,24,70,97,110,116,97,115,105,97,53,98
99,39,28,34,99,94,0,0,32,0,27,1,72,24,99,32,0,99,39,28,34,99,94,0,0,32,0,0,1,64,16,75,12,0,99,38,27,34,99,94,0,0,32,0,0,1,83,8,97,1,60,99,38,26,34,99,94,0,0,32,0,0,1,59,0,99,1,40,99,44,34,35,99,94,0,0,32,0,0,1,67,4,76,22,9,79,28,25,33,99,95,0,0,32,0,0,1,59,0,80,6,0,0,0,0,0,50,50,50,50,8,13,35,23,0,0,8,12,78,69,87,32,66,69,76,76,83,32
0,0,25,0,99,75,0,0,0,99,10,1,55,8,52,6,0,81,58,36,39,99,14,0,0,48,0,66,0,55,12,93,2,58,74,23,22,45,99,78,0,0,0,0,0,0,29,16,99,2,0,81,25,25,14,99,99,99,0,30,23,17,0,55,12,71,6,0,99,2,25,0,99,75,0,0,0,0,13,0,103,12,91,2,0,75,25,20,48,99,82,0,0,0,85,0,3,45,12,99,2,0,94,67,95,60,50,50,50,50,18,10,35,0,0,0,0,24,71,82,65,78,68,80,73,65,78,79
0,20,0,40,99,38,0,0,0,0,0,0,56,0,85,8,0,25,97,35,41,99,36,99,0,0,0,0,0,112,24,99,2,0,0,2,99,38,99,64,99,0,0,0,0,0,56,28,99,2,0,0,66,27,27,99,41,78,0,0,0,0,0,56,0,99,44,0,92,60,99,32,97,6,6,0,0,0,0,0,60,24,99,24,0,28,28,53,33,82,83,80,0,0,0,0,0,112,0,99,0,0,99,99,99,99,50,50,50,50,28,6,49,60,9,0,59,24,99,108,105,99,107,78,101,98,117,108
75,20,40,40,99,99,99,60,39,0,0,12,0,12,86,6,0,65,25,40,40,99,99,99,0,39,0,0,12,56,0,91,9,0,66,20,40,40,99,78,60,0,51,0,0,15,72,9,84,0,0,99,20,40,40,99,99,90,0,51,0,0,15,16,8,96,2,0,97,31,40,40,99,99,99,0,39,0,0,12,112,8,94,2,0,70,25,40,40,99,78,60,0,39,0,0,12,56,1,99,2,0,99,69,75,99,50,50,50,50,5,15,30,40,10,0,32,24,84,69,77,80,69,76,46,32,32,32
75,247
240,67,0,9,32,0
0,32,20,30,99,99,0,0,10,0,55,4,58,8,96,0,0,99,79,20,40,99,97,87,0,10,0,50,4,59,8,99,0,1,99,53,75,75,99,35,0,0,0,0,0,4,56,8,64,16,29,99,73,20,89,99,95,0,0,0,0,0,0,56,4,99,0,0,29,65,21,35,92,93,0,0,0,0,0,0,56,8,84,2,0,78,53,20,43,99,95,0,0,0,0,0,0,56,4,99,2,0,97,98,75,60,55,40,50,50,7,2,35,89,0,0,73,24,84,69,78,74,73,75,85,32,32,32
31,15,10,72,99,92,0,0,0,0,0,0,56,0,78,12,0,52,15,10,55,99,92,0,0,0,0,0,0,56,0,78,4,0,62,56,10,51,98,98,36,0,98,0,0,0,56,0,79,2,0,99,15,10,55,99,92,0,0,0,0,0,0,104,0,97,4,0,99,13,7,63,99,92,28,0,0,0,0,0,8,0,82,2,0,99,56,10,82,98,98,36,0,98,0,0,0,56,0,99,4,0,84,95,95,60,50,50,50,50,1,15,27,81,46,0,24,12,65,66,82,65,88,65,83,32,32,32
99,40,99,38,0,0,99,0,0,0,0,0,56,2,70,62,18,99,41,99,38,0,0,99,0,0,0,0,0,56,3,99,32,15,99,44,99,38,0,0,99,0,0,0,0,0,56,3,99,16,14,99,49,99,38,0,0,99,0,0,0,0,0,56,2,99,8,13,99,54,99,38,0,0,99,0,0,0,0,0,56,2,99,4,12,99,99,99,38,0,0,99,0,0,0,0,0,56,3,99,2,0,99,99,99,99,50,50,50,50,31,8,12,64,4,31,1,24,87,79,78,68,69,82,32,32,32,32
88,27,20,32,99,70,0,0,0,0,0,0,61,12,69,20,0,88,27,20,32,99,70,0,0,0,0,0,0,36,20,74,6,0,59,53,51,32,99,46,0,0,38,10,33,0,46,24,62,15,78,88,27,20,28,99,70,0,0,39,25,0,0,92,0,95,2,0,96,32,34,32,94,76,0,0,0,0,0,0,75,8,96,6,0,88,27,20,28,99,70,0,0,0,0,0,0,5,0,76,2,0,99,99,99,99,50,50,50,50,13,8,35,0,0,0,49,24,69,76,69,67,32,72,65,82,80,32
67,12,20,32,99,10,0,0,49,0,0,0,48,24,73,6,4,80,0,4,0,99,67,0,0,49,0,0,0,0,0,72,18,46,80,1,4,0,99,67,0,0,49,0,0,0,56,0,82,25,71,67,27,14,48,99,67,0,0,49,0,0,0,56,0,99,3,0,28,34,35,4,99,67,0,0,49,0,0,0,56,0,71,32,28,32,1,47,48,99,67,0,0,49,0,0,0,16,0,99,3,0,99,99,99,99,50,50,50,50,0,0,99,0,30,0,90,0,103,114,105,108,108,111,101,108,99,49
95,33,18,24,99,79,0,0,0,0,0,0,63,17,78,14,0,95,29,13,28,99,70,0,0,52,0,35,3,61,16,81,6,0,47,91,36,34,60,99,0,0,0,0,0,0,91,28,99,2,0,95,50,19,10,99,70,0,0,58,0,37,0,57,16,66,10,0,95,28,7,12,99,63,0,0,52,8,0,3,59,12,76,4,0,91,32,27,34,99,70,0,0,0,0,0,0,3,12,99,2,0,94,67,95,60,50,50,50,50,2,15,34,33,0,0,25,24,76,117,116,101,32,32,50,32,32,32
99,27,60,53,99,0,0,0,54,0,0,0,73,0,99,2,0,99,13,60,53,98,82,85,0,54,0,0,0,57,0,56,2,1,99,35,20,53,98,47,0,0,54,0,0,0,105,4,89,2,0,99,71,20,54,99,92,84,0,0,0,0,0,2,0,91,1,0,99,82,22,54,98,92,0,0,54,0,0,0,1,4,90,2,0,77,70,20,54,99,97,95,0,0,0,0,0,2,4,99,1,4,94,67,95,60,50,50,50,50,1,15,32,0,0,71,56,36,65,110,110,97,66,114,105,84,69,66
93,28,14,17,83,95,0,97,11,0,4,4,76,4,74,2,0,83,34,19,89,87,88,0,87,8,0,24,4,76,4,71,18,0,93,35,28,79,95,79,0,84,17,0,10,4,98,4,90,2,0,96,34,16,43,87,99,0,0,0,0,0,0,75,8,94,2,0,92,13,10,89,99,72,0,80,8,0,4,4,108,12,89,2,0,98,34,28,46,84,96,0,0,0,0,0,0,118,12,87,2,0,98,99,76,73,50,50,50,50,1,2,34,60,0,1,48,19,72,97,114,112,115,105,116,97,114,32
36,25,49,32,99,68,0,0,2,0,0,10,56,8,62,32,75,37,22,22,49,99,22,15,0,2,0,0,10,104,15,99,10,0,36,36,22,43,99,42,37,0,2,0,0,10,88,1,44,56,0,42,16,33,40,99,32,0,0,2,0,5,10,48,3,99,10,0,25,24,22,26,99,66,0,0,2,0,0,10,88,0,36,30,0,35,18,22,34,99,80,43,0,2,0,0,10,0,3,99,10,0,99,99,99,99,50,50,50,50,4,12,39,0,6,0,24,19,79,88,79,78,65,76,32,32,32,32
89,80,22,65,99,99,99,0,0,0,60,4,56,1,58,8,1,88,68,22,75,70,70,70,0,78,0,5,8,56,3,84,16,1,62,80,22,50,99,99,99,0,0,0,20,0,48,1,98,4,1,47,80,22,63,99,99,99,0,35,13,15,0,60,2,97,2,1,85,50,57,64,57,75,99,0,0,0,30,0,56,2,99,8,1,53,80,41,48,99,97,99,0,35,13,10,3,58,2,91,0,0,94,3,95,60,50,50,50,50,24,3,35,63,0,0,16,24,67,104,117,114,99,104,80,105,112,101
98,87,0,0,87,86,0,0,32,0,21,0,59,28,78,24,0,95,95,0,0,99,96,89,0,32,0,0,0,43,24,99,0,0,30,92,28,60,99,90,0,0,32,0,0,0,59,8,99,2,0,67,87,0,0,87,86,0,0,32,0,21,0,59,4,71,6,50,22,95,0,0,99,96,89,0,32,0,0,0,51,4,99,0,0,99,92,28,60,99,90,0,0,32,0,0,0,67,12,99,0,0,0,0,0,0,50,50,50,50,16,13,30,0,0,0,40,24,83,89,78,67,46,67,76,65,86,50
97,32,45,42,99,80,0,0,37,99,0,0,90,19,85,0,0,52,32,45,42,99,80,0,0,0,0,0,0,0,11,93,1,41,97,32,45,42,99,80,0,0,45,99,0,0,58,28,52,16,0,97,32,45,42,99,80,0,0,0,0,0,0,56,0,99,0,0,99,32,45,33,99,80,0,0,56,0,99,0,10,4,99,2,0,34,32,45,35,99,80,0,0,55,0,99,0,104,0,99,2,0,99,99,99,99,50,50,50,50,14,11,35,0,0,0,49,36,83,104,105,109,32,112,105,32,32,32
99,53,20,99,99,0,0,99,32,0,0,0,42,0,75,48,32,99,43,21,78,99,0,0,78,25,0,64,0,2,0,42,44,82,99,70,23,80,99,81,0,87,21,99,99,7,115,4,99,2,0,85,49,20,53,99,95,0,0,0,0,0,0,59,16,99,2,0,99,26,21,85,99,0,0,99,36,0,0,0,116,0,60,16,78,99,38,21,64,99,0,0,0,39,19,0,0,116,28,80,2,0,59,99,78,0,49,51,50,50,8,15,35,0,0,0,6,12,69,46,80,73,65,78,79,32,49,49
78,62,99,99,90,0,0,99,0,0,0,0,58,8,99,7,50,99,94,55,28,0,99,0,0,39,0,96,4,58,8,81,16,2,32,67,45,75,36,99,78,0,0,0,0,0,58,8,67,2,30,57,99,50,67,99,99,65,0,29,0,52,4,58,25,92,2,0,61,42,38,43,99,91,0,0,99,25,0,1,60,16,82,5,94,68,99,32,38,99,99,0,0,29,0,75,4,57,20,99,2,0,99,99,99,99,50,50,50,50,12,15,19,0,0,0,17,24,79,84,72,69,82,77,66,73,82,65
21,87,78,64,49,99,0,0,0,0,0,0,58,0,99,7,31,22,87,78,64,49,99,0,0,0,0,0,0,58,0,99,7,39,26,85,72,64,49,99,0,0,0,0,0,0,58,0,99,7,38,30,86,76,64,49,99,0,0,0,0,0,0,58,0,99,7,34,40,89,85,64,49,99,0,0,0,0,0,0,58,0,99,7,38,80,89,78,56,99,87,0,0,0,0,0,0,58,0,99,7,30,99,99,99,99,50,50,50,50,31,8,35,0,0,0,49,24,67,65,83,84,69,78,69,84,83,32
99,99,99,99,99,99,99,99,0,0,0,0,56,0,0,0,0,99,99,99,99,99,99,99,99,0,0,0,0,56,0,0,2,0,2,38,34,99,10,10,99,0,0,0,0,0,56,0,78,18,61,36,99,86,99,99,99,0,0,0,0,0,0,56,0,99,0,8,99,99,99,99,99,99,80,0,0,0,0,0,56,0,99,0,49,42,99,99,99,99,99,99,0,0,0,0,0,56,0,99,0,17,99,99,99,99,51,50,50,55,27,3,35,0,0,0,49,24,82,101,118,101,114,115,50,32,32,32
99,50,60,10,99,99,95,0,0,0,20,0,81,1,99,0,0,99,50,60,10,99,99,95,0,0,0,20,0,57,1,99,0,0,99,20,20,10,59,99,70,0,0,0,0,0,56,3,99,2,0,99,99,99,99,99,99,99,0,0,0,0,0,56,1,95,2,0,60,50,99,99,99,89,69,0,99,30,0,0,84,9,99,0,0,99,99,99,99,99,99,99,0,99,99,0,3,62,3,99,0,0,99,99,99,99,50,50,50,50,12,7,30,0,0,89,6,24,70,105,108,116,83,113,114,76,70,79
99,98,10,99,99,99,99,0,0,0,0,0,56,0,73,2,0,99,0,10,99,99,99,99,0,0,0,0,0,56,0,89,6,0,99,98,10,99,99,99,99,0,0,0,0,0,56,0,90,6,0,99,98,10,99,99,99,99,0,0,0,0,0,56,0,90,6,40,99,0,84,99,99,18,99,0,0,0,0,0,56,0,90,4,0,99,98,10,99,99,99,99,0,0,0,0,0,56,0,91,0,0,75,80,75,60,50,50,50,50,28,14,35,14,22,0,25,24,54,48,45,83,32,79,82,71,46,51
67,50,76,25,99,75,75,99,3,0,99,12,55,30,79,12,0,57,25,25,25,99,75,0,0,0,0,0,0,3,28,99,4,0,95,50,76,25,99,75,75,99,0,99,0,15,59,28,44,22,0,53,25,25,25,99,75,0,0,0,0,0,0,59,28,99,8,0,95,50,76,25,99,75,75,99,39,0,99,12,59,0,28,4,45,57,25,25,25,99,75,0,0,0,0,0,0,19,0,99,0,0,94,67,95,60,50,50,50,50,4,2,15,33,0,86,40,36,71,65,77,69,76,65,78,32,49,32
75,70,73,99,99,82,0,58,15,0,0,0,58,0,99,3,99,75,21,15,43,99,88,0,0,44,0,54,0,108,4,71,10,0,75,23,7,25,99,88,0,0,0,0,13,0,91,8,99,2,0,75,22,13,59,99,91,0,0,0,0,0,0,58,12,99,2,0,90,85,22,56,99,75,0,0,32,8,53,3,95,12,96,28,2,73,33,9,51,99,0,0,0,39,0,5,12,9,8,99,2,0,99,99,99,99,50,50,50,50,11,15,35,0,0,0,1,24,69,76,69,67,32,71,82,65,78,68
72,76,49,56,99,92,0,0,0,0,0,0,96,8,75,16,0,76,73,48,55,99,92,0,0,0,0,0,0,40,8,71,4,0,49,74,10,32,98,98,98,0,41,56,0,2,72,8,72,4,0,51,15,10,47,99,92,92,0,56,91,0,3,112,4,99,4,0,49,74,10,32,98,98,98,0,41,56,0,2,72,0,72,4,34,51,15,10,47,99,92,92,0,56,91,0,3,112,8,99,4,33,98,98,98,98,53,49,50,50,4,15,38,35,15,0,16,12,70,76,85,84,69,52,84,72,83,32
99,48,0,93,99,51,0,0,0,0,0,0,80,4,72,2,0,99,40,99,97,99,0,0,0,39,75,0,3,64,8,95,2,0,99,40,99,97,99,0,0,0,39,75,0,3,64,8,95,2,0,99,40,99,97,99,0,0,0,39,75,0,3,64,8,94,2,0,99,44,30,60,99,50,0,0,0,0,0,0,112,0,99,2,0,99,77,99,64,99,0,0,0,0,0,0,0,0,8,99,2,0,98,98,98,98,50,50,50,50,21,14,38,0,0,0,56,12,77,85,84,69,71,85,73,84,32,50
68,76,99,99,99,0,0,51,15,0,0,4,56,11,75,23,83,99,72,98,99,99,0,0,51,15,0,23,4,56,19,91,8,0,99,39,31,40,99,0,0,2,84,14,99,1,58,22,81,2,0,93,37,99,55,99,58,0,0,15,0,0,4,65,4,99,2,0,99,64,26,20,99,0,0,61,99,0,0,5,58,19,99,6,0,94,42,0,56,99,92,0,0,15,0,0,4,50,0,99,2,0,57,99,99,99,50,50,50,50,13,15,27,0,31,0,25,36,80,108,117,107,46,65,110,103,101,108
99,99,99,99,99,99,99,0,0,0,0,0,56,0,99,13,6,99,99,99,99,99,99,99,0,0,0,0,0,48,3,53,27,17,99,99,99,99,99,99,99,0,0,0,0,0,56,3,53,3,93,99,99,99,99,99,99,99,0,0,0,0,0,96,3,0,3,67,65,99,99,65,99,99,99,0,0,0,0,0,48,3,94,5,68,65,99,99,65,99,99,99,0,0,0,0,0,0,3,99,5,79,99,99,99,99,50,50,50,50,22,11,7,0,0,99,7,24,66,117,122,121,83,105,103,110,97,108
99,99,99,0,89,85,89,0,0,0,0,0,62,1,99,2,0,99,99,99,0,93,85,86,0,57,3,1,0,56,0,99,4,0,99,99,32,43,91,64,89,0,0,0,2,0,56,4,99,2,0,99,99,99,0,91,87,84,0,57,3,55,0,56,0,99,2,0,99,99,99,0,90,83,85,0,31,3,46,0,56,0,99,2,0,99,99,32,43,91,86,88,0,0,0,5,0,56,7,99,0,1,99,99,99,99,50,50,50,50,3,5,35,0,0,0,113,12,65,70,84,32,71,82,85,78,71,69
82,80,37,99,99,81,0,0,0,0,0,0,62,0,81,6,1,99,53,29,29,99,90,0,0,0,0,0,0,62,0,99,2,0,99,74,17,99,99,76,0,99,10,0,0,4,60,0,57,4,1,99,55,30,50,99,92,0,0,0,0,0,0,61,0,64,2,0,68,67,20,99,99,0,0,0,0,0,0,0,60,0,99,18,26,99,53,58,34,99,92,0,0,0,0,0,0,61,0,82,2,0,89,99,98,98,49,50,50,50,4,15,30,40,36,15,33,36,75,65,82,73,77,66,65,32,32,32
80,69,51,55,96,76,0,0,0,0,0,0,59,28,88,6,84,80,69,51,55,96,76,0,0,0,0,0,0,59,20,86,10,0,80,69,51,55,96,76,0,0,33,0,99,0,59,28,90,18,0,76,39,28,54,99,89,0,0,35,0,99,0,57,12,89,0,0,86,51,35,54,99,75,0,0,45,99,0,0,57,0,55,22,2,77,30,19,76,99,89,0,0,46,0,0,3,61,0,99,2,0,94,67,95,60,50,50,50,50,16,15,35,33,0,0,24,24,69,66,97,115,115,66,101,108,108,32
99,64,98,61,99,67,52,0,46,0,0,12,88,11,99,2,53,65,38,0,61,99,0,0,0,53,0,43,0,56,3,63,4,0,61,25,25,60,99,99,97,0,60,10,10,0,59,3,55,4,0,53,38,75,61,88,44,24,0,46,0,0,3,32,3,76,2,0,99,97,62,54,99,99,90,0,0,0,0,0,92,15,75,2,0,54,67,70,78,99,98,98,0,41,0,0,0,40,11,99,2,0,94,93,95,60,55,50,50,50,15,5,30,29,8,40,32,24,74,65,90,90,70,76,85,84,69,0
99,77,55,0,78,78,0,0,41,0,0,0,56,0,99,14,0,99,42,0,0,82,48,0,0,54,0,46,0,56,0,93,0,0,90,71,0,82,82,48,0,0,54,0,0,0,56,0,91,6,2,99,29,50,46,99,80,0,0,0,0,0,0,56,8,99,2,0,99,36,46,50,99,80,0,0,54,0,46,0,56,0,82,20,0,99,33,50,46,99,80,0,0,0,0,0,0,59,28,99,0,0,94,67,95,60,50,50,50,50,6,13,21,0,0,0,33,24,66,69,65,77,69,82,32,57,32,32
22,17,27,8,99,99,0,0,44,30,0,0,2,4,88,25,65,75,55,24,22,99,94,0,0,15,0,13,0,73,12,86,8,0,37,17,27,40,99,94,0,0,0,0,0,0,114,8,99,2,0,82,30,15,17,99,83,0,0,34,0,6,0,58,12,96,2,0,82,25,20,33,99,85,0,0,59,0,0,0,60,4,99,2,0,51,25,19,36,99,82,0,0,0,0,0,0,3,8,99,0,99,98,98,98,98,48,50,50,50,25,8,33,41,25,0,24,24,78,73,67,69,32,83,84,82,71,83
99,20,20,28,99,99,99,0,39,0,12,0,56,0,90,2,1,40,71,21,28,99,99,0,0,0,0,0,0,56,0,99,1,35,72,20,20,28,99,99,99,0,39,0,12,0,56,0,88,2,2,42,71,21,28,99,99,0,0,0,0,0,0,56,0,99,1,20,99,20,20,28,99,99,99,0,39,0,12,0,56,0,88,2,0,37,71,21,28,99,99,0,0,0,0,0,0,56,0,99,1,0,99,99,99,99,50,50,50,50,5,11,35,0,0,0,49,24,78,101,98,117,108,97,32,32,32,32
44,27,7,23,99,88,0,0,68,0,0,3,115,4,85,2,76,31,33,8,33,99,97,0,0,51,0,0,0,1,8,99,0,1,44,27,7,23,99,88,0,0,68,0,0,3,115,10,90,2,75,31,33,8,33,99,97,0,0,51,0,0,0,113,6,97,0,0,44,27,7,23,99,88,0,0,68,0,0,3,75,10,88,2,78,31,33,8,33,99,97,0,0,51,0,0,0,1,6,99,0,3,99,32,39,0,52,49,50,50,5,4,34,0,13,0,32,36,42,80,80,71,42,86,111,108,46,53
59,247
240,67,0,9,32,0
99,34,63,48,57,99,99,0,39,99,99,7,56,0,5,2,0,68,53,99,18,99,96,99,0,51,82,68,10,56,0,85,2,0,81,54,99,18,99,96,99,0,51,82,68,10,80,0,69,2,0,99,33,63,48,58,99,99,0,39,0,75,7,32,0,99,2,0,75,54,99,18,99,96,99,0,51,82,68,10,56,0,64,2,0,99,34,63,42,57,99,99,0,39,0,0,7,56,0,99,2,0,99,84,99,99,54,50,50,50,0,10,26,49,8,0,33,12,83,108,111,119,46,67,101,108,108,111
53,64,32,19,70,89,90,0,39,0,6,0,6,3,44,7,46,90,88,35,31,97,92,84,0,70,9,0,0,51,3,67,2,5,96,50,32,25,91,94,95,0,0,0,0,0,81,0,74,1,43,38,45,35,44,94,97,99,0,68,12,99,0,1,0,72,1,76,98,60,67,30,82,85,90,0,29,2,12,0,59,9,87,2,2,35,25,25,39,84,89,99,0,0,0,0,0,58,3,91,1,33,98,97,98,98,50,50,50,50,15,7,36,20,15,0,40,24,42,66,67,119,104,105,115,112,101,114
15,6,10,0,99,0,70,0,46,0,10,0,58,16,70,10,0,80,31,7,0,99,64,62,0,51,0,41,4,56,4,90,0,1,85,2,10,55,99,72,70,0,56,0,10,0,59,12,99,17,17,80,8,16,41,99,80,82,46,56,10,23,0,32,16,65,26,0,80,11,7,24,99,77,70,46,41,92,10,2,84,8,92,0,0,90,50,3,50,99,80,70,0,50,0,0,3,59,0,99,1,3,98,98,94,62,55,50,50,50,2,10,46,17,4,0,56,24,45,32,75,108,117,110,107,32,45,32
31,32,26,17,99,88,88,0,0,0,0,4,57,0,85,12,0,78,37,3,35,56,80,80,0,39,0,0,6,91,0,99,8,0,40,40,21,35,78,91,91,0,39,0,0,6,59,0,86,2,0,98,37,3,35,99,99,99,0,39,0,0,6,99,0,99,1,30,57,37,3,35,99,80,81,0,39,0,0,6,114,0,99,4,0,53,37,3,35,99,81,81,0,39,0,0,6,34,0,99,6,0,98,98,98,98,50,50,50,50,28,13,35,0,29,0,40,12,83,89,78,46,32,86,79,88,32,50
99,59,25,60,99,49,0,0,39,99,15,6,91,8,99,6,53,99,72,25,60,99,49,0,0,36,99,10,6,59,16,99,14,10,99,56,25,60,99,36,0,0,48,8,10,6,59,12,89,5,98,53,38,75,36,88,44,24,0,0,0,0,0,40,17,78,8,0,99,97,70,28,99,97,90,0,0,0,0,0,92,10,74,4,0,61,67,70,47,93,89,98,0,0,0,0,0,40,8,99,2,0,99,99,99,99,50,50,50,50,17,7,32,23,8,13,56,12,83,76,69,68,71,69,32,70,76,84
83,75,58,22,99,90,90,0,32,1,0,0,33,16,81,34,0,82,32,31,21,99,86,76,0,37,1,0,0,33,16,59,14,0,89,99,56,31,99,99,99,0,0,0,2,0,41,4,83,0,0,82,42,22,45,99,90,0,0,0,0,7,0,41,8,99,2,0,78,71,42,29,99,82,75,47,12,0,0,0,81,20,65,34,0,86,38,34,45,99,90,0,0,0,0,0,0,81,8,99,2,0,99,99,99,66,51,50,50,50,7,13,99,3,30,0,18,24,83,97,109,112,108,80,108,117,99,107
79,82,21,99,88,0,0,32,41,0,0,0,115,0,84,10,99,96,26,25,32,99,75,0,0,0,0,0,4,3,0,99,2,0,95,84,21,99,99,0,0,69,0,0,0,0,59,0,99,4,99,96,25,25,35,99,75,0,0,0,0,0,4,59,0,90,4,0,18,42,35,78,99,99,99,0,0,0,0,0,59,0,93,2,0,96,26,25,28,99,75,0,0,0,0,0,4,115,0,99,2,0,94,0,95,61,50,50,50,50,4,4,50,33,0,0,72,24,70,97,110,116,97,115,121,46,49,32
53,87,20,99,85,68,0,53,32,0,21,0,60,4,98,8,0,99,39,55,99,96,99,99,54,32,0,0,0,60,8,74,0,0,95,28,28,48,99,90,0,51,32,0,0,0,60,0,14,0,0,98,87,20,99,87,86,0,52,32,0,21,0,60,0,75,8,50,95,89,20,99,89,71,71,51,32,0,0,0,60,0,60,6,99,79,75,53,77,99,88,0,0,32,0,0,0,60,0,99,2,0,98,98,98,98,49,51,50,50,16,15,77,30,0,0,54,24,60,69,32,71,117,105,116,32,51,62
38,32,24,35,99,96,92,0,54,0,0,0,51,4,75,22,0,38,32,24,33,99,96,92,0,54,0,0,0,57,8,59,14,0,58,32,24,33,99,96,92,0,54,0,0,0,43,8,99,2,0,99,34,20,35,99,92,84,0,0,0,0,0,2,0,61,8,0,99,47,0,35,99,93,87,0,54,0,0,0,9,8,90,4,0,91,34,20,35,99,92,84,0,0,0,0,0,2,4,99,1,28,94,68,95,60,50,50,50,50,2,7,27,33,17,71,40,24,74,101,115,115,105,101,39,115,32,71
38,39,32,34,99,98,71,0,46,0,0,12,56,0,45,20,0,99,39,32,56,99,98,68,0,39,0,0,15,56,0,86,4,1,80,39,32,42,99,98,99,0,39,0,0,15,24,0,99,4,1,46,39,32,50,99,98,62,0,39,0,0,15,56,0,87,8,1,86,39,32,43,99,99,73,0,51,0,0,15,0,0,66,4,0,63,39,32,43,99,98,71,0,51,0,0,15,56,0,99,4,0,84,95,95,60,50,50,50,50,3,6,60,0,11,0,24,12,37,69,78,83,69,77,66,76,69,52
66,56,36,57,99,80,37,0,0,0,3,0,68,20,89,16,0,50,62,26,41,99,79,42,0,0,0,7,0,35,20,68,20,35,63,50,27,35,97,93,83,0,0,0,6,0,34,8,95,2,0,78,30,21,48,99,87,0,0,53,0,0,3,75,8,99,2,0,99,99,34,39,31,99,36,96,0,0,3,0,56,6,83,36,0,99,33,22,43,99,93,0,0,53,0,0,12,56,13,82,8,0,79,70,80,99,50,49,50,50,8,15,19,4,0,84,19,24,83,77,80,76,46,69,75,79,66,76
19,12,71,39,99,0,32,0,0,0,0,0,56,0,98,0,0,69,11,71,38,99,0,32,0,0,0,0,0,56,0,99,0,0,98,12,71,39,99,0,32,0,0,0,0,0,42,0,75,4,75,95,33,71,38,99,0,32,0,0,0,0,0,18,0,99,2,0,98,12,71,35,99,0,32,0,0,0,0,0,82,0,78,4,75,95,33,71,38,99,0,32,0,0,0,0,0,74,0,95,2,0,67,95,95,60,50,50,50,50,4,4,35,0,0,0,104,48,88,77,65,83,32,66,69,76,76,83
99,73,48,17,99,99,99,0,0,0,0,0,64,0,87,22,2,36,21,36,62,99,90,85,0,0,0,0,0,48,0,66,2,1,73,19,41,11,48,58,20,9,0,0,0,0,80,0,99,2,2,33,20,53,39,99,94,97,0,0,0,0,0,112,3,99,2,1,61,30,53,23,69,75,75,51,0,0,0,0,56,3,99,2,2,35,20,53,40,99,85,85,0,0,0,0,0,0,3,99,2,0,18,25,14,3,0,47,50,18,1,7,34,31,99,11,36,48,71,108,105,115,115,97,110,100,111,32
96,89,26,50,99,0,0,0,15,0,0,4,64,0,84,12,0,99,56,26,46,99,0,0,0,44,0,99,4,56,12,83,10,0,99,34,26,43,99,0,0,0,45,0,35,1,56,28,87,4,0,83,30,0,50,99,0,0,0,15,0,28,4,96,24,99,2,0,99,56,26,75,99,0,0,0,99,9,0,5,58,16,78,6,0,83,31,0,43,99,0,0,0,62,99,45,6,56,0,78,0,0,75,36,98,98,52,50,50,50,13,15,27,0,1,0,48,24,83,89,78,45,77,65,76,76,69,84
69,31,10,11,99,95,88,79,70,0,0,3,25,0,95,46,0,77,59,20,19,99,83,71,69,18,0,5,0,1,8,53,52,7,70,56,20,16,99,92,87,92,56,2,0,0,57,4,80,16,0,73,26,18,37,99,94,65,0,0,0,3,0,57,8,99,8,0,77,18,4,0,99,92,64,89,53,23,99,3,118,0,82,34,78,71,66,40,41,99,86,0,0,17,0,1,0,42,12,88,2,0,41,44,12,43,50,50,50,50,8,5,13,3,37,0,16,0,73,99,101,32,67,117,98,101,32,66
69,73,0,67,99,86,0,68,32,0,21,0,59,8,82,40,0,72,66,58,66,99,96,0,99,32,0,0,0,43,16,74,8,0,70,67,28,60,99,90,0,99,32,0,0,0,59,12,81,6,0,67,87,0,64,87,86,0,92,32,0,21,0,59,28,85,14,50,62,10,2,56,99,93,0,0,32,0,0,0,51,20,82,0,0,71,34,28,60,99,90,0,0,32,0,0,0,35,28,99,4,0,0,0,0,0,51,50,50,50,17,14,40,0,0,0,57,24,70,117,110,107,67,108,97,118,46,52
42,56,20,70,99,0,72,0,0,0,0,0,63,20,85,55,21,48,12,22,50,99,61,61,0,0,0,0,0,53,4,89,6,0,66,76,22,50,99,61,61,0,63,0,0,0,61,4,74,2,0,58,12,22,50,99,95,95,0,69,5,43,0,58,8,86,2,0,99,12,22,50,85,0,78,0,68,0,96,4,2,8,59,4,0,80,24,19,71,99,95,79,0,0,0,0,0,34,4,99,2,0,56,67,95,60,50,50,50,48,17,15,43,45,8,0,32,24,66,82,65,83,83,32,32,49,50,32
99,89,25,30,99,75,0,0,55,0,0,0,59,20,80,20,0,95,25,25,30,99,75,0,0,55,0,0,0,115,16,99,2,0,95,25,25,61,99,75,0,0,55,0,0,0,3,0,99,2,1,95,28,27,58,99,90,0,0,46,0,0,3,90,28,79,10,0,88,92,70,55,99,67,91,90,44,0,41,0,76,16,90,2,0,88,28,27,61,99,90,0,0,0,0,0,0,58,4,99,2,0,94,67,95,60,50,50,50,50,18,14,27,31,0,13,40,24,80,73,45,51,46,49,52,82,48,68
44,9,40,34,99,95,95,0,0,0,0,0,74,0,74,10,0,44,9,40,34,99,95,95,0,0,0,0,0,58,0,64,2,0,44,9,40,34,99,95,95,0,0,0,0,0,42,0,75,2,0,26,37,60,87,99,94,94,0,54,0,0,0,113,0,99,0,0,44,9,40,34,99,95,95,0,0,0,0,0,2,0,81,2,0,28,37,60,80,99,94,94,0,54,0,0,0,1,0,99,0,0,94,67,95,60,50,50,50,50,1,15,32,33,34,0,24,24,66,97,99,107,83,117,105,114,32,49
99,43,36,33,99,80,65,0,0,0,0,0,99,0,99,32,8,71,24,16,34,99,70,70,0,0,0,0,0,83,0,99,8,2,71,24,16,39,99,70,70,0,0,0,0,0,59,0,99,18,0,64,40,23,38,99,97,94,0,0,0,0,0,115,0,99,2,0,51,26,9,32,94,99,93,0,24,0,0,0,99,0,99,4,0,99,41,35,28,99,94,0,0,0,0,0,0,58,0,99,0,0,99,99,99,99,51,50,50,50,31,15,99,0,12,99,27,24,77,117,122,97,107,66,97,99,104,115
89,54,16,31,99,45,0,0,0,0,17,0,8,0,99,22,0,86,27,16,40,90,99,95,0,0,0,0,0,112,0,65,0,0,99,27,16,39,90,99,94,0,0,0,0,0,56,0,66,6,0,99,40,23,42,99,97,94,0,0,0,0,0,56,0,99,2,0,81,10,9,36,93,99,94,0,24,0,5,0,112,4,89,0,0,65,99,99,41,99,99,99,0,0,0,0,0,104,0,99,0,0,99,99,99,99,50,50,50,50,8,14,23,0,11,0,33,36,79,82,71,85,66,82,65,83,83,32
99,66,0,0,99,99,99,99,63,0,50,3,56,0,78,2,0,99,66,0,0,99,99,99,99,39,0,0,3,56,0,78,0,0,60,28,60,45,99,0,0,0,0,0,0,12,56,0,99,0,0,99,66,50,50,99,99,99,99,51,0,50,3,56,0,99,2,0,99,66,50,50,99,99,99,99,39,0,0,3,56,0,90,0,0,60,28,60,50,99,0,0,0,0,0,0,12,56,8,99,0,0,64,50,99,75,49,50,50,50,3,8,35,0,0,0,1,24,84,73,77,66,82,69,32,32,48,49
73,59,21,17,99,81,96,0,0,0,17,0,8,8,80,2,0,83,58,20,20,99,83,95,0,0,0,0,0,112,8,80,2,0,52,44,43,20,90,71,33,0,0,0,0,0,8,8,73,48,0,95,11,0,38,98,86,94,0,61,0,77,0,56,8,92,0,0,23,17,0,20,94,97,97,0,24,0,5,0,114,8,87,0,0,70,99,99,33,99,99,99,0,62,0,56,0,104,8,99,2,0,99,99,99,99,50,50,50,50,8,6,23,0,11,0,33,24,71,97,108,97,120,121,32,32,32,32
33,35,25,99,99,0,99,0,60,45,0,0,56,0,81,6,0,26,35,15,38,99,0,99,0,0,0,0,0,56,12,72,20,20,33,35,25,99,99,0,99,0,60,45,0,0,56,16,76,6,0,29,35,22,38,99,0,99,0,0,0,0,0,56,20,67,6,0,78,98,25,22,99,99,0,0,0,0,0,0,56,6,76,0,0,93,29,18,39,99,0,99,0,0,0,0,0,56,8,99,2,0,99,99,99,99,50,50,50,50,15,15,35,0,0,0,33,24,84,97,109,98,111,117,114,97,32,52
99,84,75,0,99,78,0,0,23,87,91,10,56,8,99,6,0,99,64,57,52,99,96,0,0,15,85,79,5,56,8,92,6,10,99,76,67,0,99,3,0,0,0,5,68,10,56,16,99,6,10,95,33,49,40,99,92,0,0,0,40,38,10,59,4,99,0,0,99,73,0,0,99,69,0,0,62,0,36,0,56,8,99,2,0,95,41,49,44,99,92,0,0,0,0,0,0,59,0,99,0,0,94,68,95,60,50,50,50,50,6,8,35,0,0,0,49,36,77,101,116,97,108,88,121,108,111,32
75,76,10,32,99,92,91,0,0,0,0,0,80,0,82,2,0,73,73,10,55,99,94,94,0,0,0,0,0,72,0,78,4,0,66,74,10,45,98,98,98,0,98,0,0,0,48,0,69,4,0,65,15,10,53,99,99,0,0,0,0,0,0,96,0,99,4,0,68,48,32,61,99,92,90,0,6,0,2,0,8,0,84,2,0,82,56,10,52,98,98,36,0,98,0,0,0,57,0,99,2,0,84,95,95,60,50,50,50,50,28,15,34,0,5,0,56,12,74,65,78,69,32,32,32,32,32,32
94,57,24,55,93,28,0,0,0,0,0,0,113,28,75,14,0,99,0,0,0,99,0,0,0,52,57,0,0,7,0,75,0,0,90,43,7,55,90,30,0,0,0,0,0,0,117,0,99,14,0,88,96,32,30,79,65,0,0,0,0,0,0,6,28,99,0,0,99,21,0,0,99,0,0,0,41,0,0,0,7,0,80,0,0,95,63,17,58,99,95,32,0,36,57,14,3,63,0,99,0,0,94,67,95,60,50,50,50,50,16,8,35,0,0,0,48,24,66,97,115,115,46,83,116,97,110,107
99,77,55,0,78,78,0,0,41,0,0,0,56,4,87,14,0,99,64,0,8,82,48,0,0,54,0,46,0,56,8,55,14,0,90,57,0,33,82,48,0,0,54,0,0,0,56,12,91,16,0,99,31,50,38,99,80,0,0,0,0,0,0,27,28,99,2,0,99,33,46,50,99,80,0,0,54,0,46,0,60,24,60,10,0,99,33,50,36,99,80,0,0,0,0,0,0,83,28,99,2,0,94,67,95,60,50,50,50,50,6,15,35,0,0,0,7,36,67,69,76,69,83,84,69,32,32,32
99,56,20,26,99,0,0,0,0,0,0,0,63,3,99,14,21,99,12,22,25,99,61,61,0,0,0,0,0,29,3,50,12,4,99,76,22,25,99,65,65,0,63,0,0,0,85,3,74,2,0,99,12,22,25,99,95,95,0,0,0,0,0,53,3,81,2,0,99,99,99,30,99,99,99,0,28,0,99,0,114,0,57,2,0,99,24,19,41,99,95,95,0,0,0,0,0,58,3,99,2,0,86,67,95,60,50,50,50,50,17,15,36,0,99,99,18,12,84,69,67,72,32,80,85,76,83,69
75,21,10,99,99,88,0,99,15,0,10,3,119,20,46,42,3,75,22,23,72,99,88,0,99,33,0,26,3,117,16,81,10,0,75,99,7,46,99,88,0,0,17,0,8,3,99,8,89,2,0,75,22,8,45,99,91,0,0,50,0,0,3,55,8,99,2,0,99,85,36,67,99,75,30,0,32,8,4,3,88,20,99,24,20,74,33,15,49,99,0,0,0,39,99,0,3,15,8,99,2,0,99,99,99,60,50,51,50,50,11,14,35,0,0,0,0,12,70,109,80,105,97,110,111,46,48,51
70,79,98,61,99,67,52,0,36,0,0,12,0,8,77,8,19,58,28,0,61,99,0,0,0,44,0,43,0,56,0,51,4,0,41,25,25,60,99,99,97,0,63,10,10,0,4,0,70,4,0,34,58,75,61,88,44,24,0,37,0,0,3,112,0,62,4,10,53,53,62,54,99,60,0,0,3,0,0,0,76,8,70,8,4,88,71,66,65,82,75,95,0,37,0,0,0,48,8,93,2,0,94,67,94,60,50,50,50,50,16,12,30,23,0,0,1,36,67,72,73,70,32,70,76,85,84,69
98,3,26,27,98,0,0,0,41,0,24,0,60,4,73,0,56,99,51,26,19,99,99,0,0,80,0,0,7,56,4,73,0,0,73,31,17,30,99,75,0,0,41,0,15,3,59,24,87,2,99,99,77,26,23,99,72,0,0,0,0,0,4,35,0,85,0,37,99,76,27,23,99,72,27,0,41,0,0,4,84,4,80,4,0,91,37,98,33,99,95,0,0,0,0,0,0,59,28,99,2,0,98,98,75,61,50,51,50,50,15,15,2,0,8,0,32,48,84,111,112,110,84,101,116,114,103,108
9,247
NoIndex: true
